solid VAWT1.stl
facet normal -0.000346 0.000824 0.000000
  outer loop
    vertex -2.000000 -0.240000 0.050000
    vertex -1.991758 -0.236538 0.050000
    vertex -1.991758 -0.236538 -0.050000
  endloop
endfacet
facet normal -0.000346 0.000824 0.000000
  outer loop
    vertex -2.000000 -0.240000 0.050000
    vertex -1.991758 -0.236538 -0.050000
    vertex -2.000000 -0.240000 -0.050000
  endloop
endfacet
facet normal -0.000269 0.000506 0.000000
  outer loop
    vertex -1.991758 -0.236538 0.050000
    vertex -1.986699 -0.233847 0.050000
    vertex -1.986699 -0.233847 -0.050000
  endloop
endfacet
facet normal -0.000269 0.000506 0.000000
  outer loop
    vertex -1.991758 -0.236538 0.050000
    vertex -1.986699 -0.233847 -0.050000
    vertex -1.991758 -0.236538 -0.050000
  endloop
endfacet
facet normal -0.000202 0.000226 0.000000
  outer loop
    vertex -1.986699 -0.233847 0.050000
    vertex -1.984441 -0.231828 0.050000
    vertex -1.984441 -0.231828 -0.050000
  endloop
endfacet
facet normal -0.000202 0.000226 0.000000
  outer loop
    vertex -1.986699 -0.233847 0.050000
    vertex -1.984441 -0.231828 -0.050000
    vertex -1.986699 -0.233847 -0.050000
  endloop
endfacet
facet normal -0.000192 0.000169 0.000000
  outer loop
    vertex -1.984441 -0.231828 0.050000
    vertex -1.982752 -0.229905 0.050000
    vertex -1.982752 -0.229905 -0.050000
  endloop
endfacet
facet normal -0.000192 0.000169 0.000000
  outer loop
    vertex -1.984441 -0.231828 0.050000
    vertex -1.982752 -0.229905 -0.050000
    vertex -1.984441 -0.231828 -0.050000
  endloop
endfacet
facet normal -0.000192 0.000149 0.000000
  outer loop
    vertex -1.982752 -0.229905 0.050000
    vertex -1.981266 -0.227981 0.050000
    vertex -1.981266 -0.227981 -0.050000
  endloop
endfacet
facet normal -0.000192 0.000149 0.000000
  outer loop
    vertex -1.982752 -0.229905 0.050000
    vertex -1.981266 -0.227981 -0.050000
    vertex -1.982752 -0.229905 -0.050000
  endloop
endfacet
facet normal -0.000192 0.000133 0.000000
  outer loop
    vertex -1.981266 -0.227981 0.050000
    vertex -1.979935 -0.226057 0.050000
    vertex -1.979935 -0.226057 -0.050000
  endloop
endfacet
facet normal -0.000192 0.000133 0.000000
  outer loop
    vertex -1.981266 -0.227981 0.050000
    vertex -1.979935 -0.226057 -0.050000
    vertex -1.981266 -0.227981 -0.050000
  endloop
endfacet
facet normal -0.000192 0.000122 0.000000
  outer loop
    vertex -1.979935 -0.226057 0.050000
    vertex -1.978711 -0.224133 0.050000
    vertex -1.978711 -0.224133 -0.050000
  endloop
endfacet
facet normal -0.000192 0.000122 0.000000
  outer loop
    vertex -1.979935 -0.226057 0.050000
    vertex -1.978711 -0.224133 -0.050000
    vertex -1.979935 -0.226057 -0.050000
  endloop
endfacet
facet normal -0.000192 0.000112 0.000000
  outer loop
    vertex -1.978711 -0.224133 0.050000
    vertex -1.977589 -0.222209 0.050000
    vertex -1.977589 -0.222209 -0.050000
  endloop
endfacet
facet normal -0.000192 0.000112 0.000000
  outer loop
    vertex -1.978711 -0.224133 0.050000
    vertex -1.977589 -0.222209 -0.050000
    vertex -1.978711 -0.224133 -0.050000
  endloop
endfacet
facet normal -0.000192 0.000105 0.000000
  outer loop
    vertex -1.977589 -0.222209 0.050000
    vertex -1.976542 -0.220285 0.050000
    vertex -1.976542 -0.220285 -0.050000
  endloop
endfacet
facet normal -0.000192 0.000105 0.000000
  outer loop
    vertex -1.977589 -0.222209 0.050000
    vertex -1.976542 -0.220285 -0.050000
    vertex -1.977589 -0.222209 -0.050000
  endloop
endfacet
facet normal -0.000192 0.000098 0.000000
  outer loop
    vertex -1.976542 -0.220285 0.050000
    vertex -1.975564 -0.218362 0.050000
    vertex -1.975564 -0.218362 -0.050000
  endloop
endfacet
facet normal -0.000192 0.000098 0.000000
  outer loop
    vertex -1.976542 -0.220285 0.050000
    vertex -1.975564 -0.218362 -0.050000
    vertex -1.976542 -0.220285 -0.050000
  endloop
endfacet
facet normal -0.000192 0.000092 0.000000
  outer loop
    vertex -1.975564 -0.218362 0.050000
    vertex -1.974647 -0.216438 0.050000
    vertex -1.974647 -0.216438 -0.050000
  endloop
endfacet
facet normal -0.000192 0.000092 0.000000
  outer loop
    vertex -1.975564 -0.218362 0.050000
    vertex -1.974647 -0.216438 -0.050000
    vertex -1.975564 -0.218362 -0.050000
  endloop
endfacet
facet normal -0.000192 0.000087 0.000000
  outer loop
    vertex -1.974647 -0.216438 0.050000
    vertex -1.973781 -0.214514 0.050000
    vertex -1.973781 -0.214514 -0.050000
  endloop
endfacet
facet normal -0.000192 0.000087 0.000000
  outer loop
    vertex -1.974647 -0.216438 0.050000
    vertex -1.973781 -0.214514 -0.050000
    vertex -1.974647 -0.216438 -0.050000
  endloop
endfacet
facet normal -0.000192 0.000082 0.000000
  outer loop
    vertex -1.973781 -0.214514 0.050000
    vertex -1.972965 -0.212590 0.050000
    vertex -1.972965 -0.212590 -0.050000
  endloop
endfacet
facet normal -0.000192 0.000082 0.000000
  outer loop
    vertex -1.973781 -0.214514 0.050000
    vertex -1.972965 -0.212590 -0.050000
    vertex -1.973781 -0.214514 -0.050000
  endloop
endfacet
facet normal -0.000192 0.000078 0.000000
  outer loop
    vertex -1.972965 -0.212590 0.050000
    vertex -1.972189 -0.210666 0.050000
    vertex -1.972189 -0.210666 -0.050000
  endloop
endfacet
facet normal -0.000192 0.000078 0.000000
  outer loop
    vertex -1.972965 -0.212590 0.050000
    vertex -1.972189 -0.210666 -0.050000
    vertex -1.972965 -0.212590 -0.050000
  endloop
endfacet
facet normal -0.000192 0.000074 0.000000
  outer loop
    vertex -1.972189 -0.210666 0.050000
    vertex -1.971453 -0.208742 0.050000
    vertex -1.971453 -0.208742 -0.050000
  endloop
endfacet
facet normal -0.000192 0.000074 0.000000
  outer loop
    vertex -1.972189 -0.210666 0.050000
    vertex -1.971453 -0.208742 -0.050000
    vertex -1.972189 -0.210666 -0.050000
  endloop
endfacet
facet normal -0.000192 0.000070 0.000000
  outer loop
    vertex -1.971453 -0.208742 0.050000
    vertex -1.970752 -0.206818 0.050000
    vertex -1.970752 -0.206818 -0.050000
  endloop
endfacet
facet normal -0.000192 0.000070 0.000000
  outer loop
    vertex -1.971453 -0.208742 0.050000
    vertex -1.970752 -0.206818 -0.050000
    vertex -1.971453 -0.208742 -0.050000
  endloop
endfacet
facet normal -0.000192 0.000067 0.000000
  outer loop
    vertex -1.970752 -0.206818 0.050000
    vertex -1.970083 -0.204895 0.050000
    vertex -1.970083 -0.204895 -0.050000
  endloop
endfacet
facet normal -0.000192 0.000067 0.000000
  outer loop
    vertex -1.970752 -0.206818 0.050000
    vertex -1.970083 -0.204895 -0.050000
    vertex -1.970752 -0.206818 -0.050000
  endloop
endfacet
facet normal -0.000192 0.000064 0.000000
  outer loop
    vertex -1.970083 -0.204895 0.050000
    vertex -1.969446 -0.202971 0.050000
    vertex -1.969446 -0.202971 -0.050000
  endloop
endfacet
facet normal -0.000192 0.000064 0.000000
  outer loop
    vertex -1.970083 -0.204895 0.050000
    vertex -1.969446 -0.202971 -0.050000
    vertex -1.970083 -0.204895 -0.050000
  endloop
endfacet
facet normal -0.000192 0.000061 0.000000
  outer loop
    vertex -1.969446 -0.202971 0.050000
    vertex -1.968836 -0.201047 0.050000
    vertex -1.968836 -0.201047 -0.050000
  endloop
endfacet
facet normal -0.000192 0.000061 0.000000
  outer loop
    vertex -1.969446 -0.202971 0.050000
    vertex -1.968836 -0.201047 -0.050000
    vertex -1.969446 -0.202971 -0.050000
  endloop
endfacet
facet normal -0.000192 0.000058 0.000000
  outer loop
    vertex -1.968836 -0.201047 0.050000
    vertex -1.968253 -0.199123 0.050000
    vertex -1.968253 -0.199123 -0.050000
  endloop
endfacet
facet normal -0.000192 0.000058 0.000000
  outer loop
    vertex -1.968836 -0.201047 0.050000
    vertex -1.968253 -0.199123 -0.050000
    vertex -1.968836 -0.201047 -0.050000
  endloop
endfacet
facet normal -0.000192 0.000056 0.000000
  outer loop
    vertex -1.968253 -0.199123 0.050000
    vertex -1.967695 -0.197199 0.050000
    vertex -1.967695 -0.197199 -0.050000
  endloop
endfacet
facet normal -0.000192 0.000056 0.000000
  outer loop
    vertex -1.968253 -0.199123 0.050000
    vertex -1.967695 -0.197199 -0.050000
    vertex -1.968253 -0.199123 -0.050000
  endloop
endfacet
facet normal -0.000192 0.000054 0.000000
  outer loop
    vertex -1.967695 -0.197199 0.050000
    vertex -1.967160 -0.195275 0.050000
    vertex -1.967160 -0.195275 -0.050000
  endloop
endfacet
facet normal -0.000192 0.000054 0.000000
  outer loop
    vertex -1.967695 -0.197199 0.050000
    vertex -1.967160 -0.195275 -0.050000
    vertex -1.967695 -0.197199 -0.050000
  endloop
endfacet
facet normal -0.000192 0.000051 0.000000
  outer loop
    vertex -1.967160 -0.195275 0.050000
    vertex -1.966648 -0.193352 0.050000
    vertex -1.966648 -0.193352 -0.050000
  endloop
endfacet
facet normal -0.000192 0.000051 0.000000
  outer loop
    vertex -1.967160 -0.195275 0.050000
    vertex -1.966648 -0.193352 -0.050000
    vertex -1.967160 -0.195275 -0.050000
  endloop
endfacet
facet normal -0.000192 0.000049 0.000000
  outer loop
    vertex -1.966648 -0.193352 0.050000
    vertex -1.966155 -0.191428 0.050000
    vertex -1.966155 -0.191428 -0.050000
  endloop
endfacet
facet normal -0.000192 0.000049 0.000000
  outer loop
    vertex -1.966648 -0.193352 0.050000
    vertex -1.966155 -0.191428 -0.050000
    vertex -1.966648 -0.193352 -0.050000
  endloop
endfacet
facet normal -0.000192 0.000047 0.000000
  outer loop
    vertex -1.966155 -0.191428 0.050000
    vertex -1.965683 -0.189504 0.050000
    vertex -1.965683 -0.189504 -0.050000
  endloop
endfacet
facet normal -0.000192 0.000047 0.000000
  outer loop
    vertex -1.966155 -0.191428 0.050000
    vertex -1.965683 -0.189504 -0.050000
    vertex -1.966155 -0.191428 -0.050000
  endloop
endfacet
facet normal -0.000192 0.000045 0.000000
  outer loop
    vertex -1.965683 -0.189504 0.050000
    vertex -1.965230 -0.187580 0.050000
    vertex -1.965230 -0.187580 -0.050000
  endloop
endfacet
facet normal -0.000192 0.000045 0.000000
  outer loop
    vertex -1.965683 -0.189504 0.050000
    vertex -1.965230 -0.187580 -0.050000
    vertex -1.965683 -0.189504 -0.050000
  endloop
endfacet
facet normal -0.000192 0.000044 0.000000
  outer loop
    vertex -1.965230 -0.187580 0.050000
    vertex -1.964795 -0.185656 0.050000
    vertex -1.964795 -0.185656 -0.050000
  endloop
endfacet
facet normal -0.000192 0.000044 0.000000
  outer loop
    vertex -1.965230 -0.187580 0.050000
    vertex -1.964795 -0.185656 -0.050000
    vertex -1.965230 -0.187580 -0.050000
  endloop
endfacet
facet normal -0.000192 0.000042 0.000000
  outer loop
    vertex -1.964795 -0.185656 0.050000
    vertex -1.964377 -0.183732 0.050000
    vertex -1.964377 -0.183732 -0.050000
  endloop
endfacet
facet normal -0.000192 0.000042 0.000000
  outer loop
    vertex -1.964795 -0.185656 0.050000
    vertex -1.964377 -0.183732 -0.050000
    vertex -1.964795 -0.185656 -0.050000
  endloop
endfacet
facet normal -0.000192 0.000040 0.000000
  outer loop
    vertex -1.964377 -0.183732 0.050000
    vertex -1.963976 -0.181808 0.050000
    vertex -1.963976 -0.181808 -0.050000
  endloop
endfacet
facet normal -0.000192 0.000040 0.000000
  outer loop
    vertex -1.964377 -0.183732 0.050000
    vertex -1.963976 -0.181808 -0.050000
    vertex -1.964377 -0.183732 -0.050000
  endloop
endfacet
facet normal -0.000192 0.000039 0.000000
  outer loop
    vertex -1.963976 -0.181808 0.050000
    vertex -1.963590 -0.179885 0.050000
    vertex -1.963590 -0.179885 -0.050000
  endloop
endfacet
facet normal -0.000192 0.000039 0.000000
  outer loop
    vertex -1.963976 -0.181808 0.050000
    vertex -1.963590 -0.179885 -0.050000
    vertex -1.963976 -0.181808 -0.050000
  endloop
endfacet
facet normal -0.000192 0.000037 0.000000
  outer loop
    vertex -1.963590 -0.179885 0.050000
    vertex -1.963220 -0.177961 0.050000
    vertex -1.963220 -0.177961 -0.050000
  endloop
endfacet
facet normal -0.000192 0.000037 0.000000
  outer loop
    vertex -1.963590 -0.179885 0.050000
    vertex -1.963220 -0.177961 -0.050000
    vertex -1.963590 -0.179885 -0.050000
  endloop
endfacet
facet normal -0.000192 0.000036 0.000000
  outer loop
    vertex -1.963220 -0.177961 0.050000
    vertex -1.962864 -0.176037 0.050000
    vertex -1.962864 -0.176037 -0.050000
  endloop
endfacet
facet normal -0.000192 0.000036 0.000000
  outer loop
    vertex -1.963220 -0.177961 0.050000
    vertex -1.962864 -0.176037 -0.050000
    vertex -1.963220 -0.177961 -0.050000
  endloop
endfacet
facet normal -0.000192 0.000034 0.000000
  outer loop
    vertex -1.962864 -0.176037 0.050000
    vertex -1.962522 -0.174113 0.050000
    vertex -1.962522 -0.174113 -0.050000
  endloop
endfacet
facet normal -0.000192 0.000034 0.000000
  outer loop
    vertex -1.962864 -0.176037 0.050000
    vertex -1.962522 -0.174113 -0.050000
    vertex -1.962864 -0.176037 -0.050000
  endloop
endfacet
facet normal -0.000192 0.000033 0.000000
  outer loop
    vertex -1.962522 -0.174113 0.050000
    vertex -1.962194 -0.172189 0.050000
    vertex -1.962194 -0.172189 -0.050000
  endloop
endfacet
facet normal -0.000192 0.000033 0.000000
  outer loop
    vertex -1.962522 -0.174113 0.050000
    vertex -1.962194 -0.172189 -0.050000
    vertex -1.962522 -0.174113 -0.050000
  endloop
endfacet
facet normal -0.000192 0.000031 0.000000
  outer loop
    vertex -1.962194 -0.172189 0.050000
    vertex -1.961879 -0.170265 0.050000
    vertex -1.961879 -0.170265 -0.050000
  endloop
endfacet
facet normal -0.000192 0.000031 0.000000
  outer loop
    vertex -1.962194 -0.172189 0.050000
    vertex -1.961879 -0.170265 -0.050000
    vertex -1.962194 -0.172189 -0.050000
  endloop
endfacet
facet normal -0.000192 0.000030 0.000000
  outer loop
    vertex -1.961879 -0.170265 0.050000
    vertex -1.961577 -0.168341 0.050000
    vertex -1.961577 -0.168341 -0.050000
  endloop
endfacet
facet normal -0.000192 0.000030 0.000000
  outer loop
    vertex -1.961879 -0.170265 0.050000
    vertex -1.961577 -0.168341 -0.050000
    vertex -1.961879 -0.170265 -0.050000
  endloop
endfacet
facet normal -0.000192 0.000029 0.000000
  outer loop
    vertex -1.961577 -0.168341 0.050000
    vertex -1.961287 -0.166418 0.050000
    vertex -1.961287 -0.166418 -0.050000
  endloop
endfacet
facet normal -0.000192 0.000029 0.000000
  outer loop
    vertex -1.961577 -0.168341 0.050000
    vertex -1.961287 -0.166418 -0.050000
    vertex -1.961577 -0.168341 -0.050000
  endloop
endfacet
facet normal -0.000192 0.000028 0.000000
  outer loop
    vertex -1.961287 -0.166418 0.050000
    vertex -1.961008 -0.164494 0.050000
    vertex -1.961008 -0.164494 -0.050000
  endloop
endfacet
facet normal -0.000192 0.000028 0.000000
  outer loop
    vertex -1.961287 -0.166418 0.050000
    vertex -1.961008 -0.164494 -0.050000
    vertex -1.961287 -0.166418 -0.050000
  endloop
endfacet
facet normal -0.000192 0.000027 0.000000
  outer loop
    vertex -1.961008 -0.164494 0.050000
    vertex -1.960742 -0.162570 0.050000
    vertex -1.960742 -0.162570 -0.050000
  endloop
endfacet
facet normal -0.000192 0.000027 0.000000
  outer loop
    vertex -1.961008 -0.164494 0.050000
    vertex -1.960742 -0.162570 -0.050000
    vertex -1.961008 -0.164494 -0.050000
  endloop
endfacet
facet normal -0.000192 0.000026 0.000000
  outer loop
    vertex -1.960742 -0.162570 0.050000
    vertex -1.960486 -0.160646 0.050000
    vertex -1.960486 -0.160646 -0.050000
  endloop
endfacet
facet normal -0.000192 0.000026 0.000000
  outer loop
    vertex -1.960742 -0.162570 0.050000
    vertex -1.960486 -0.160646 -0.050000
    vertex -1.960742 -0.162570 -0.050000
  endloop
endfacet
facet normal -0.000192 0.000024 0.000000
  outer loop
    vertex -1.960486 -0.160646 0.050000
    vertex -1.960241 -0.158722 0.050000
    vertex -1.960241 -0.158722 -0.050000
  endloop
endfacet
facet normal -0.000192 0.000024 0.000000
  outer loop
    vertex -1.960486 -0.160646 0.050000
    vertex -1.960241 -0.158722 -0.050000
    vertex -1.960486 -0.160646 -0.050000
  endloop
endfacet
facet normal -0.000192 0.000023 0.000000
  outer loop
    vertex -1.960241 -0.158722 0.050000
    vertex -1.960007 -0.156798 0.050000
    vertex -1.960007 -0.156798 -0.050000
  endloop
endfacet
facet normal -0.000192 0.000023 0.000000
  outer loop
    vertex -1.960241 -0.158722 0.050000
    vertex -1.960007 -0.156798 -0.050000
    vertex -1.960241 -0.158722 -0.050000
  endloop
endfacet
facet normal -0.000192 0.000022 0.000000
  outer loop
    vertex -1.960007 -0.156798 0.050000
    vertex -1.959783 -0.154875 0.050000
    vertex -1.959783 -0.154875 -0.050000
  endloop
endfacet
facet normal -0.000192 0.000022 0.000000
  outer loop
    vertex -1.960007 -0.156798 0.050000
    vertex -1.959783 -0.154875 -0.050000
    vertex -1.960007 -0.156798 -0.050000
  endloop
endfacet
facet normal -0.000192 0.000021 0.000000
  outer loop
    vertex -1.959783 -0.154875 0.050000
    vertex -1.959569 -0.152951 0.050000
    vertex -1.959569 -0.152951 -0.050000
  endloop
endfacet
facet normal -0.000192 0.000021 0.000000
  outer loop
    vertex -1.959783 -0.154875 0.050000
    vertex -1.959569 -0.152951 -0.050000
    vertex -1.959783 -0.154875 -0.050000
  endloop
endfacet
facet normal -0.000192 0.000020 0.000000
  outer loop
    vertex -1.959569 -0.152951 0.050000
    vertex -1.959364 -0.151027 0.050000
    vertex -1.959364 -0.151027 -0.050000
  endloop
endfacet
facet normal -0.000192 0.000020 0.000000
  outer loop
    vertex -1.959569 -0.152951 0.050000
    vertex -1.959364 -0.151027 -0.050000
    vertex -1.959569 -0.152951 -0.050000
  endloop
endfacet
facet normal -0.000192 0.000019 0.000000
  outer loop
    vertex -1.959364 -0.151027 0.050000
    vertex -1.959170 -0.149103 0.050000
    vertex -1.959170 -0.149103 -0.050000
  endloop
endfacet
facet normal -0.000192 0.000019 0.000000
  outer loop
    vertex -1.959364 -0.151027 0.050000
    vertex -1.959170 -0.149103 -0.050000
    vertex -1.959364 -0.151027 -0.050000
  endloop
endfacet
facet normal -0.000192 0.000019 0.000000
  outer loop
    vertex -1.959170 -0.149103 0.050000
    vertex -1.958984 -0.147179 0.050000
    vertex -1.958984 -0.147179 -0.050000
  endloop
endfacet
facet normal -0.000192 0.000019 0.000000
  outer loop
    vertex -1.959170 -0.149103 0.050000
    vertex -1.958984 -0.147179 -0.050000
    vertex -1.959170 -0.149103 -0.050000
  endloop
endfacet
facet normal -0.000192 0.000018 0.000000
  outer loop
    vertex -1.958984 -0.147179 0.050000
    vertex -1.958807 -0.145255 0.050000
    vertex -1.958807 -0.145255 -0.050000
  endloop
endfacet
facet normal -0.000192 0.000018 0.000000
  outer loop
    vertex -1.958984 -0.147179 0.050000
    vertex -1.958807 -0.145255 -0.050000
    vertex -1.958984 -0.147179 -0.050000
  endloop
endfacet
facet normal -0.000192 0.000017 0.000000
  outer loop
    vertex -1.958807 -0.145255 0.050000
    vertex -1.958639 -0.143331 0.050000
    vertex -1.958639 -0.143331 -0.050000
  endloop
endfacet
facet normal -0.000192 0.000017 0.000000
  outer loop
    vertex -1.958807 -0.145255 0.050000
    vertex -1.958639 -0.143331 -0.050000
    vertex -1.958807 -0.145255 -0.050000
  endloop
endfacet
facet normal -0.000192 0.000016 0.000000
  outer loop
    vertex -1.958639 -0.143331 0.050000
    vertex -1.958480 -0.141408 0.050000
    vertex -1.958480 -0.141408 -0.050000
  endloop
endfacet
facet normal -0.000192 0.000016 0.000000
  outer loop
    vertex -1.958639 -0.143331 0.050000
    vertex -1.958480 -0.141408 -0.050000
    vertex -1.958639 -0.143331 -0.050000
  endloop
endfacet
facet normal -0.000192 0.000015 0.000000
  outer loop
    vertex -1.958480 -0.141408 0.050000
    vertex -1.958328 -0.139484 0.050000
    vertex -1.958328 -0.139484 -0.050000
  endloop
endfacet
facet normal -0.000192 0.000015 0.000000
  outer loop
    vertex -1.958480 -0.141408 0.050000
    vertex -1.958328 -0.139484 -0.050000
    vertex -1.958480 -0.141408 -0.050000
  endloop
endfacet
facet normal -0.000192 0.000014 0.000000
  outer loop
    vertex -1.958328 -0.139484 0.050000
    vertex -1.958185 -0.137560 0.050000
    vertex -1.958185 -0.137560 -0.050000
  endloop
endfacet
facet normal -0.000192 0.000014 0.000000
  outer loop
    vertex -1.958328 -0.139484 0.050000
    vertex -1.958185 -0.137560 -0.050000
    vertex -1.958328 -0.139484 -0.050000
  endloop
endfacet
facet normal -0.000192 0.000013 0.000000
  outer loop
    vertex -1.958185 -0.137560 0.050000
    vertex -1.958050 -0.135636 0.050000
    vertex -1.958050 -0.135636 -0.050000
  endloop
endfacet
facet normal -0.000192 0.000013 0.000000
  outer loop
    vertex -1.958185 -0.137560 0.050000
    vertex -1.958050 -0.135636 -0.050000
    vertex -1.958185 -0.137560 -0.050000
  endloop
endfacet
facet normal -0.000192 0.000013 0.000000
  outer loop
    vertex -1.958050 -0.135636 0.050000
    vertex -1.957923 -0.133712 0.050000
    vertex -1.957923 -0.133712 -0.050000
  endloop
endfacet
facet normal -0.000192 0.000013 0.000000
  outer loop
    vertex -1.958050 -0.135636 0.050000
    vertex -1.957923 -0.133712 -0.050000
    vertex -1.958050 -0.135636 -0.050000
  endloop
endfacet
facet normal -0.000192 0.000012 0.000000
  outer loop
    vertex -1.957923 -0.133712 0.050000
    vertex -1.957804 -0.131788 0.050000
    vertex -1.957804 -0.131788 -0.050000
  endloop
endfacet
facet normal -0.000192 0.000012 0.000000
  outer loop
    vertex -1.957923 -0.133712 0.050000
    vertex -1.957804 -0.131788 -0.050000
    vertex -1.957923 -0.133712 -0.050000
  endloop
endfacet
facet normal -0.000192 0.000011 0.000000
  outer loop
    vertex -1.957804 -0.131788 0.050000
    vertex -1.957692 -0.129865 0.050000
    vertex -1.957692 -0.129865 -0.050000
  endloop
endfacet
facet normal -0.000192 0.000011 0.000000
  outer loop
    vertex -1.957804 -0.131788 0.050000
    vertex -1.957692 -0.129865 -0.050000
    vertex -1.957804 -0.131788 -0.050000
  endloop
endfacet
facet normal -0.000192 0.000010 0.000000
  outer loop
    vertex -1.957692 -0.129865 0.050000
    vertex -1.957587 -0.127941 0.050000
    vertex -1.957587 -0.127941 -0.050000
  endloop
endfacet
facet normal -0.000192 0.000010 0.000000
  outer loop
    vertex -1.957692 -0.129865 0.050000
    vertex -1.957587 -0.127941 -0.050000
    vertex -1.957692 -0.129865 -0.050000
  endloop
endfacet
facet normal -0.000192 0.000010 0.000000
  outer loop
    vertex -1.957587 -0.127941 0.050000
    vertex -1.957489 -0.126017 0.050000
    vertex -1.957489 -0.126017 -0.050000
  endloop
endfacet
facet normal -0.000192 0.000010 0.000000
  outer loop
    vertex -1.957587 -0.127941 0.050000
    vertex -1.957489 -0.126017 -0.050000
    vertex -1.957587 -0.127941 -0.050000
  endloop
endfacet
facet normal -0.000192 0.000009 0.000000
  outer loop
    vertex -1.957489 -0.126017 0.050000
    vertex -1.957398 -0.124093 0.050000
    vertex -1.957398 -0.124093 -0.050000
  endloop
endfacet
facet normal -0.000192 0.000009 0.000000
  outer loop
    vertex -1.957489 -0.126017 0.050000
    vertex -1.957398 -0.124093 -0.050000
    vertex -1.957489 -0.126017 -0.050000
  endloop
endfacet
facet normal -0.000192 0.000008 0.000000
  outer loop
    vertex -1.957398 -0.124093 0.050000
    vertex -1.957315 -0.122169 0.050000
    vertex -1.957315 -0.122169 -0.050000
  endloop
endfacet
facet normal -0.000192 0.000008 0.000000
  outer loop
    vertex -1.957398 -0.124093 0.050000
    vertex -1.957315 -0.122169 -0.050000
    vertex -1.957398 -0.124093 -0.050000
  endloop
endfacet
facet normal -0.000192 0.000008 0.000000
  outer loop
    vertex -1.957315 -0.122169 0.050000
    vertex -1.957237 -0.120245 0.050000
    vertex -1.957237 -0.120245 -0.050000
  endloop
endfacet
facet normal -0.000192 0.000008 0.000000
  outer loop
    vertex -1.957315 -0.122169 0.050000
    vertex -1.957237 -0.120245 -0.050000
    vertex -1.957315 -0.122169 -0.050000
  endloop
endfacet
facet normal -0.000192 0.000007 0.000000
  outer loop
    vertex -1.957237 -0.120245 0.050000
    vertex -1.957167 -0.118321 0.050000
    vertex -1.957167 -0.118321 -0.050000
  endloop
endfacet
facet normal -0.000192 0.000007 0.000000
  outer loop
    vertex -1.957237 -0.120245 0.050000
    vertex -1.957167 -0.118321 -0.050000
    vertex -1.957237 -0.120245 -0.050000
  endloop
endfacet
facet normal -0.000192 0.000006 0.000000
  outer loop
    vertex -1.957167 -0.118321 0.050000
    vertex -1.957103 -0.116398 0.050000
    vertex -1.957103 -0.116398 -0.050000
  endloop
endfacet
facet normal -0.000192 0.000006 0.000000
  outer loop
    vertex -1.957167 -0.118321 0.050000
    vertex -1.957103 -0.116398 -0.050000
    vertex -1.957167 -0.118321 -0.050000
  endloop
endfacet
facet normal -0.000192 0.000006 0.000000
  outer loop
    vertex -1.957103 -0.116398 0.050000
    vertex -1.957045 -0.114474 0.050000
    vertex -1.957045 -0.114474 -0.050000
  endloop
endfacet
facet normal -0.000192 0.000006 0.000000
  outer loop
    vertex -1.957103 -0.116398 0.050000
    vertex -1.957045 -0.114474 -0.050000
    vertex -1.957103 -0.116398 -0.050000
  endloop
endfacet
facet normal -0.000192 0.000005 0.000000
  outer loop
    vertex -1.957045 -0.114474 0.050000
    vertex -1.956994 -0.112550 0.050000
    vertex -1.956994 -0.112550 -0.050000
  endloop
endfacet
facet normal -0.000192 0.000005 0.000000
  outer loop
    vertex -1.957045 -0.114474 0.050000
    vertex -1.956994 -0.112550 -0.050000
    vertex -1.957045 -0.114474 -0.050000
  endloop
endfacet
facet normal -0.000192 0.000005 0.000000
  outer loop
    vertex -1.956994 -0.112550 0.050000
    vertex -1.956948 -0.110626 0.050000
    vertex -1.956948 -0.110626 -0.050000
  endloop
endfacet
facet normal -0.000192 0.000005 0.000000
  outer loop
    vertex -1.956994 -0.112550 0.050000
    vertex -1.956948 -0.110626 -0.050000
    vertex -1.956994 -0.112550 -0.050000
  endloop
endfacet
facet normal -0.000192 0.000004 0.000000
  outer loop
    vertex -1.956948 -0.110626 0.050000
    vertex -1.956909 -0.108702 0.050000
    vertex -1.956909 -0.108702 -0.050000
  endloop
endfacet
facet normal -0.000192 0.000004 0.000000
  outer loop
    vertex -1.956948 -0.110626 0.050000
    vertex -1.956909 -0.108702 -0.050000
    vertex -1.956948 -0.110626 -0.050000
  endloop
endfacet
facet normal -0.000192 0.000003 0.000000
  outer loop
    vertex -1.956909 -0.108702 0.050000
    vertex -1.956876 -0.106778 0.050000
    vertex -1.956876 -0.106778 -0.050000
  endloop
endfacet
facet normal -0.000192 0.000003 0.000000
  outer loop
    vertex -1.956909 -0.108702 0.050000
    vertex -1.956876 -0.106778 -0.050000
    vertex -1.956909 -0.108702 -0.050000
  endloop
endfacet
facet normal -0.000192 0.000003 0.000000
  outer loop
    vertex -1.956876 -0.106778 0.050000
    vertex -1.956848 -0.104855 0.050000
    vertex -1.956848 -0.104855 -0.050000
  endloop
endfacet
facet normal -0.000192 0.000003 0.000000
  outer loop
    vertex -1.956876 -0.106778 0.050000
    vertex -1.956848 -0.104855 -0.050000
    vertex -1.956876 -0.106778 -0.050000
  endloop
endfacet
facet normal -0.000192 0.000002 0.000000
  outer loop
    vertex -1.956848 -0.104855 0.050000
    vertex -1.956826 -0.102931 0.050000
    vertex -1.956826 -0.102931 -0.050000
  endloop
endfacet
facet normal -0.000192 0.000002 0.000000
  outer loop
    vertex -1.956848 -0.104855 0.050000
    vertex -1.956826 -0.102931 -0.050000
    vertex -1.956848 -0.104855 -0.050000
  endloop
endfacet
facet normal -0.000192 0.000002 0.000000
  outer loop
    vertex -1.956826 -0.102931 0.050000
    vertex -1.956809 -0.101007 0.050000
    vertex -1.956809 -0.101007 -0.050000
  endloop
endfacet
facet normal -0.000192 0.000002 0.000000
  outer loop
    vertex -1.956826 -0.102931 0.050000
    vertex -1.956809 -0.101007 -0.050000
    vertex -1.956826 -0.102931 -0.050000
  endloop
endfacet
facet normal -0.000192 0.000001 0.000000
  outer loop
    vertex -1.956809 -0.101007 0.050000
    vertex -1.956798 -0.099083 0.050000
    vertex -1.956798 -0.099083 -0.050000
  endloop
endfacet
facet normal -0.000192 0.000001 0.000000
  outer loop
    vertex -1.956809 -0.101007 0.050000
    vertex -1.956798 -0.099083 -0.050000
    vertex -1.956809 -0.101007 -0.050000
  endloop
endfacet
facet normal -0.000192 0.000001 0.000000
  outer loop
    vertex -1.956798 -0.099083 0.050000
    vertex -1.956792 -0.097159 0.050000
    vertex -1.956792 -0.097159 -0.050000
  endloop
endfacet
facet normal -0.000192 0.000001 0.000000
  outer loop
    vertex -1.956798 -0.099083 0.050000
    vertex -1.956792 -0.097159 -0.050000
    vertex -1.956798 -0.099083 -0.050000
  endloop
endfacet
facet normal -0.000192 0.000000 0.000000
  outer loop
    vertex -1.956792 -0.097159 0.050000
    vertex -1.956792 -0.095235 0.050000
    vertex -1.956792 -0.095235 -0.050000
  endloop
endfacet
facet normal -0.000192 0.000000 0.000000
  outer loop
    vertex -1.956792 -0.097159 0.050000
    vertex -1.956792 -0.095235 -0.050000
    vertex -1.956792 -0.097159 -0.050000
  endloop
endfacet
facet normal -0.000192 -0.000000 0.000000
  outer loop
    vertex -1.956792 -0.095235 0.050000
    vertex -1.956797 -0.093311 0.050000
    vertex -1.956797 -0.093311 -0.050000
  endloop
endfacet
facet normal -0.000192 -0.000000 -0.000000
  outer loop
    vertex -1.956792 -0.095235 0.050000
    vertex -1.956797 -0.093311 -0.050000
    vertex -1.956792 -0.095235 -0.050000
  endloop
endfacet
facet normal -0.000192 -0.000001 0.000000
  outer loop
    vertex -1.956797 -0.093311 0.050000
    vertex -1.956807 -0.091388 0.050000
    vertex -1.956807 -0.091388 -0.050000
  endloop
endfacet
facet normal -0.000192 -0.000001 -0.000000
  outer loop
    vertex -1.956797 -0.093311 0.050000
    vertex -1.956807 -0.091388 -0.050000
    vertex -1.956797 -0.093311 -0.050000
  endloop
endfacet
facet normal -0.000192 -0.000001 0.000000
  outer loop
    vertex -1.956807 -0.091388 0.050000
    vertex -1.956822 -0.089464 0.050000
    vertex -1.956822 -0.089464 -0.050000
  endloop
endfacet
facet normal -0.000192 -0.000001 -0.000000
  outer loop
    vertex -1.956807 -0.091388 0.050000
    vertex -1.956822 -0.089464 -0.050000
    vertex -1.956807 -0.091388 -0.050000
  endloop
endfacet
facet normal -0.000192 -0.000002 0.000000
  outer loop
    vertex -1.956822 -0.089464 0.050000
    vertex -1.956842 -0.087540 0.050000
    vertex -1.956842 -0.087540 -0.050000
  endloop
endfacet
facet normal -0.000192 -0.000002 -0.000000
  outer loop
    vertex -1.956822 -0.089464 0.050000
    vertex -1.956842 -0.087540 -0.050000
    vertex -1.956822 -0.089464 -0.050000
  endloop
endfacet
facet normal -0.000192 -0.000002 0.000000
  outer loop
    vertex -1.956842 -0.087540 0.050000
    vertex -1.956866 -0.085616 0.050000
    vertex -1.956866 -0.085616 -0.050000
  endloop
endfacet
facet normal -0.000192 -0.000002 -0.000000
  outer loop
    vertex -1.956842 -0.087540 0.050000
    vertex -1.956866 -0.085616 -0.050000
    vertex -1.956842 -0.087540 -0.050000
  endloop
endfacet
facet normal -0.000192 -0.000003 0.000000
  outer loop
    vertex -1.956866 -0.085616 0.050000
    vertex -1.956896 -0.083692 0.050000
    vertex -1.956896 -0.083692 -0.050000
  endloop
endfacet
facet normal -0.000192 -0.000003 -0.000000
  outer loop
    vertex -1.956866 -0.085616 0.050000
    vertex -1.956896 -0.083692 -0.050000
    vertex -1.956866 -0.085616 -0.050000
  endloop
endfacet
facet normal -0.000192 -0.000003 0.000000
  outer loop
    vertex -1.956896 -0.083692 0.050000
    vertex -1.956930 -0.081768 0.050000
    vertex -1.956930 -0.081768 -0.050000
  endloop
endfacet
facet normal -0.000192 -0.000003 -0.000000
  outer loop
    vertex -1.956896 -0.083692 0.050000
    vertex -1.956930 -0.081768 -0.050000
    vertex -1.956896 -0.083692 -0.050000
  endloop
endfacet
facet normal -0.000192 -0.000004 0.000000
  outer loop
    vertex -1.956930 -0.081768 0.050000
    vertex -1.956969 -0.079844 0.050000
    vertex -1.956969 -0.079844 -0.050000
  endloop
endfacet
facet normal -0.000192 -0.000004 -0.000000
  outer loop
    vertex -1.956930 -0.081768 0.050000
    vertex -1.956969 -0.079844 -0.050000
    vertex -1.956930 -0.081768 -0.050000
  endloop
endfacet
facet normal -0.000192 -0.000004 0.000000
  outer loop
    vertex -1.956969 -0.079844 0.050000
    vertex -1.957012 -0.077921 0.050000
    vertex -1.957012 -0.077921 -0.050000
  endloop
endfacet
facet normal -0.000192 -0.000004 -0.000000
  outer loop
    vertex -1.956969 -0.079844 0.050000
    vertex -1.957012 -0.077921 -0.050000
    vertex -1.956969 -0.079844 -0.050000
  endloop
endfacet
facet normal -0.000192 -0.000005 0.000000
  outer loop
    vertex -1.957012 -0.077921 0.050000
    vertex -1.957060 -0.075997 0.050000
    vertex -1.957060 -0.075997 -0.050000
  endloop
endfacet
facet normal -0.000192 -0.000005 -0.000000
  outer loop
    vertex -1.957012 -0.077921 0.050000
    vertex -1.957060 -0.075997 -0.050000
    vertex -1.957012 -0.077921 -0.050000
  endloop
endfacet
facet normal -0.000192 -0.000005 0.000000
  outer loop
    vertex -1.957060 -0.075997 0.050000
    vertex -1.957112 -0.074073 0.050000
    vertex -1.957112 -0.074073 -0.050000
  endloop
endfacet
facet normal -0.000192 -0.000005 -0.000000
  outer loop
    vertex -1.957060 -0.075997 0.050000
    vertex -1.957112 -0.074073 -0.050000
    vertex -1.957060 -0.075997 -0.050000
  endloop
endfacet
facet normal -0.000192 -0.000006 0.000000
  outer loop
    vertex -1.957112 -0.074073 0.050000
    vertex -1.957169 -0.072149 0.050000
    vertex -1.957169 -0.072149 -0.050000
  endloop
endfacet
facet normal -0.000192 -0.000006 -0.000000
  outer loop
    vertex -1.957112 -0.074073 0.050000
    vertex -1.957169 -0.072149 -0.050000
    vertex -1.957112 -0.074073 -0.050000
  endloop
endfacet
facet normal -0.000192 -0.000006 0.000000
  outer loop
    vertex -1.957169 -0.072149 0.050000
    vertex -1.957229 -0.070225 0.050000
    vertex -1.957229 -0.070225 -0.050000
  endloop
endfacet
facet normal -0.000192 -0.000006 -0.000000
  outer loop
    vertex -1.957169 -0.072149 0.050000
    vertex -1.957229 -0.070225 -0.050000
    vertex -1.957169 -0.072149 -0.050000
  endloop
endfacet
facet normal -0.000192 -0.000007 0.000000
  outer loop
    vertex -1.957229 -0.070225 0.050000
    vertex -1.957295 -0.068301 0.050000
    vertex -1.957295 -0.068301 -0.050000
  endloop
endfacet
facet normal -0.000192 -0.000007 -0.000000
  outer loop
    vertex -1.957229 -0.070225 0.050000
    vertex -1.957295 -0.068301 -0.050000
    vertex -1.957229 -0.070225 -0.050000
  endloop
endfacet
facet normal -0.000192 -0.000007 0.000000
  outer loop
    vertex -1.957295 -0.068301 0.050000
    vertex -1.957364 -0.066378 0.050000
    vertex -1.957364 -0.066378 -0.050000
  endloop
endfacet
facet normal -0.000192 -0.000007 -0.000000
  outer loop
    vertex -1.957295 -0.068301 0.050000
    vertex -1.957364 -0.066378 -0.050000
    vertex -1.957295 -0.068301 -0.050000
  endloop
endfacet
facet normal -0.000192 -0.000007 0.000000
  outer loop
    vertex -1.957364 -0.066378 0.050000
    vertex -1.957437 -0.064454 0.050000
    vertex -1.957437 -0.064454 -0.050000
  endloop
endfacet
facet normal -0.000192 -0.000007 -0.000000
  outer loop
    vertex -1.957364 -0.066378 0.050000
    vertex -1.957437 -0.064454 -0.050000
    vertex -1.957364 -0.066378 -0.050000
  endloop
endfacet
facet normal -0.000192 -0.000008 0.000000
  outer loop
    vertex -1.957437 -0.064454 0.050000
    vertex -1.957514 -0.062530 0.050000
    vertex -1.957514 -0.062530 -0.050000
  endloop
endfacet
facet normal -0.000192 -0.000008 -0.000000
  outer loop
    vertex -1.957437 -0.064454 0.050000
    vertex -1.957514 -0.062530 -0.050000
    vertex -1.957437 -0.064454 -0.050000
  endloop
endfacet
facet normal -0.000192 -0.000008 0.000000
  outer loop
    vertex -1.957514 -0.062530 0.050000
    vertex -1.957595 -0.060606 0.050000
    vertex -1.957595 -0.060606 -0.050000
  endloop
endfacet
facet normal -0.000192 -0.000008 -0.000000
  outer loop
    vertex -1.957514 -0.062530 0.050000
    vertex -1.957595 -0.060606 -0.050000
    vertex -1.957514 -0.062530 -0.050000
  endloop
endfacet
facet normal -0.000192 -0.000009 0.000000
  outer loop
    vertex -1.957595 -0.060606 0.050000
    vertex -1.957680 -0.058682 0.050000
    vertex -1.957680 -0.058682 -0.050000
  endloop
endfacet
facet normal -0.000192 -0.000009 -0.000000
  outer loop
    vertex -1.957595 -0.060606 0.050000
    vertex -1.957680 -0.058682 -0.050000
    vertex -1.957595 -0.060606 -0.050000
  endloop
endfacet
facet normal -0.000192 -0.000009 0.000000
  outer loop
    vertex -1.957680 -0.058682 0.050000
    vertex -1.957769 -0.056758 0.050000
    vertex -1.957769 -0.056758 -0.050000
  endloop
endfacet
facet normal -0.000192 -0.000009 -0.000000
  outer loop
    vertex -1.957680 -0.058682 0.050000
    vertex -1.957769 -0.056758 -0.050000
    vertex -1.957680 -0.058682 -0.050000
  endloop
endfacet
facet normal -0.000192 -0.000009 0.000000
  outer loop
    vertex -1.957769 -0.056758 0.050000
    vertex -1.957862 -0.054834 0.050000
    vertex -1.957862 -0.054834 -0.050000
  endloop
endfacet
facet normal -0.000192 -0.000009 -0.000000
  outer loop
    vertex -1.957769 -0.056758 0.050000
    vertex -1.957862 -0.054834 -0.050000
    vertex -1.957769 -0.056758 -0.050000
  endloop
endfacet
facet normal -0.000192 -0.000010 0.000000
  outer loop
    vertex -1.957862 -0.054834 0.050000
    vertex -1.957958 -0.052911 0.050000
    vertex -1.957958 -0.052911 -0.050000
  endloop
endfacet
facet normal -0.000192 -0.000010 -0.000000
  outer loop
    vertex -1.957862 -0.054834 0.050000
    vertex -1.957958 -0.052911 -0.050000
    vertex -1.957862 -0.054834 -0.050000
  endloop
endfacet
facet normal -0.000192 -0.000010 0.000000
  outer loop
    vertex -1.957958 -0.052911 0.050000
    vertex -1.958059 -0.050987 0.050000
    vertex -1.958059 -0.050987 -0.050000
  endloop
endfacet
facet normal -0.000192 -0.000010 -0.000000
  outer loop
    vertex -1.957958 -0.052911 0.050000
    vertex -1.958059 -0.050987 -0.050000
    vertex -1.957958 -0.052911 -0.050000
  endloop
endfacet
facet normal -0.000192 -0.000010 0.000000
  outer loop
    vertex -1.958059 -0.050987 0.050000
    vertex -1.958162 -0.049063 0.050000
    vertex -1.958162 -0.049063 -0.050000
  endloop
endfacet
facet normal -0.000192 -0.000010 -0.000000
  outer loop
    vertex -1.958059 -0.050987 0.050000
    vertex -1.958162 -0.049063 -0.050000
    vertex -1.958059 -0.050987 -0.050000
  endloop
endfacet
facet normal -0.000192 -0.000011 0.000000
  outer loop
    vertex -1.958162 -0.049063 0.050000
    vertex -1.958269 -0.047139 0.050000
    vertex -1.958269 -0.047139 -0.050000
  endloop
endfacet
facet normal -0.000192 -0.000011 -0.000000
  outer loop
    vertex -1.958162 -0.049063 0.050000
    vertex -1.958269 -0.047139 -0.050000
    vertex -1.958162 -0.049063 -0.050000
  endloop
endfacet
facet normal -0.000192 -0.000011 0.000000
  outer loop
    vertex -1.958269 -0.047139 0.050000
    vertex -1.958380 -0.045215 0.050000
    vertex -1.958380 -0.045215 -0.050000
  endloop
endfacet
facet normal -0.000192 -0.000011 -0.000000
  outer loop
    vertex -1.958269 -0.047139 0.050000
    vertex -1.958380 -0.045215 -0.050000
    vertex -1.958269 -0.047139 -0.050000
  endloop
endfacet
facet normal -0.000192 -0.000011 0.000000
  outer loop
    vertex -1.958380 -0.045215 0.050000
    vertex -1.958495 -0.043291 0.050000
    vertex -1.958495 -0.043291 -0.050000
  endloop
endfacet
facet normal -0.000192 -0.000011 -0.000000
  outer loop
    vertex -1.958380 -0.045215 0.050000
    vertex -1.958495 -0.043291 -0.050000
    vertex -1.958380 -0.045215 -0.050000
  endloop
endfacet
facet normal -0.000192 -0.000012 0.000000
  outer loop
    vertex -1.958495 -0.043291 0.050000
    vertex -1.958612 -0.041368 0.050000
    vertex -1.958612 -0.041368 -0.050000
  endloop
endfacet
facet normal -0.000192 -0.000012 -0.000000
  outer loop
    vertex -1.958495 -0.043291 0.050000
    vertex -1.958612 -0.041368 -0.050000
    vertex -1.958495 -0.043291 -0.050000
  endloop
endfacet
facet normal -0.000192 -0.000012 0.000000
  outer loop
    vertex -1.958612 -0.041368 0.050000
    vertex -1.958733 -0.039444 0.050000
    vertex -1.958733 -0.039444 -0.050000
  endloop
endfacet
facet normal -0.000192 -0.000012 -0.000000
  outer loop
    vertex -1.958612 -0.041368 0.050000
    vertex -1.958733 -0.039444 -0.050000
    vertex -1.958612 -0.041368 -0.050000
  endloop
endfacet
facet normal -0.000192 -0.000012 0.000000
  outer loop
    vertex -1.958733 -0.039444 0.050000
    vertex -1.958858 -0.037520 0.050000
    vertex -1.958858 -0.037520 -0.050000
  endloop
endfacet
facet normal -0.000192 -0.000012 -0.000000
  outer loop
    vertex -1.958733 -0.039444 0.050000
    vertex -1.958858 -0.037520 -0.050000
    vertex -1.958733 -0.039444 -0.050000
  endloop
endfacet
facet normal -0.000192 -0.000013 0.000000
  outer loop
    vertex -1.958858 -0.037520 0.050000
    vertex -1.958985 -0.035596 0.050000
    vertex -1.958985 -0.035596 -0.050000
  endloop
endfacet
facet normal -0.000192 -0.000013 -0.000000
  outer loop
    vertex -1.958858 -0.037520 0.050000
    vertex -1.958985 -0.035596 -0.050000
    vertex -1.958858 -0.037520 -0.050000
  endloop
endfacet
facet normal -0.000192 -0.000013 0.000000
  outer loop
    vertex -1.958985 -0.035596 0.050000
    vertex -1.959116 -0.033672 0.050000
    vertex -1.959116 -0.033672 -0.050000
  endloop
endfacet
facet normal -0.000192 -0.000013 -0.000000
  outer loop
    vertex -1.958985 -0.035596 0.050000
    vertex -1.959116 -0.033672 -0.050000
    vertex -1.958985 -0.035596 -0.050000
  endloop
endfacet
facet normal -0.000192 -0.000013 0.000000
  outer loop
    vertex -1.959116 -0.033672 0.050000
    vertex -1.959250 -0.031748 0.050000
    vertex -1.959250 -0.031748 -0.050000
  endloop
endfacet
facet normal -0.000192 -0.000013 -0.000000
  outer loop
    vertex -1.959116 -0.033672 0.050000
    vertex -1.959250 -0.031748 -0.050000
    vertex -1.959116 -0.033672 -0.050000
  endloop
endfacet
facet normal -0.000192 -0.000014 0.000000
  outer loop
    vertex -1.959250 -0.031748 0.050000
    vertex -1.959387 -0.029824 0.050000
    vertex -1.959387 -0.029824 -0.050000
  endloop
endfacet
facet normal -0.000192 -0.000014 -0.000000
  outer loop
    vertex -1.959250 -0.031748 0.050000
    vertex -1.959387 -0.029824 -0.050000
    vertex -1.959250 -0.031748 -0.050000
  endloop
endfacet
facet normal -0.000192 -0.000014 0.000000
  outer loop
    vertex -1.959387 -0.029824 0.050000
    vertex -1.959527 -0.027901 0.050000
    vertex -1.959527 -0.027901 -0.050000
  endloop
endfacet
facet normal -0.000192 -0.000014 -0.000000
  outer loop
    vertex -1.959387 -0.029824 0.050000
    vertex -1.959527 -0.027901 -0.050000
    vertex -1.959387 -0.029824 -0.050000
  endloop
endfacet
facet normal -0.000192 -0.000014 0.000000
  outer loop
    vertex -1.959527 -0.027901 0.050000
    vertex -1.959671 -0.025977 0.050000
    vertex -1.959671 -0.025977 -0.050000
  endloop
endfacet
facet normal -0.000192 -0.000014 -0.000000
  outer loop
    vertex -1.959527 -0.027901 0.050000
    vertex -1.959671 -0.025977 -0.050000
    vertex -1.959527 -0.027901 -0.050000
  endloop
endfacet
facet normal -0.000192 -0.000015 0.000000
  outer loop
    vertex -1.959671 -0.025977 0.050000
    vertex -1.959817 -0.024053 0.050000
    vertex -1.959817 -0.024053 -0.050000
  endloop
endfacet
facet normal -0.000192 -0.000015 -0.000000
  outer loop
    vertex -1.959671 -0.025977 0.050000
    vertex -1.959817 -0.024053 -0.050000
    vertex -1.959671 -0.025977 -0.050000
  endloop
endfacet
facet normal -0.000192 -0.000015 0.000000
  outer loop
    vertex -1.959817 -0.024053 0.050000
    vertex -1.959966 -0.022129 0.050000
    vertex -1.959966 -0.022129 -0.050000
  endloop
endfacet
facet normal -0.000192 -0.000015 -0.000000
  outer loop
    vertex -1.959817 -0.024053 0.050000
    vertex -1.959966 -0.022129 -0.050000
    vertex -1.959817 -0.024053 -0.050000
  endloop
endfacet
facet normal -0.000192 -0.000015 0.000000
  outer loop
    vertex -1.959966 -0.022129 0.050000
    vertex -1.960118 -0.020205 0.050000
    vertex -1.960118 -0.020205 -0.050000
  endloop
endfacet
facet normal -0.000192 -0.000015 -0.000000
  outer loop
    vertex -1.959966 -0.022129 0.050000
    vertex -1.960118 -0.020205 -0.050000
    vertex -1.959966 -0.022129 -0.050000
  endloop
endfacet
facet normal -0.000192 -0.000016 0.000000
  outer loop
    vertex -1.960118 -0.020205 0.050000
    vertex -1.960274 -0.018281 0.050000
    vertex -1.960274 -0.018281 -0.050000
  endloop
endfacet
facet normal -0.000192 -0.000016 -0.000000
  outer loop
    vertex -1.960118 -0.020205 0.050000
    vertex -1.960274 -0.018281 -0.050000
    vertex -1.960118 -0.020205 -0.050000
  endloop
endfacet
facet normal -0.000192 -0.000016 0.000000
  outer loop
    vertex -1.960274 -0.018281 0.050000
    vertex -1.960432 -0.016358 0.050000
    vertex -1.960432 -0.016358 -0.050000
  endloop
endfacet
facet normal -0.000192 -0.000016 -0.000000
  outer loop
    vertex -1.960274 -0.018281 0.050000
    vertex -1.960432 -0.016358 -0.050000
    vertex -1.960274 -0.018281 -0.050000
  endloop
endfacet
facet normal -0.000192 -0.000016 0.000000
  outer loop
    vertex -1.960432 -0.016358 0.050000
    vertex -1.960592 -0.014434 0.050000
    vertex -1.960592 -0.014434 -0.050000
  endloop
endfacet
facet normal -0.000192 -0.000016 -0.000000
  outer loop
    vertex -1.960432 -0.016358 0.050000
    vertex -1.960592 -0.014434 -0.050000
    vertex -1.960432 -0.016358 -0.050000
  endloop
endfacet
facet normal -0.000192 -0.000016 0.000000
  outer loop
    vertex -1.960592 -0.014434 0.050000
    vertex -1.960756 -0.012510 0.050000
    vertex -1.960756 -0.012510 -0.050000
  endloop
endfacet
facet normal -0.000192 -0.000016 -0.000000
  outer loop
    vertex -1.960592 -0.014434 0.050000
    vertex -1.960756 -0.012510 -0.050000
    vertex -1.960592 -0.014434 -0.050000
  endloop
endfacet
facet normal -0.000192 -0.000017 0.000000
  outer loop
    vertex -1.960756 -0.012510 0.050000
    vertex -1.960922 -0.010586 0.050000
    vertex -1.960922 -0.010586 -0.050000
  endloop
endfacet
facet normal -0.000192 -0.000017 -0.000000
  outer loop
    vertex -1.960756 -0.012510 0.050000
    vertex -1.960922 -0.010586 -0.050000
    vertex -1.960756 -0.012510 -0.050000
  endloop
endfacet
facet normal -0.000192 -0.000017 0.000000
  outer loop
    vertex -1.960922 -0.010586 0.050000
    vertex -1.961091 -0.008662 0.050000
    vertex -1.961091 -0.008662 -0.050000
  endloop
endfacet
facet normal -0.000192 -0.000017 -0.000000
  outer loop
    vertex -1.960922 -0.010586 0.050000
    vertex -1.961091 -0.008662 -0.050000
    vertex -1.960922 -0.010586 -0.050000
  endloop
endfacet
facet normal -0.000192 -0.000017 0.000000
  outer loop
    vertex -1.961091 -0.008662 0.050000
    vertex -1.961263 -0.006738 0.050000
    vertex -1.961263 -0.006738 -0.050000
  endloop
endfacet
facet normal -0.000192 -0.000017 -0.000000
  outer loop
    vertex -1.961091 -0.008662 0.050000
    vertex -1.961263 -0.006738 -0.050000
    vertex -1.961091 -0.008662 -0.050000
  endloop
endfacet
facet normal -0.000192 -0.000017 0.000000
  outer loop
    vertex -1.961263 -0.006738 0.050000
    vertex -1.961437 -0.004814 0.050000
    vertex -1.961437 -0.004814 -0.050000
  endloop
endfacet
facet normal -0.000192 -0.000017 -0.000000
  outer loop
    vertex -1.961263 -0.006738 0.050000
    vertex -1.961437 -0.004814 -0.050000
    vertex -1.961263 -0.006738 -0.050000
  endloop
endfacet
facet normal -0.000192 -0.000018 0.000000
  outer loop
    vertex -1.961437 -0.004814 0.050000
    vertex -1.961614 -0.002891 0.050000
    vertex -1.961614 -0.002891 -0.050000
  endloop
endfacet
facet normal -0.000192 -0.000018 -0.000000
  outer loop
    vertex -1.961437 -0.004814 0.050000
    vertex -1.961614 -0.002891 -0.050000
    vertex -1.961437 -0.004814 -0.050000
  endloop
endfacet
facet normal -0.000192 -0.000018 0.000000
  outer loop
    vertex -1.961614 -0.002891 0.050000
    vertex -1.961794 -0.000967 0.050000
    vertex -1.961794 -0.000967 -0.050000
  endloop
endfacet
facet normal -0.000192 -0.000018 -0.000000
  outer loop
    vertex -1.961614 -0.002891 0.050000
    vertex -1.961794 -0.000967 -0.050000
    vertex -1.961614 -0.002891 -0.050000
  endloop
endfacet
facet normal -0.000192 -0.000018 0.000000
  outer loop
    vertex -1.961794 -0.000967 0.050000
    vertex -1.961976 0.000957 0.050000
    vertex -1.961976 0.000957 -0.050000
  endloop
endfacet
facet normal -0.000192 -0.000018 -0.000000
  outer loop
    vertex -1.961794 -0.000967 0.050000
    vertex -1.961976 0.000957 -0.050000
    vertex -1.961794 -0.000967 -0.050000
  endloop
endfacet
facet normal -0.000192 -0.000018 0.000000
  outer loop
    vertex -1.961976 0.000957 0.050000
    vertex -1.962160 0.002881 0.050000
    vertex -1.962160 0.002881 -0.050000
  endloop
endfacet
facet normal -0.000192 -0.000018 -0.000000
  outer loop
    vertex -1.961976 0.000957 0.050000
    vertex -1.962160 0.002881 -0.050000
    vertex -1.961976 0.000957 -0.050000
  endloop
endfacet
facet normal -0.000192 -0.000019 0.000000
  outer loop
    vertex -1.962160 0.002881 0.050000
    vertex -1.962348 0.004805 0.050000
    vertex -1.962348 0.004805 -0.050000
  endloop
endfacet
facet normal -0.000192 -0.000019 -0.000000
  outer loop
    vertex -1.962160 0.002881 0.050000
    vertex -1.962348 0.004805 -0.050000
    vertex -1.962160 0.002881 -0.050000
  endloop
endfacet
facet normal -0.000192 -0.000019 0.000000
  outer loop
    vertex -1.962348 0.004805 0.050000
    vertex -1.962537 0.006729 0.050000
    vertex -1.962537 0.006729 -0.050000
  endloop
endfacet
facet normal -0.000192 -0.000019 -0.000000
  outer loop
    vertex -1.962348 0.004805 0.050000
    vertex -1.962537 0.006729 -0.050000
    vertex -1.962348 0.004805 -0.050000
  endloop
endfacet
facet normal -0.000192 -0.000019 0.000000
  outer loop
    vertex -1.962537 0.006729 0.050000
    vertex -1.962729 0.008653 0.050000
    vertex -1.962729 0.008653 -0.050000
  endloop
endfacet
facet normal -0.000192 -0.000019 -0.000000
  outer loop
    vertex -1.962537 0.006729 0.050000
    vertex -1.962729 0.008653 -0.050000
    vertex -1.962537 0.006729 -0.050000
  endloop
endfacet
facet normal -0.000192 -0.000019 0.000000
  outer loop
    vertex -1.962729 0.008653 0.050000
    vertex -1.962924 0.010576 0.050000
    vertex -1.962924 0.010576 -0.050000
  endloop
endfacet
facet normal -0.000192 -0.000019 -0.000000
  outer loop
    vertex -1.962729 0.008653 0.050000
    vertex -1.962924 0.010576 -0.050000
    vertex -1.962729 0.008653 -0.050000
  endloop
endfacet
facet normal -0.000192 -0.000020 0.000000
  outer loop
    vertex -1.962924 0.010576 0.050000
    vertex -1.963120 0.012500 0.050000
    vertex -1.963120 0.012500 -0.050000
  endloop
endfacet
facet normal -0.000192 -0.000020 -0.000000
  outer loop
    vertex -1.962924 0.010576 0.050000
    vertex -1.963120 0.012500 -0.050000
    vertex -1.962924 0.010576 -0.050000
  endloop
endfacet
facet normal -0.000192 -0.000020 0.000000
  outer loop
    vertex -1.963120 0.012500 0.050000
    vertex -1.963319 0.014424 0.050000
    vertex -1.963319 0.014424 -0.050000
  endloop
endfacet
facet normal -0.000192 -0.000020 -0.000000
  outer loop
    vertex -1.963120 0.012500 0.050000
    vertex -1.963319 0.014424 -0.050000
    vertex -1.963120 0.012500 -0.050000
  endloop
endfacet
facet normal -0.000192 -0.000020 0.000000
  outer loop
    vertex -1.963319 0.014424 0.050000
    vertex -1.963521 0.016348 0.050000
    vertex -1.963521 0.016348 -0.050000
  endloop
endfacet
facet normal -0.000192 -0.000020 -0.000000
  outer loop
    vertex -1.963319 0.014424 0.050000
    vertex -1.963521 0.016348 -0.050000
    vertex -1.963319 0.014424 -0.050000
  endloop
endfacet
facet normal -0.000192 -0.000020 0.000000
  outer loop
    vertex -1.963521 0.016348 0.050000
    vertex -1.963724 0.018272 0.050000
    vertex -1.963724 0.018272 -0.050000
  endloop
endfacet
facet normal -0.000192 -0.000020 -0.000000
  outer loop
    vertex -1.963521 0.016348 0.050000
    vertex -1.963724 0.018272 -0.050000
    vertex -1.963521 0.016348 -0.050000
  endloop
endfacet
facet normal -0.000192 -0.000021 0.000000
  outer loop
    vertex -1.963724 0.018272 0.050000
    vertex -1.963930 0.020196 0.050000
    vertex -1.963930 0.020196 -0.050000
  endloop
endfacet
facet normal -0.000192 -0.000021 -0.000000
  outer loop
    vertex -1.963724 0.018272 0.050000
    vertex -1.963930 0.020196 -0.050000
    vertex -1.963724 0.018272 -0.050000
  endloop
endfacet
facet normal -0.000192 -0.000021 0.000000
  outer loop
    vertex -1.963930 0.020196 0.050000
    vertex -1.964139 0.022119 0.050000
    vertex -1.964139 0.022119 -0.050000
  endloop
endfacet
facet normal -0.000192 -0.000021 -0.000000
  outer loop
    vertex -1.963930 0.020196 0.050000
    vertex -1.964139 0.022119 -0.050000
    vertex -1.963930 0.020196 -0.050000
  endloop
endfacet
facet normal -0.000192 -0.000021 0.000000
  outer loop
    vertex -1.964139 0.022119 0.050000
    vertex -1.964349 0.024043 0.050000
    vertex -1.964349 0.024043 -0.050000
  endloop
endfacet
facet normal -0.000192 -0.000021 -0.000000
  outer loop
    vertex -1.964139 0.022119 0.050000
    vertex -1.964349 0.024043 -0.050000
    vertex -1.964139 0.022119 -0.050000
  endloop
endfacet
facet normal -0.000192 -0.000021 0.000000
  outer loop
    vertex -1.964349 0.024043 0.050000
    vertex -1.964562 0.025967 0.050000
    vertex -1.964562 0.025967 -0.050000
  endloop
endfacet
facet normal -0.000192 -0.000021 -0.000000
  outer loop
    vertex -1.964349 0.024043 0.050000
    vertex -1.964562 0.025967 -0.050000
    vertex -1.964349 0.024043 -0.050000
  endloop
endfacet
facet normal -0.000192 -0.000021 0.000000
  outer loop
    vertex -1.964562 0.025967 0.050000
    vertex -1.964776 0.027891 0.050000
    vertex -1.964776 0.027891 -0.050000
  endloop
endfacet
facet normal -0.000192 -0.000021 -0.000000
  outer loop
    vertex -1.964562 0.025967 0.050000
    vertex -1.964776 0.027891 -0.050000
    vertex -1.964562 0.025967 -0.050000
  endloop
endfacet
facet normal -0.000192 -0.000022 0.000000
  outer loop
    vertex -1.964776 0.027891 0.050000
    vertex -1.964993 0.029815 0.050000
    vertex -1.964993 0.029815 -0.050000
  endloop
endfacet
facet normal -0.000192 -0.000022 -0.000000
  outer loop
    vertex -1.964776 0.027891 0.050000
    vertex -1.964993 0.029815 -0.050000
    vertex -1.964776 0.027891 -0.050000
  endloop
endfacet
facet normal -0.000192 -0.000022 0.000000
  outer loop
    vertex -1.964993 0.029815 0.050000
    vertex -1.965212 0.031739 0.050000
    vertex -1.965212 0.031739 -0.050000
  endloop
endfacet
facet normal -0.000192 -0.000022 -0.000000
  outer loop
    vertex -1.964993 0.029815 0.050000
    vertex -1.965212 0.031739 -0.050000
    vertex -1.964993 0.029815 -0.050000
  endloop
endfacet
facet normal -0.000192 -0.000022 0.000000
  outer loop
    vertex -1.965212 0.031739 0.050000
    vertex -1.965433 0.033663 0.050000
    vertex -1.965433 0.033663 -0.050000
  endloop
endfacet
facet normal -0.000192 -0.000022 -0.000000
  outer loop
    vertex -1.965212 0.031739 0.050000
    vertex -1.965433 0.033663 -0.050000
    vertex -1.965212 0.031739 -0.050000
  endloop
endfacet
facet normal -0.000192 -0.000022 0.000000
  outer loop
    vertex -1.965433 0.033663 0.050000
    vertex -1.965657 0.035586 0.050000
    vertex -1.965657 0.035586 -0.050000
  endloop
endfacet
facet normal -0.000192 -0.000022 -0.000000
  outer loop
    vertex -1.965433 0.033663 0.050000
    vertex -1.965657 0.035586 -0.050000
    vertex -1.965433 0.033663 -0.050000
  endloop
endfacet
facet normal -0.000192 -0.000023 0.000000
  outer loop
    vertex -1.965657 0.035586 0.050000
    vertex -1.965882 0.037510 0.050000
    vertex -1.965882 0.037510 -0.050000
  endloop
endfacet
facet normal -0.000192 -0.000023 -0.000000
  outer loop
    vertex -1.965657 0.035586 0.050000
    vertex -1.965882 0.037510 -0.050000
    vertex -1.965657 0.035586 -0.050000
  endloop
endfacet
facet normal -0.000192 -0.000023 0.000000
  outer loop
    vertex -1.965882 0.037510 0.050000
    vertex -1.966109 0.039434 0.050000
    vertex -1.966109 0.039434 -0.050000
  endloop
endfacet
facet normal -0.000192 -0.000023 -0.000000
  outer loop
    vertex -1.965882 0.037510 0.050000
    vertex -1.966109 0.039434 -0.050000
    vertex -1.965882 0.037510 -0.050000
  endloop
endfacet
facet normal -0.000192 -0.000023 0.000000
  outer loop
    vertex -1.966109 0.039434 0.050000
    vertex -1.966338 0.041358 0.050000
    vertex -1.966338 0.041358 -0.050000
  endloop
endfacet
facet normal -0.000192 -0.000023 -0.000000
  outer loop
    vertex -1.966109 0.039434 0.050000
    vertex -1.966338 0.041358 -0.050000
    vertex -1.966109 0.039434 -0.050000
  endloop
endfacet
facet normal -0.000192 -0.000023 0.000000
  outer loop
    vertex -1.966338 0.041358 0.050000
    vertex -1.966570 0.043282 0.050000
    vertex -1.966570 0.043282 -0.050000
  endloop
endfacet
facet normal -0.000192 -0.000023 -0.000000
  outer loop
    vertex -1.966338 0.041358 0.050000
    vertex -1.966570 0.043282 -0.050000
    vertex -1.966338 0.041358 -0.050000
  endloop
endfacet
facet normal -0.000192 -0.000023 0.000000
  outer loop
    vertex -1.966570 0.043282 0.050000
    vertex -1.966803 0.045206 0.050000
    vertex -1.966803 0.045206 -0.050000
  endloop
endfacet
facet normal -0.000192 -0.000023 -0.000000
  outer loop
    vertex -1.966570 0.043282 0.050000
    vertex -1.966803 0.045206 -0.050000
    vertex -1.966570 0.043282 -0.050000
  endloop
endfacet
facet normal -0.000192 -0.000024 0.000000
  outer loop
    vertex -1.966803 0.045206 0.050000
    vertex -1.967038 0.047129 0.050000
    vertex -1.967038 0.047129 -0.050000
  endloop
endfacet
facet normal -0.000192 -0.000024 -0.000000
  outer loop
    vertex -1.966803 0.045206 0.050000
    vertex -1.967038 0.047129 -0.050000
    vertex -1.966803 0.045206 -0.050000
  endloop
endfacet
facet normal -0.000192 -0.000024 0.000000
  outer loop
    vertex -1.967038 0.047129 0.050000
    vertex -1.967275 0.049053 0.050000
    vertex -1.967275 0.049053 -0.050000
  endloop
endfacet
facet normal -0.000192 -0.000024 -0.000000
  outer loop
    vertex -1.967038 0.047129 0.050000
    vertex -1.967275 0.049053 -0.050000
    vertex -1.967038 0.047129 -0.050000
  endloop
endfacet
facet normal -0.000192 -0.000024 0.000000
  outer loop
    vertex -1.967275 0.049053 0.050000
    vertex -1.967514 0.050977 0.050000
    vertex -1.967514 0.050977 -0.050000
  endloop
endfacet
facet normal -0.000192 -0.000024 -0.000000
  outer loop
    vertex -1.967275 0.049053 0.050000
    vertex -1.967514 0.050977 -0.050000
    vertex -1.967275 0.049053 -0.050000
  endloop
endfacet
facet normal -0.000192 -0.000024 0.000000
  outer loop
    vertex -1.967514 0.050977 0.050000
    vertex -1.967755 0.052901 0.050000
    vertex -1.967755 0.052901 -0.050000
  endloop
endfacet
facet normal -0.000192 -0.000024 -0.000000
  outer loop
    vertex -1.967514 0.050977 0.050000
    vertex -1.967755 0.052901 -0.050000
    vertex -1.967514 0.050977 -0.050000
  endloop
endfacet
facet normal -0.000192 -0.000024 0.000000
  outer loop
    vertex -1.967755 0.052901 0.050000
    vertex -1.967998 0.054825 0.050000
    vertex -1.967998 0.054825 -0.050000
  endloop
endfacet
facet normal -0.000192 -0.000024 -0.000000
  outer loop
    vertex -1.967755 0.052901 0.050000
    vertex -1.967998 0.054825 -0.050000
    vertex -1.967755 0.052901 -0.050000
  endloop
endfacet
facet normal -0.000192 -0.000024 0.000000
  outer loop
    vertex -1.967998 0.054825 0.050000
    vertex -1.968243 0.056749 0.050000
    vertex -1.968243 0.056749 -0.050000
  endloop
endfacet
facet normal -0.000192 -0.000024 -0.000000
  outer loop
    vertex -1.967998 0.054825 0.050000
    vertex -1.968243 0.056749 -0.050000
    vertex -1.967998 0.054825 -0.050000
  endloop
endfacet
facet normal -0.000192 -0.000025 0.000000
  outer loop
    vertex -1.968243 0.056749 0.050000
    vertex -1.968490 0.058673 0.050000
    vertex -1.968490 0.058673 -0.050000
  endloop
endfacet
facet normal -0.000192 -0.000025 -0.000000
  outer loop
    vertex -1.968243 0.056749 0.050000
    vertex -1.968490 0.058673 -0.050000
    vertex -1.968243 0.056749 -0.050000
  endloop
endfacet
facet normal -0.000192 -0.000025 0.000000
  outer loop
    vertex -1.968490 0.058673 0.050000
    vertex -1.968738 0.060596 0.050000
    vertex -1.968738 0.060596 -0.050000
  endloop
endfacet
facet normal -0.000192 -0.000025 -0.000000
  outer loop
    vertex -1.968490 0.058673 0.050000
    vertex -1.968738 0.060596 -0.050000
    vertex -1.968490 0.058673 -0.050000
  endloop
endfacet
facet normal -0.000192 -0.000025 0.000000
  outer loop
    vertex -1.968738 0.060596 0.050000
    vertex -1.968988 0.062520 0.050000
    vertex -1.968988 0.062520 -0.050000
  endloop
endfacet
facet normal -0.000192 -0.000025 -0.000000
  outer loop
    vertex -1.968738 0.060596 0.050000
    vertex -1.968988 0.062520 -0.050000
    vertex -1.968738 0.060596 -0.050000
  endloop
endfacet
facet normal -0.000192 -0.000025 0.000000
  outer loop
    vertex -1.968988 0.062520 0.050000
    vertex -1.969240 0.064444 0.050000
    vertex -1.969240 0.064444 -0.050000
  endloop
endfacet
facet normal -0.000192 -0.000025 -0.000000
  outer loop
    vertex -1.968988 0.062520 0.050000
    vertex -1.969240 0.064444 -0.050000
    vertex -1.968988 0.062520 -0.050000
  endloop
endfacet
facet normal -0.000192 -0.000025 0.000000
  outer loop
    vertex -1.969240 0.064444 0.050000
    vertex -1.969494 0.066368 0.050000
    vertex -1.969494 0.066368 -0.050000
  endloop
endfacet
facet normal -0.000192 -0.000025 -0.000000
  outer loop
    vertex -1.969240 0.064444 0.050000
    vertex -1.969494 0.066368 -0.050000
    vertex -1.969240 0.064444 -0.050000
  endloop
endfacet
facet normal -0.000192 -0.000026 0.000000
  outer loop
    vertex -1.969494 0.066368 0.050000
    vertex -1.969750 0.068292 0.050000
    vertex -1.969750 0.068292 -0.050000
  endloop
endfacet
facet normal -0.000192 -0.000026 -0.000000
  outer loop
    vertex -1.969494 0.066368 0.050000
    vertex -1.969750 0.068292 -0.050000
    vertex -1.969494 0.066368 -0.050000
  endloop
endfacet
facet normal -0.000192 -0.000026 0.000000
  outer loop
    vertex -1.969750 0.068292 0.050000
    vertex -1.970007 0.070216 0.050000
    vertex -1.970007 0.070216 -0.050000
  endloop
endfacet
facet normal -0.000192 -0.000026 -0.000000
  outer loop
    vertex -1.969750 0.068292 0.050000
    vertex -1.970007 0.070216 -0.050000
    vertex -1.969750 0.068292 -0.050000
  endloop
endfacet
facet normal -0.000192 -0.000026 0.000000
  outer loop
    vertex -1.970007 0.070216 0.050000
    vertex -1.970266 0.072139 0.050000
    vertex -1.970266 0.072139 -0.050000
  endloop
endfacet
facet normal -0.000192 -0.000026 -0.000000
  outer loop
    vertex -1.970007 0.070216 0.050000
    vertex -1.970266 0.072139 -0.050000
    vertex -1.970007 0.070216 -0.050000
  endloop
endfacet
facet normal -0.000192 -0.000026 0.000000
  outer loop
    vertex -1.970266 0.072139 0.050000
    vertex -1.970527 0.074063 0.050000
    vertex -1.970527 0.074063 -0.050000
  endloop
endfacet
facet normal -0.000192 -0.000026 -0.000000
  outer loop
    vertex -1.970266 0.072139 0.050000
    vertex -1.970527 0.074063 -0.050000
    vertex -1.970266 0.072139 -0.050000
  endloop
endfacet
facet normal -0.000192 -0.000026 0.000000
  outer loop
    vertex -1.970527 0.074063 0.050000
    vertex -1.970790 0.075987 0.050000
    vertex -1.970790 0.075987 -0.050000
  endloop
endfacet
facet normal -0.000192 -0.000026 -0.000000
  outer loop
    vertex -1.970527 0.074063 0.050000
    vertex -1.970790 0.075987 -0.050000
    vertex -1.970527 0.074063 -0.050000
  endloop
endfacet
facet normal -0.000192 -0.000026 0.000000
  outer loop
    vertex -1.970790 0.075987 0.050000
    vertex -1.971054 0.077911 0.050000
    vertex -1.971054 0.077911 -0.050000
  endloop
endfacet
facet normal -0.000192 -0.000026 -0.000000
  outer loop
    vertex -1.970790 0.075987 0.050000
    vertex -1.971054 0.077911 -0.050000
    vertex -1.970790 0.075987 -0.050000
  endloop
endfacet
facet normal -0.000192 -0.000027 0.000000
  outer loop
    vertex -1.971054 0.077911 0.050000
    vertex -1.971320 0.079835 0.050000
    vertex -1.971320 0.079835 -0.050000
  endloop
endfacet
facet normal -0.000192 -0.000027 -0.000000
  outer loop
    vertex -1.971054 0.077911 0.050000
    vertex -1.971320 0.079835 -0.050000
    vertex -1.971054 0.077911 -0.050000
  endloop
endfacet
facet normal -0.000192 -0.000027 0.000000
  outer loop
    vertex -1.971320 0.079835 0.050000
    vertex -1.971588 0.081759 0.050000
    vertex -1.971588 0.081759 -0.050000
  endloop
endfacet
facet normal -0.000192 -0.000027 -0.000000
  outer loop
    vertex -1.971320 0.079835 0.050000
    vertex -1.971588 0.081759 -0.050000
    vertex -1.971320 0.079835 -0.050000
  endloop
endfacet
facet normal -0.000192 -0.000027 0.000000
  outer loop
    vertex -1.971588 0.081759 0.050000
    vertex -1.971857 0.083683 0.050000
    vertex -1.971857 0.083683 -0.050000
  endloop
endfacet
facet normal -0.000192 -0.000027 -0.000000
  outer loop
    vertex -1.971588 0.081759 0.050000
    vertex -1.971857 0.083683 -0.050000
    vertex -1.971588 0.081759 -0.050000
  endloop
endfacet
facet normal -0.000192 -0.000027 0.000000
  outer loop
    vertex -1.971857 0.083683 0.050000
    vertex -1.972128 0.085606 0.050000
    vertex -1.972128 0.085606 -0.050000
  endloop
endfacet
facet normal -0.000192 -0.000027 -0.000000
  outer loop
    vertex -1.971857 0.083683 0.050000
    vertex -1.972128 0.085606 -0.050000
    vertex -1.971857 0.083683 -0.050000
  endloop
endfacet
facet normal -0.000192 -0.000027 0.000000
  outer loop
    vertex -1.972128 0.085606 0.050000
    vertex -1.972401 0.087530 0.050000
    vertex -1.972401 0.087530 -0.050000
  endloop
endfacet
facet normal -0.000192 -0.000027 -0.000000
  outer loop
    vertex -1.972128 0.085606 0.050000
    vertex -1.972401 0.087530 -0.050000
    vertex -1.972128 0.085606 -0.050000
  endloop
endfacet
facet normal -0.000192 -0.000027 0.000000
  outer loop
    vertex -1.972401 0.087530 0.050000
    vertex -1.972675 0.089454 0.050000
    vertex -1.972675 0.089454 -0.050000
  endloop
endfacet
facet normal -0.000192 -0.000027 -0.000000
  outer loop
    vertex -1.972401 0.087530 0.050000
    vertex -1.972675 0.089454 -0.050000
    vertex -1.972401 0.087530 -0.050000
  endloop
endfacet
facet normal -0.000192 -0.000028 0.000000
  outer loop
    vertex -1.972675 0.089454 0.050000
    vertex -1.972951 0.091378 0.050000
    vertex -1.972951 0.091378 -0.050000
  endloop
endfacet
facet normal -0.000192 -0.000028 -0.000000
  outer loop
    vertex -1.972675 0.089454 0.050000
    vertex -1.972951 0.091378 -0.050000
    vertex -1.972675 0.089454 -0.050000
  endloop
endfacet
facet normal -0.000192 -0.000028 0.000000
  outer loop
    vertex -1.972951 0.091378 0.050000
    vertex -1.973229 0.093302 0.050000
    vertex -1.973229 0.093302 -0.050000
  endloop
endfacet
facet normal -0.000192 -0.000028 -0.000000
  outer loop
    vertex -1.972951 0.091378 0.050000
    vertex -1.973229 0.093302 -0.050000
    vertex -1.972951 0.091378 -0.050000
  endloop
endfacet
facet normal -0.000192 -0.000028 0.000000
  outer loop
    vertex -1.973229 0.093302 0.050000
    vertex -1.973508 0.095226 0.050000
    vertex -1.973508 0.095226 -0.050000
  endloop
endfacet
facet normal -0.000192 -0.000028 -0.000000
  outer loop
    vertex -1.973229 0.093302 0.050000
    vertex -1.973508 0.095226 -0.050000
    vertex -1.973229 0.093302 -0.050000
  endloop
endfacet
facet normal -0.000192 -0.000028 0.000000
  outer loop
    vertex -1.973508 0.095226 0.050000
    vertex -1.973789 0.097149 0.050000
    vertex -1.973789 0.097149 -0.050000
  endloop
endfacet
facet normal -0.000192 -0.000028 -0.000000
  outer loop
    vertex -1.973508 0.095226 0.050000
    vertex -1.973789 0.097149 -0.050000
    vertex -1.973508 0.095226 -0.050000
  endloop
endfacet
facet normal -0.000192 -0.000028 0.000000
  outer loop
    vertex -1.973789 0.097149 0.050000
    vertex -1.974072 0.099073 0.050000
    vertex -1.974072 0.099073 -0.050000
  endloop
endfacet
facet normal -0.000192 -0.000028 -0.000000
  outer loop
    vertex -1.973789 0.097149 0.050000
    vertex -1.974072 0.099073 -0.050000
    vertex -1.973789 0.097149 -0.050000
  endloop
endfacet
facet normal -0.000192 -0.000028 0.000000
  outer loop
    vertex -1.974072 0.099073 0.050000
    vertex -1.974356 0.100997 0.050000
    vertex -1.974356 0.100997 -0.050000
  endloop
endfacet
facet normal -0.000192 -0.000028 -0.000000
  outer loop
    vertex -1.974072 0.099073 0.050000
    vertex -1.974356 0.100997 -0.050000
    vertex -1.974072 0.099073 -0.050000
  endloop
endfacet
facet normal -0.000192 -0.000029 0.000000
  outer loop
    vertex -1.974356 0.100997 0.050000
    vertex -1.974641 0.102921 0.050000
    vertex -1.974641 0.102921 -0.050000
  endloop
endfacet
facet normal -0.000192 -0.000029 -0.000000
  outer loop
    vertex -1.974356 0.100997 0.050000
    vertex -1.974641 0.102921 -0.050000
    vertex -1.974356 0.100997 -0.050000
  endloop
endfacet
facet normal -0.000192 -0.000029 0.000000
  outer loop
    vertex -1.974641 0.102921 0.050000
    vertex -1.974929 0.104845 0.050000
    vertex -1.974929 0.104845 -0.050000
  endloop
endfacet
facet normal -0.000192 -0.000029 -0.000000
  outer loop
    vertex -1.974641 0.102921 0.050000
    vertex -1.974929 0.104845 -0.050000
    vertex -1.974641 0.102921 -0.050000
  endloop
endfacet
facet normal -0.000192 -0.000029 0.000000
  outer loop
    vertex -1.974929 0.104845 0.050000
    vertex -1.975218 0.106769 0.050000
    vertex -1.975218 0.106769 -0.050000
  endloop
endfacet
facet normal -0.000192 -0.000029 -0.000000
  outer loop
    vertex -1.974929 0.104845 0.050000
    vertex -1.975218 0.106769 -0.050000
    vertex -1.974929 0.104845 -0.050000
  endloop
endfacet
facet normal -0.000192 -0.000029 0.000000
  outer loop
    vertex -1.975218 0.106769 0.050000
    vertex -1.975508 0.108693 0.050000
    vertex -1.975508 0.108693 -0.050000
  endloop
endfacet
facet normal -0.000192 -0.000029 -0.000000
  outer loop
    vertex -1.975218 0.106769 0.050000
    vertex -1.975508 0.108693 -0.050000
    vertex -1.975218 0.106769 -0.050000
  endloop
endfacet
facet normal -0.000192 -0.000029 0.000000
  outer loop
    vertex -1.975508 0.108693 0.050000
    vertex -1.975800 0.110616 0.050000
    vertex -1.975800 0.110616 -0.050000
  endloop
endfacet
facet normal -0.000192 -0.000029 -0.000000
  outer loop
    vertex -1.975508 0.108693 0.050000
    vertex -1.975800 0.110616 -0.050000
    vertex -1.975508 0.108693 -0.050000
  endloop
endfacet
facet normal -0.000192 -0.000029 0.000000
  outer loop
    vertex -1.975800 0.110616 0.050000
    vertex -1.976094 0.112540 0.050000
    vertex -1.976094 0.112540 -0.050000
  endloop
endfacet
facet normal -0.000192 -0.000029 -0.000000
  outer loop
    vertex -1.975800 0.110616 0.050000
    vertex -1.976094 0.112540 -0.050000
    vertex -1.975800 0.110616 -0.050000
  endloop
endfacet
facet normal -0.000192 -0.000030 0.000000
  outer loop
    vertex -1.976094 0.112540 0.050000
    vertex -1.976389 0.114464 0.050000
    vertex -1.976389 0.114464 -0.050000
  endloop
endfacet
facet normal -0.000192 -0.000030 -0.000000
  outer loop
    vertex -1.976094 0.112540 0.050000
    vertex -1.976389 0.114464 -0.050000
    vertex -1.976094 0.112540 -0.050000
  endloop
endfacet
facet normal -0.000192 -0.000030 0.000000
  outer loop
    vertex -1.976389 0.114464 0.050000
    vertex -1.976686 0.116388 0.050000
    vertex -1.976686 0.116388 -0.050000
  endloop
endfacet
facet normal -0.000192 -0.000030 -0.000000
  outer loop
    vertex -1.976389 0.114464 0.050000
    vertex -1.976686 0.116388 -0.050000
    vertex -1.976389 0.114464 -0.050000
  endloop
endfacet
facet normal -0.000192 -0.000030 0.000000
  outer loop
    vertex -1.976686 0.116388 0.050000
    vertex -1.976984 0.118312 0.050000
    vertex -1.976984 0.118312 -0.050000
  endloop
endfacet
facet normal -0.000192 -0.000030 -0.000000
  outer loop
    vertex -1.976686 0.116388 0.050000
    vertex -1.976984 0.118312 -0.050000
    vertex -1.976686 0.116388 -0.050000
  endloop
endfacet
facet normal -0.000192 -0.000030 0.000000
  outer loop
    vertex -1.976984 0.118312 0.050000
    vertex -1.977284 0.120236 0.050000
    vertex -1.977284 0.120236 -0.050000
  endloop
endfacet
facet normal -0.000192 -0.000030 -0.000000
  outer loop
    vertex -1.976984 0.118312 0.050000
    vertex -1.977284 0.120236 -0.050000
    vertex -1.976984 0.118312 -0.050000
  endloop
endfacet
facet normal -0.000192 -0.000030 0.000000
  outer loop
    vertex -1.977284 0.120236 0.050000
    vertex -1.977585 0.122160 0.050000
    vertex -1.977585 0.122160 -0.050000
  endloop
endfacet
facet normal -0.000192 -0.000030 -0.000000
  outer loop
    vertex -1.977284 0.120236 0.050000
    vertex -1.977585 0.122160 -0.050000
    vertex -1.977284 0.120236 -0.050000
  endloop
endfacet
facet normal -0.000192 -0.000030 0.000000
  outer loop
    vertex -1.977585 0.122160 0.050000
    vertex -1.977888 0.124083 0.050000
    vertex -1.977888 0.124083 -0.050000
  endloop
endfacet
facet normal -0.000192 -0.000030 -0.000000
  outer loop
    vertex -1.977585 0.122160 0.050000
    vertex -1.977888 0.124083 -0.050000
    vertex -1.977585 0.122160 -0.050000
  endloop
endfacet
facet normal -0.000192 -0.000030 0.000000
  outer loop
    vertex -1.977888 0.124083 0.050000
    vertex -1.978193 0.126007 0.050000
    vertex -1.978193 0.126007 -0.050000
  endloop
endfacet
facet normal -0.000192 -0.000030 -0.000000
  outer loop
    vertex -1.977888 0.124083 0.050000
    vertex -1.978193 0.126007 -0.050000
    vertex -1.977888 0.124083 -0.050000
  endloop
endfacet
facet normal -0.000192 -0.000031 0.000000
  outer loop
    vertex -1.978193 0.126007 0.050000
    vertex -1.978499 0.127931 0.050000
    vertex -1.978499 0.127931 -0.050000
  endloop
endfacet
facet normal -0.000192 -0.000031 -0.000000
  outer loop
    vertex -1.978193 0.126007 0.050000
    vertex -1.978499 0.127931 -0.050000
    vertex -1.978193 0.126007 -0.050000
  endloop
endfacet
facet normal -0.000192 -0.000031 0.000000
  outer loop
    vertex -1.978499 0.127931 0.050000
    vertex -1.978806 0.129855 0.050000
    vertex -1.978806 0.129855 -0.050000
  endloop
endfacet
facet normal -0.000192 -0.000031 -0.000000
  outer loop
    vertex -1.978499 0.127931 0.050000
    vertex -1.978806 0.129855 -0.050000
    vertex -1.978499 0.127931 -0.050000
  endloop
endfacet
facet normal -0.000192 -0.000031 0.000000
  outer loop
    vertex -1.978806 0.129855 0.050000
    vertex -1.979115 0.131779 0.050000
    vertex -1.979115 0.131779 -0.050000
  endloop
endfacet
facet normal -0.000192 -0.000031 -0.000000
  outer loop
    vertex -1.978806 0.129855 0.050000
    vertex -1.979115 0.131779 -0.050000
    vertex -1.978806 0.129855 -0.050000
  endloop
endfacet
facet normal -0.000192 -0.000031 0.000000
  outer loop
    vertex -1.979115 0.131779 0.050000
    vertex -1.979426 0.133703 0.050000
    vertex -1.979426 0.133703 -0.050000
  endloop
endfacet
facet normal -0.000192 -0.000031 -0.000000
  outer loop
    vertex -1.979115 0.131779 0.050000
    vertex -1.979426 0.133703 -0.050000
    vertex -1.979115 0.131779 -0.050000
  endloop
endfacet
facet normal -0.000192 -0.000031 0.000000
  outer loop
    vertex -1.979426 0.133703 0.050000
    vertex -1.979738 0.135626 0.050000
    vertex -1.979738 0.135626 -0.050000
  endloop
endfacet
facet normal -0.000192 -0.000031 -0.000000
  outer loop
    vertex -1.979426 0.133703 0.050000
    vertex -1.979738 0.135626 -0.050000
    vertex -1.979426 0.133703 -0.050000
  endloop
endfacet
facet normal -0.000192 -0.000031 0.000000
  outer loop
    vertex -1.979738 0.135626 0.050000
    vertex -1.980052 0.137550 0.050000
    vertex -1.980052 0.137550 -0.050000
  endloop
endfacet
facet normal -0.000192 -0.000031 -0.000000
  outer loop
    vertex -1.979738 0.135626 0.050000
    vertex -1.980052 0.137550 -0.050000
    vertex -1.979738 0.135626 -0.050000
  endloop
endfacet
facet normal -0.000192 -0.000032 0.000000
  outer loop
    vertex -1.980052 0.137550 0.050000
    vertex -1.980367 0.139474 0.050000
    vertex -1.980367 0.139474 -0.050000
  endloop
endfacet
facet normal -0.000192 -0.000032 -0.000000
  outer loop
    vertex -1.980052 0.137550 0.050000
    vertex -1.980367 0.139474 -0.050000
    vertex -1.980052 0.137550 -0.050000
  endloop
endfacet
facet normal -0.000192 -0.000032 0.000000
  outer loop
    vertex -1.980367 0.139474 0.050000
    vertex -1.980684 0.141398 0.050000
    vertex -1.980684 0.141398 -0.050000
  endloop
endfacet
facet normal -0.000192 -0.000032 -0.000000
  outer loop
    vertex -1.980367 0.139474 0.050000
    vertex -1.980684 0.141398 -0.050000
    vertex -1.980367 0.139474 -0.050000
  endloop
endfacet
facet normal -0.000192 -0.000032 0.000000
  outer loop
    vertex -1.980684 0.141398 0.050000
    vertex -1.981002 0.143322 0.050000
    vertex -1.981002 0.143322 -0.050000
  endloop
endfacet
facet normal -0.000192 -0.000032 -0.000000
  outer loop
    vertex -1.980684 0.141398 0.050000
    vertex -1.981002 0.143322 -0.050000
    vertex -1.980684 0.141398 -0.050000
  endloop
endfacet
facet normal -0.000192 -0.000032 0.000000
  outer loop
    vertex -1.981002 0.143322 0.050000
    vertex -1.981322 0.145246 0.050000
    vertex -1.981322 0.145246 -0.050000
  endloop
endfacet
facet normal -0.000192 -0.000032 -0.000000
  outer loop
    vertex -1.981002 0.143322 0.050000
    vertex -1.981322 0.145246 -0.050000
    vertex -1.981002 0.143322 -0.050000
  endloop
endfacet
facet normal -0.000192 -0.000032 0.000000
  outer loop
    vertex -1.981322 0.145246 0.050000
    vertex -1.981643 0.147170 0.050000
    vertex -1.981643 0.147170 -0.050000
  endloop
endfacet
facet normal -0.000192 -0.000032 -0.000000
  outer loop
    vertex -1.981322 0.145246 0.050000
    vertex -1.981643 0.147170 -0.050000
    vertex -1.981322 0.145246 -0.050000
  endloop
endfacet
facet normal -0.000192 -0.000032 0.000000
  outer loop
    vertex -1.981643 0.147170 0.050000
    vertex -1.981966 0.149093 0.050000
    vertex -1.981966 0.149093 -0.050000
  endloop
endfacet
facet normal -0.000192 -0.000032 -0.000000
  outer loop
    vertex -1.981643 0.147170 0.050000
    vertex -1.981966 0.149093 -0.050000
    vertex -1.981643 0.147170 -0.050000
  endloop
endfacet
facet normal -0.000192 -0.000032 0.000000
  outer loop
    vertex -1.981966 0.149093 0.050000
    vertex -1.982291 0.151017 0.050000
    vertex -1.982291 0.151017 -0.050000
  endloop
endfacet
facet normal -0.000192 -0.000032 -0.000000
  outer loop
    vertex -1.981966 0.149093 0.050000
    vertex -1.982291 0.151017 -0.050000
    vertex -1.981966 0.149093 -0.050000
  endloop
endfacet
facet normal -0.000192 -0.000033 0.000000
  outer loop
    vertex -1.982291 0.151017 0.050000
    vertex -1.982617 0.152941 0.050000
    vertex -1.982617 0.152941 -0.050000
  endloop
endfacet
facet normal -0.000192 -0.000033 -0.000000
  outer loop
    vertex -1.982291 0.151017 0.050000
    vertex -1.982617 0.152941 -0.050000
    vertex -1.982291 0.151017 -0.050000
  endloop
endfacet
facet normal -0.000192 -0.000033 0.000000
  outer loop
    vertex -1.982617 0.152941 0.050000
    vertex -1.982944 0.154865 0.050000
    vertex -1.982944 0.154865 -0.050000
  endloop
endfacet
facet normal -0.000192 -0.000033 -0.000000
  outer loop
    vertex -1.982617 0.152941 0.050000
    vertex -1.982944 0.154865 -0.050000
    vertex -1.982617 0.152941 -0.050000
  endloop
endfacet
facet normal -0.000192 -0.000033 0.000000
  outer loop
    vertex -1.982944 0.154865 0.050000
    vertex -1.983274 0.156789 0.050000
    vertex -1.983274 0.156789 -0.050000
  endloop
endfacet
facet normal -0.000192 -0.000033 -0.000000
  outer loop
    vertex -1.982944 0.154865 0.050000
    vertex -1.983274 0.156789 -0.050000
    vertex -1.982944 0.154865 -0.050000
  endloop
endfacet
facet normal -0.000192 -0.000033 0.000000
  outer loop
    vertex -1.983274 0.156789 0.050000
    vertex -1.983604 0.158713 0.050000
    vertex -1.983604 0.158713 -0.050000
  endloop
endfacet
facet normal -0.000192 -0.000033 -0.000000
  outer loop
    vertex -1.983274 0.156789 0.050000
    vertex -1.983604 0.158713 -0.050000
    vertex -1.983274 0.156789 -0.050000
  endloop
endfacet
facet normal -0.000192 -0.000033 0.000000
  outer loop
    vertex -1.983604 0.158713 0.050000
    vertex -1.983937 0.160636 0.050000
    vertex -1.983937 0.160636 -0.050000
  endloop
endfacet
facet normal -0.000192 -0.000033 -0.000000
  outer loop
    vertex -1.983604 0.158713 0.050000
    vertex -1.983937 0.160636 -0.050000
    vertex -1.983604 0.158713 -0.050000
  endloop
endfacet
facet normal -0.000192 -0.000033 0.000000
  outer loop
    vertex -1.983937 0.160636 0.050000
    vertex -1.984270 0.162560 0.050000
    vertex -1.984270 0.162560 -0.050000
  endloop
endfacet
facet normal -0.000192 -0.000033 -0.000000
  outer loop
    vertex -1.983937 0.160636 0.050000
    vertex -1.984270 0.162560 -0.050000
    vertex -1.983937 0.160636 -0.050000
  endloop
endfacet
facet normal -0.000192 -0.000034 0.000000
  outer loop
    vertex -1.984270 0.162560 0.050000
    vertex -1.984606 0.164484 0.050000
    vertex -1.984606 0.164484 -0.050000
  endloop
endfacet
facet normal -0.000192 -0.000034 -0.000000
  outer loop
    vertex -1.984270 0.162560 0.050000
    vertex -1.984606 0.164484 -0.050000
    vertex -1.984270 0.162560 -0.050000
  endloop
endfacet
facet normal -0.000192 -0.000034 0.000000
  outer loop
    vertex -1.984606 0.164484 0.050000
    vertex -1.984943 0.166408 0.050000
    vertex -1.984943 0.166408 -0.050000
  endloop
endfacet
facet normal -0.000192 -0.000034 -0.000000
  outer loop
    vertex -1.984606 0.164484 0.050000
    vertex -1.984943 0.166408 -0.050000
    vertex -1.984606 0.164484 -0.050000
  endloop
endfacet
facet normal -0.000192 -0.000034 0.000000
  outer loop
    vertex -1.984943 0.166408 0.050000
    vertex -1.985281 0.168332 0.050000
    vertex -1.985281 0.168332 -0.050000
  endloop
endfacet
facet normal -0.000192 -0.000034 -0.000000
  outer loop
    vertex -1.984943 0.166408 0.050000
    vertex -1.985281 0.168332 -0.050000
    vertex -1.984943 0.166408 -0.050000
  endloop
endfacet
facet normal -0.000192 -0.000034 0.000000
  outer loop
    vertex -1.985281 0.168332 0.050000
    vertex -1.985621 0.170256 0.050000
    vertex -1.985621 0.170256 -0.050000
  endloop
endfacet
facet normal -0.000192 -0.000034 -0.000000
  outer loop
    vertex -1.985281 0.168332 0.050000
    vertex -1.985621 0.170256 -0.050000
    vertex -1.985281 0.168332 -0.050000
  endloop
endfacet
facet normal -0.000192 -0.000034 0.000000
  outer loop
    vertex -1.985621 0.170256 0.050000
    vertex -1.985963 0.172180 0.050000
    vertex -1.985963 0.172180 -0.050000
  endloop
endfacet
facet normal -0.000192 -0.000034 -0.000000
  outer loop
    vertex -1.985621 0.170256 0.050000
    vertex -1.985963 0.172180 -0.050000
    vertex -1.985621 0.170256 -0.050000
  endloop
endfacet
facet normal -0.000192 -0.000034 0.000000
  outer loop
    vertex -1.985963 0.172180 0.050000
    vertex -1.986306 0.174103 0.050000
    vertex -1.986306 0.174103 -0.050000
  endloop
endfacet
facet normal -0.000192 -0.000034 -0.000000
  outer loop
    vertex -1.985963 0.172180 0.050000
    vertex -1.986306 0.174103 -0.050000
    vertex -1.985963 0.172180 -0.050000
  endloop
endfacet
facet normal -0.000192 -0.000034 0.000000
  outer loop
    vertex -1.986306 0.174103 0.050000
    vertex -1.986651 0.176027 0.050000
    vertex -1.986651 0.176027 -0.050000
  endloop
endfacet
facet normal -0.000192 -0.000034 -0.000000
  outer loop
    vertex -1.986306 0.174103 0.050000
    vertex -1.986651 0.176027 -0.050000
    vertex -1.986306 0.174103 -0.050000
  endloop
endfacet
facet normal -0.000192 -0.000035 0.000000
  outer loop
    vertex -1.986651 0.176027 0.050000
    vertex -1.986998 0.177951 0.050000
    vertex -1.986998 0.177951 -0.050000
  endloop
endfacet
facet normal -0.000192 -0.000035 -0.000000
  outer loop
    vertex -1.986651 0.176027 0.050000
    vertex -1.986998 0.177951 -0.050000
    vertex -1.986651 0.176027 -0.050000
  endloop
endfacet
facet normal -0.000192 -0.000035 0.000000
  outer loop
    vertex -1.986998 0.177951 0.050000
    vertex -1.987346 0.179875 0.050000
    vertex -1.987346 0.179875 -0.050000
  endloop
endfacet
facet normal -0.000192 -0.000035 -0.000000
  outer loop
    vertex -1.986998 0.177951 0.050000
    vertex -1.987346 0.179875 -0.050000
    vertex -1.986998 0.177951 -0.050000
  endloop
endfacet
facet normal -0.000192 -0.000035 0.000000
  outer loop
    vertex -1.987346 0.179875 0.050000
    vertex -1.987696 0.181799 0.050000
    vertex -1.987696 0.181799 -0.050000
  endloop
endfacet
facet normal -0.000192 -0.000035 -0.000000
  outer loop
    vertex -1.987346 0.179875 0.050000
    vertex -1.987696 0.181799 -0.050000
    vertex -1.987346 0.179875 -0.050000
  endloop
endfacet
facet normal -0.000192 -0.000035 0.000000
  outer loop
    vertex -1.987696 0.181799 0.050000
    vertex -1.988047 0.183723 0.050000
    vertex -1.988047 0.183723 -0.050000
  endloop
endfacet
facet normal -0.000192 -0.000035 -0.000000
  outer loop
    vertex -1.987696 0.181799 0.050000
    vertex -1.988047 0.183723 -0.050000
    vertex -1.987696 0.181799 -0.050000
  endloop
endfacet
facet normal -0.000192 -0.000035 0.000000
  outer loop
    vertex -1.988047 0.183723 0.050000
    vertex -1.988400 0.185646 0.050000
    vertex -1.988400 0.185646 -0.050000
  endloop
endfacet
facet normal -0.000192 -0.000035 -0.000000
  outer loop
    vertex -1.988047 0.183723 0.050000
    vertex -1.988400 0.185646 -0.050000
    vertex -1.988047 0.183723 -0.050000
  endloop
endfacet
facet normal -0.000192 -0.000035 0.000000
  outer loop
    vertex -1.988400 0.185646 0.050000
    vertex -1.988755 0.187570 0.050000
    vertex -1.988755 0.187570 -0.050000
  endloop
endfacet
facet normal -0.000192 -0.000035 -0.000000
  outer loop
    vertex -1.988400 0.185646 0.050000
    vertex -1.988755 0.187570 -0.050000
    vertex -1.988400 0.185646 -0.050000
  endloop
endfacet
facet normal -0.000192 -0.000036 0.000000
  outer loop
    vertex -1.988755 0.187570 0.050000
    vertex -1.989111 0.189494 0.050000
    vertex -1.989111 0.189494 -0.050000
  endloop
endfacet
facet normal -0.000192 -0.000036 -0.000000
  outer loop
    vertex -1.988755 0.187570 0.050000
    vertex -1.989111 0.189494 -0.050000
    vertex -1.988755 0.187570 -0.050000
  endloop
endfacet
facet normal -0.000192 -0.000036 0.000000
  outer loop
    vertex -1.989111 0.189494 0.050000
    vertex -1.989469 0.191418 0.050000
    vertex -1.989469 0.191418 -0.050000
  endloop
endfacet
facet normal -0.000192 -0.000036 -0.000000
  outer loop
    vertex -1.989111 0.189494 0.050000
    vertex -1.989469 0.191418 -0.050000
    vertex -1.989111 0.189494 -0.050000
  endloop
endfacet
facet normal -0.000192 -0.000036 0.000000
  outer loop
    vertex -1.989469 0.191418 0.050000
    vertex -1.989829 0.193342 0.050000
    vertex -1.989829 0.193342 -0.050000
  endloop
endfacet
facet normal -0.000192 -0.000036 -0.000000
  outer loop
    vertex -1.989469 0.191418 0.050000
    vertex -1.989829 0.193342 -0.050000
    vertex -1.989469 0.191418 -0.050000
  endloop
endfacet
facet normal -0.000192 -0.000036 0.000000
  outer loop
    vertex -1.989829 0.193342 0.050000
    vertex -1.990190 0.195266 0.050000
    vertex -1.990190 0.195266 -0.050000
  endloop
endfacet
facet normal -0.000192 -0.000036 -0.000000
  outer loop
    vertex -1.989829 0.193342 0.050000
    vertex -1.990190 0.195266 -0.050000
    vertex -1.989829 0.193342 -0.050000
  endloop
endfacet
facet normal -0.000192 -0.000036 0.000000
  outer loop
    vertex -1.990190 0.195266 0.050000
    vertex -1.990553 0.197190 0.050000
    vertex -1.990553 0.197190 -0.050000
  endloop
endfacet
facet normal -0.000192 -0.000036 -0.000000
  outer loop
    vertex -1.990190 0.195266 0.050000
    vertex -1.990553 0.197190 -0.050000
    vertex -1.990190 0.195266 -0.050000
  endloop
endfacet
facet normal -0.000192 -0.000036 0.000000
  outer loop
    vertex -1.990553 0.197190 0.050000
    vertex -1.990918 0.199113 0.050000
    vertex -1.990918 0.199113 -0.050000
  endloop
endfacet
facet normal -0.000192 -0.000036 -0.000000
  outer loop
    vertex -1.990553 0.197190 0.050000
    vertex -1.990918 0.199113 -0.050000
    vertex -1.990553 0.197190 -0.050000
  endloop
endfacet
facet normal -0.000192 -0.000037 0.000000
  outer loop
    vertex -1.990918 0.199113 0.050000
    vertex -1.991284 0.201037 0.050000
    vertex -1.991284 0.201037 -0.050000
  endloop
endfacet
facet normal -0.000192 -0.000037 -0.000000
  outer loop
    vertex -1.990918 0.199113 0.050000
    vertex -1.991284 0.201037 -0.050000
    vertex -1.990918 0.199113 -0.050000
  endloop
endfacet
facet normal -0.000192 -0.000037 0.000000
  outer loop
    vertex -1.991284 0.201037 0.050000
    vertex -1.991652 0.202961 0.050000
    vertex -1.991652 0.202961 -0.050000
  endloop
endfacet
facet normal -0.000192 -0.000037 -0.000000
  outer loop
    vertex -1.991284 0.201037 0.050000
    vertex -1.991652 0.202961 -0.050000
    vertex -1.991284 0.201037 -0.050000
  endloop
endfacet
facet normal -0.000192 -0.000037 0.000000
  outer loop
    vertex -1.991652 0.202961 0.050000
    vertex -1.992022 0.204885 0.050000
    vertex -1.992022 0.204885 -0.050000
  endloop
endfacet
facet normal -0.000192 -0.000037 -0.000000
  outer loop
    vertex -1.991652 0.202961 0.050000
    vertex -1.992022 0.204885 -0.050000
    vertex -1.991652 0.202961 -0.050000
  endloop
endfacet
facet normal -0.000192 -0.000037 0.000000
  outer loop
    vertex -1.992022 0.204885 0.050000
    vertex -1.992394 0.206809 0.050000
    vertex -1.992394 0.206809 -0.050000
  endloop
endfacet
facet normal -0.000192 -0.000037 -0.000000
  outer loop
    vertex -1.992022 0.204885 0.050000
    vertex -1.992394 0.206809 -0.050000
    vertex -1.992022 0.204885 -0.050000
  endloop
endfacet
facet normal -0.000192 -0.000037 0.000000
  outer loop
    vertex -1.992394 0.206809 0.050000
    vertex -1.992768 0.208733 0.050000
    vertex -1.992768 0.208733 -0.050000
  endloop
endfacet
facet normal -0.000192 -0.000037 -0.000000
  outer loop
    vertex -1.992394 0.206809 0.050000
    vertex -1.992768 0.208733 -0.050000
    vertex -1.992394 0.206809 -0.050000
  endloop
endfacet
facet normal -0.000192 -0.000038 0.000000
  outer loop
    vertex -1.992768 0.208733 0.050000
    vertex -1.993143 0.210657 0.050000
    vertex -1.993143 0.210657 -0.050000
  endloop
endfacet
facet normal -0.000192 -0.000038 -0.000000
  outer loop
    vertex -1.992768 0.208733 0.050000
    vertex -1.993143 0.210657 -0.050000
    vertex -1.992768 0.208733 -0.050000
  endloop
endfacet
facet normal -0.000192 -0.000038 0.000000
  outer loop
    vertex -1.993143 0.210657 0.050000
    vertex -1.993520 0.212580 0.050000
    vertex -1.993520 0.212580 -0.050000
  endloop
endfacet
facet normal -0.000192 -0.000038 -0.000000
  outer loop
    vertex -1.993143 0.210657 0.050000
    vertex -1.993520 0.212580 -0.050000
    vertex -1.993143 0.210657 -0.050000
  endloop
endfacet
facet normal -0.000192 -0.000038 0.000000
  outer loop
    vertex -1.993520 0.212580 0.050000
    vertex -1.993898 0.214504 0.050000
    vertex -1.993898 0.214504 -0.050000
  endloop
endfacet
facet normal -0.000192 -0.000038 -0.000000
  outer loop
    vertex -1.993520 0.212580 0.050000
    vertex -1.993898 0.214504 -0.050000
    vertex -1.993520 0.212580 -0.050000
  endloop
endfacet
facet normal -0.000192 -0.000038 0.000000
  outer loop
    vertex -1.993898 0.214504 0.050000
    vertex -1.994279 0.216428 0.050000
    vertex -1.994279 0.216428 -0.050000
  endloop
endfacet
facet normal -0.000192 -0.000038 -0.000000
  outer loop
    vertex -1.993898 0.214504 0.050000
    vertex -1.994279 0.216428 -0.050000
    vertex -1.993898 0.214504 -0.050000
  endloop
endfacet
facet normal -0.000192 -0.000038 0.000000
  outer loop
    vertex -1.994279 0.216428 0.050000
    vertex -1.994661 0.218352 0.050000
    vertex -1.994661 0.218352 -0.050000
  endloop
endfacet
facet normal -0.000192 -0.000038 -0.000000
  outer loop
    vertex -1.994279 0.216428 0.050000
    vertex -1.994661 0.218352 -0.050000
    vertex -1.994279 0.216428 -0.050000
  endloop
endfacet
facet normal -0.000192 -0.000038 0.000000
  outer loop
    vertex -1.994661 0.218352 0.050000
    vertex -1.995046 0.220276 0.050000
    vertex -1.995046 0.220276 -0.050000
  endloop
endfacet
facet normal -0.000192 -0.000038 -0.000000
  outer loop
    vertex -1.994661 0.218352 0.050000
    vertex -1.995046 0.220276 -0.050000
    vertex -1.994661 0.218352 -0.050000
  endloop
endfacet
facet normal -0.000192 -0.000039 0.000000
  outer loop
    vertex -1.995046 0.220276 0.050000
    vertex -1.995432 0.222200 0.050000
    vertex -1.995432 0.222200 -0.050000
  endloop
endfacet
facet normal -0.000192 -0.000039 -0.000000
  outer loop
    vertex -1.995046 0.220276 0.050000
    vertex -1.995432 0.222200 -0.050000
    vertex -1.995046 0.220276 -0.050000
  endloop
endfacet
facet normal -0.000192 -0.000039 0.000000
  outer loop
    vertex -1.995432 0.222200 0.050000
    vertex -1.995820 0.224123 0.050000
    vertex -1.995820 0.224123 -0.050000
  endloop
endfacet
facet normal -0.000192 -0.000039 -0.000000
  outer loop
    vertex -1.995432 0.222200 0.050000
    vertex -1.995820 0.224123 -0.050000
    vertex -1.995432 0.222200 -0.050000
  endloop
endfacet
facet normal -0.000192 -0.000039 0.000000
  outer loop
    vertex -1.995820 0.224123 0.050000
    vertex -1.996210 0.226047 0.050000
    vertex -1.996210 0.226047 -0.050000
  endloop
endfacet
facet normal -0.000192 -0.000039 -0.000000
  outer loop
    vertex -1.995820 0.224123 0.050000
    vertex -1.996210 0.226047 -0.050000
    vertex -1.995820 0.224123 -0.050000
  endloop
endfacet
facet normal -0.000192 -0.000039 0.000000
  outer loop
    vertex -1.996210 0.226047 0.050000
    vertex -1.996601 0.227971 0.050000
    vertex -1.996601 0.227971 -0.050000
  endloop
endfacet
facet normal -0.000192 -0.000039 -0.000000
  outer loop
    vertex -1.996210 0.226047 0.050000
    vertex -1.996601 0.227971 -0.050000
    vertex -1.996210 0.226047 -0.050000
  endloop
endfacet
facet normal -0.000192 -0.000039 0.000000
  outer loop
    vertex -1.996601 0.227971 0.050000
    vertex -1.996995 0.229895 0.050000
    vertex -1.996995 0.229895 -0.050000
  endloop
endfacet
facet normal -0.000192 -0.000039 -0.000000
  outer loop
    vertex -1.996601 0.227971 0.050000
    vertex -1.996995 0.229895 -0.050000
    vertex -1.996601 0.227971 -0.050000
  endloop
endfacet
facet normal -0.000192 -0.000040 0.000000
  outer loop
    vertex -1.996995 0.229895 0.050000
    vertex -1.997390 0.231819 0.050000
    vertex -1.997390 0.231819 -0.050000
  endloop
endfacet
facet normal -0.000192 -0.000040 -0.000000
  outer loop
    vertex -1.996995 0.229895 0.050000
    vertex -1.997390 0.231819 -0.050000
    vertex -1.996995 0.229895 -0.050000
  endloop
endfacet
facet normal -0.000192 -0.000040 0.000000
  outer loop
    vertex -1.997390 0.231819 0.050000
    vertex -1.997788 0.233743 0.050000
    vertex -1.997788 0.233743 -0.050000
  endloop
endfacet
facet normal -0.000192 -0.000040 -0.000000
  outer loop
    vertex -1.997390 0.231819 0.050000
    vertex -1.997788 0.233743 -0.050000
    vertex -1.997390 0.231819 -0.050000
  endloop
endfacet
facet normal -0.000192 -0.000040 0.000000
  outer loop
    vertex -1.997788 0.233743 0.050000
    vertex -1.998187 0.235667 0.050000
    vertex -1.998187 0.235667 -0.050000
  endloop
endfacet
facet normal -0.000192 -0.000040 -0.000000
  outer loop
    vertex -1.997788 0.233743 0.050000
    vertex -1.998187 0.235667 -0.050000
    vertex -1.997788 0.233743 -0.050000
  endloop
endfacet
facet normal -0.000192 -0.000040 0.000000
  outer loop
    vertex -1.998187 0.235667 0.050000
    vertex -1.998589 0.237590 0.050000
    vertex -1.998589 0.237590 -0.050000
  endloop
endfacet
facet normal -0.000192 -0.000040 -0.000000
  outer loop
    vertex -1.998187 0.235667 0.050000
    vertex -1.998589 0.237590 -0.050000
    vertex -1.998187 0.235667 -0.050000
  endloop
endfacet
facet normal -0.000154 -0.000047 0.000000
  outer loop
    vertex -1.998589 0.237590 0.050000
    vertex -1.999056 0.239133 0.050000
    vertex -1.999056 0.239133 -0.050000
  endloop
endfacet
facet normal -0.000154 -0.000047 -0.000000
  outer loop
    vertex -1.998589 0.237590 0.050000
    vertex -1.999056 0.239133 -0.050000
    vertex -1.998589 0.237590 -0.050000
  endloop
endfacet
facet normal -0.000077 -0.000060 0.000000
  outer loop
    vertex -1.999056 0.239133 0.050000
    vertex -1.999653 0.239904 0.050000
    vertex -1.999653 0.239904 -0.050000
  endloop
endfacet
facet normal -0.000077 -0.000060 -0.000000
  outer loop
    vertex -1.999056 0.239133 0.050000
    vertex -1.999653 0.239904 -0.050000
    vertex -1.999056 0.239133 -0.050000
  endloop
endfacet
facet normal -0.000000 -0.000069 0.000000
  outer loop
    vertex -1.999653 0.239904 0.050000
    vertex -2.000347 0.239904 0.050000
    vertex -2.000347 0.239904 -0.050000
  endloop
endfacet
facet normal 0.000000 -0.000069 -0.000000
  outer loop
    vertex -1.999653 0.239904 0.050000
    vertex -2.000347 0.239904 -0.050000
    vertex -1.999653 0.239904 -0.050000
  endloop
endfacet
facet normal 0.000077 -0.000060 0.000000
  outer loop
    vertex -2.000347 0.239904 0.050000
    vertex -2.000944 0.239133 0.050000
    vertex -2.000944 0.239133 -0.050000
  endloop
endfacet
facet normal 0.000077 -0.000060 0.000000
  outer loop
    vertex -2.000347 0.239904 0.050000
    vertex -2.000944 0.239133 -0.050000
    vertex -2.000347 0.239904 -0.050000
  endloop
endfacet
facet normal 0.000154 -0.000047 0.000000
  outer loop
    vertex -2.000944 0.239133 0.050000
    vertex -2.001411 0.237590 0.050000
    vertex -2.001411 0.237590 -0.050000
  endloop
endfacet
facet normal 0.000154 -0.000047 0.000000
  outer loop
    vertex -2.000944 0.239133 0.050000
    vertex -2.001411 0.237590 -0.050000
    vertex -2.000944 0.239133 -0.050000
  endloop
endfacet
facet normal 0.000192 -0.000040 0.000000
  outer loop
    vertex -2.001411 0.237590 0.050000
    vertex -2.001813 0.235667 0.050000
    vertex -2.001813 0.235667 -0.050000
  endloop
endfacet
facet normal 0.000192 -0.000040 0.000000
  outer loop
    vertex -2.001411 0.237590 0.050000
    vertex -2.001813 0.235667 -0.050000
    vertex -2.001411 0.237590 -0.050000
  endloop
endfacet
facet normal 0.000192 -0.000040 0.000000
  outer loop
    vertex -2.001813 0.235667 0.050000
    vertex -2.002212 0.233743 0.050000
    vertex -2.002212 0.233743 -0.050000
  endloop
endfacet
facet normal 0.000192 -0.000040 0.000000
  outer loop
    vertex -2.001813 0.235667 0.050000
    vertex -2.002212 0.233743 -0.050000
    vertex -2.001813 0.235667 -0.050000
  endloop
endfacet
facet normal 0.000192 -0.000040 0.000000
  outer loop
    vertex -2.002212 0.233743 0.050000
    vertex -2.002609 0.231819 0.050000
    vertex -2.002609 0.231819 -0.050000
  endloop
endfacet
facet normal 0.000192 -0.000040 0.000000
  outer loop
    vertex -2.002212 0.233743 0.050000
    vertex -2.002609 0.231819 -0.050000
    vertex -2.002212 0.233743 -0.050000
  endloop
endfacet
facet normal 0.000192 -0.000040 0.000000
  outer loop
    vertex -2.002609 0.231819 0.050000
    vertex -2.003005 0.229895 0.050000
    vertex -2.003005 0.229895 -0.050000
  endloop
endfacet
facet normal 0.000192 -0.000040 0.000000
  outer loop
    vertex -2.002609 0.231819 0.050000
    vertex -2.003005 0.229895 -0.050000
    vertex -2.002609 0.231819 -0.050000
  endloop
endfacet
facet normal 0.000192 -0.000039 0.000000
  outer loop
    vertex -2.003005 0.229895 0.050000
    vertex -2.003399 0.227971 0.050000
    vertex -2.003399 0.227971 -0.050000
  endloop
endfacet
facet normal 0.000192 -0.000039 0.000000
  outer loop
    vertex -2.003005 0.229895 0.050000
    vertex -2.003399 0.227971 -0.050000
    vertex -2.003005 0.229895 -0.050000
  endloop
endfacet
facet normal 0.000192 -0.000039 0.000000
  outer loop
    vertex -2.003399 0.227971 0.050000
    vertex -2.003790 0.226047 0.050000
    vertex -2.003790 0.226047 -0.050000
  endloop
endfacet
facet normal 0.000192 -0.000039 0.000000
  outer loop
    vertex -2.003399 0.227971 0.050000
    vertex -2.003790 0.226047 -0.050000
    vertex -2.003399 0.227971 -0.050000
  endloop
endfacet
facet normal 0.000192 -0.000039 0.000000
  outer loop
    vertex -2.003790 0.226047 0.050000
    vertex -2.004180 0.224123 0.050000
    vertex -2.004180 0.224123 -0.050000
  endloop
endfacet
facet normal 0.000192 -0.000039 0.000000
  outer loop
    vertex -2.003790 0.226047 0.050000
    vertex -2.004180 0.224123 -0.050000
    vertex -2.003790 0.226047 -0.050000
  endloop
endfacet
facet normal 0.000192 -0.000039 0.000000
  outer loop
    vertex -2.004180 0.224123 0.050000
    vertex -2.004568 0.222200 0.050000
    vertex -2.004568 0.222200 -0.050000
  endloop
endfacet
facet normal 0.000192 -0.000039 0.000000
  outer loop
    vertex -2.004180 0.224123 0.050000
    vertex -2.004568 0.222200 -0.050000
    vertex -2.004180 0.224123 -0.050000
  endloop
endfacet
facet normal 0.000192 -0.000039 0.000000
  outer loop
    vertex -2.004568 0.222200 0.050000
    vertex -2.004954 0.220276 0.050000
    vertex -2.004954 0.220276 -0.050000
  endloop
endfacet
facet normal 0.000192 -0.000039 0.000000
  outer loop
    vertex -2.004568 0.222200 0.050000
    vertex -2.004954 0.220276 -0.050000
    vertex -2.004568 0.222200 -0.050000
  endloop
endfacet
facet normal 0.000192 -0.000038 0.000000
  outer loop
    vertex -2.004954 0.220276 0.050000
    vertex -2.005339 0.218352 0.050000
    vertex -2.005339 0.218352 -0.050000
  endloop
endfacet
facet normal 0.000192 -0.000038 0.000000
  outer loop
    vertex -2.004954 0.220276 0.050000
    vertex -2.005339 0.218352 -0.050000
    vertex -2.004954 0.220276 -0.050000
  endloop
endfacet
facet normal 0.000192 -0.000038 0.000000
  outer loop
    vertex -2.005339 0.218352 0.050000
    vertex -2.005721 0.216428 0.050000
    vertex -2.005721 0.216428 -0.050000
  endloop
endfacet
facet normal 0.000192 -0.000038 0.000000
  outer loop
    vertex -2.005339 0.218352 0.050000
    vertex -2.005721 0.216428 -0.050000
    vertex -2.005339 0.218352 -0.050000
  endloop
endfacet
facet normal 0.000192 -0.000038 0.000000
  outer loop
    vertex -2.005721 0.216428 0.050000
    vertex -2.006102 0.214504 0.050000
    vertex -2.006102 0.214504 -0.050000
  endloop
endfacet
facet normal 0.000192 -0.000038 0.000000
  outer loop
    vertex -2.005721 0.216428 0.050000
    vertex -2.006102 0.214504 -0.050000
    vertex -2.005721 0.216428 -0.050000
  endloop
endfacet
facet normal 0.000192 -0.000038 0.000000
  outer loop
    vertex -2.006102 0.214504 0.050000
    vertex -2.006480 0.212580 0.050000
    vertex -2.006480 0.212580 -0.050000
  endloop
endfacet
facet normal 0.000192 -0.000038 0.000000
  outer loop
    vertex -2.006102 0.214504 0.050000
    vertex -2.006480 0.212580 -0.050000
    vertex -2.006102 0.214504 -0.050000
  endloop
endfacet
facet normal 0.000192 -0.000038 0.000000
  outer loop
    vertex -2.006480 0.212580 0.050000
    vertex -2.006857 0.210657 0.050000
    vertex -2.006857 0.210657 -0.050000
  endloop
endfacet
facet normal 0.000192 -0.000038 0.000000
  outer loop
    vertex -2.006480 0.212580 0.050000
    vertex -2.006857 0.210657 -0.050000
    vertex -2.006480 0.212580 -0.050000
  endloop
endfacet
facet normal 0.000192 -0.000038 0.000000
  outer loop
    vertex -2.006857 0.210657 0.050000
    vertex -2.007232 0.208733 0.050000
    vertex -2.007232 0.208733 -0.050000
  endloop
endfacet
facet normal 0.000192 -0.000038 0.000000
  outer loop
    vertex -2.006857 0.210657 0.050000
    vertex -2.007232 0.208733 -0.050000
    vertex -2.006857 0.210657 -0.050000
  endloop
endfacet
facet normal 0.000192 -0.000037 0.000000
  outer loop
    vertex -2.007232 0.208733 0.050000
    vertex -2.007606 0.206809 0.050000
    vertex -2.007606 0.206809 -0.050000
  endloop
endfacet
facet normal 0.000192 -0.000037 0.000000
  outer loop
    vertex -2.007232 0.208733 0.050000
    vertex -2.007606 0.206809 -0.050000
    vertex -2.007232 0.208733 -0.050000
  endloop
endfacet
facet normal 0.000192 -0.000037 0.000000
  outer loop
    vertex -2.007606 0.206809 0.050000
    vertex -2.007977 0.204885 0.050000
    vertex -2.007977 0.204885 -0.050000
  endloop
endfacet
facet normal 0.000192 -0.000037 0.000000
  outer loop
    vertex -2.007606 0.206809 0.050000
    vertex -2.007977 0.204885 -0.050000
    vertex -2.007606 0.206809 -0.050000
  endloop
endfacet
facet normal 0.000192 -0.000037 0.000000
  outer loop
    vertex -2.007977 0.204885 0.050000
    vertex -2.008348 0.202961 0.050000
    vertex -2.008348 0.202961 -0.050000
  endloop
endfacet
facet normal 0.000192 -0.000037 0.000000
  outer loop
    vertex -2.007977 0.204885 0.050000
    vertex -2.008348 0.202961 -0.050000
    vertex -2.007977 0.204885 -0.050000
  endloop
endfacet
facet normal 0.000192 -0.000037 0.000000
  outer loop
    vertex -2.008348 0.202961 0.050000
    vertex -2.008716 0.201037 0.050000
    vertex -2.008716 0.201037 -0.050000
  endloop
endfacet
facet normal 0.000192 -0.000037 0.000000
  outer loop
    vertex -2.008348 0.202961 0.050000
    vertex -2.008716 0.201037 -0.050000
    vertex -2.008348 0.202961 -0.050000
  endloop
endfacet
facet normal 0.000192 -0.000037 0.000000
  outer loop
    vertex -2.008716 0.201037 0.050000
    vertex -2.009082 0.199113 0.050000
    vertex -2.009082 0.199113 -0.050000
  endloop
endfacet
facet normal 0.000192 -0.000037 0.000000
  outer loop
    vertex -2.008716 0.201037 0.050000
    vertex -2.009082 0.199113 -0.050000
    vertex -2.008716 0.201037 -0.050000
  endloop
endfacet
facet normal 0.000192 -0.000036 0.000000
  outer loop
    vertex -2.009082 0.199113 0.050000
    vertex -2.009447 0.197190 0.050000
    vertex -2.009447 0.197190 -0.050000
  endloop
endfacet
facet normal 0.000192 -0.000036 0.000000
  outer loop
    vertex -2.009082 0.199113 0.050000
    vertex -2.009447 0.197190 -0.050000
    vertex -2.009082 0.199113 -0.050000
  endloop
endfacet
facet normal 0.000192 -0.000036 0.000000
  outer loop
    vertex -2.009447 0.197190 0.050000
    vertex -2.009810 0.195266 0.050000
    vertex -2.009810 0.195266 -0.050000
  endloop
endfacet
facet normal 0.000192 -0.000036 0.000000
  outer loop
    vertex -2.009447 0.197190 0.050000
    vertex -2.009810 0.195266 -0.050000
    vertex -2.009447 0.197190 -0.050000
  endloop
endfacet
facet normal 0.000192 -0.000036 0.000000
  outer loop
    vertex -2.009810 0.195266 0.050000
    vertex -2.010171 0.193342 0.050000
    vertex -2.010171 0.193342 -0.050000
  endloop
endfacet
facet normal 0.000192 -0.000036 0.000000
  outer loop
    vertex -2.009810 0.195266 0.050000
    vertex -2.010171 0.193342 -0.050000
    vertex -2.009810 0.195266 -0.050000
  endloop
endfacet
facet normal 0.000192 -0.000036 0.000000
  outer loop
    vertex -2.010171 0.193342 0.050000
    vertex -2.010531 0.191418 0.050000
    vertex -2.010531 0.191418 -0.050000
  endloop
endfacet
facet normal 0.000192 -0.000036 0.000000
  outer loop
    vertex -2.010171 0.193342 0.050000
    vertex -2.010531 0.191418 -0.050000
    vertex -2.010171 0.193342 -0.050000
  endloop
endfacet
facet normal 0.000192 -0.000036 0.000000
  outer loop
    vertex -2.010531 0.191418 0.050000
    vertex -2.010889 0.189494 0.050000
    vertex -2.010889 0.189494 -0.050000
  endloop
endfacet
facet normal 0.000192 -0.000036 0.000000
  outer loop
    vertex -2.010531 0.191418 0.050000
    vertex -2.010889 0.189494 -0.050000
    vertex -2.010531 0.191418 -0.050000
  endloop
endfacet
facet normal 0.000192 -0.000036 0.000000
  outer loop
    vertex -2.010889 0.189494 0.050000
    vertex -2.011245 0.187570 0.050000
    vertex -2.011245 0.187570 -0.050000
  endloop
endfacet
facet normal 0.000192 -0.000036 0.000000
  outer loop
    vertex -2.010889 0.189494 0.050000
    vertex -2.011245 0.187570 -0.050000
    vertex -2.010889 0.189494 -0.050000
  endloop
endfacet
facet normal 0.000192 -0.000035 0.000000
  outer loop
    vertex -2.011245 0.187570 0.050000
    vertex -2.011600 0.185646 0.050000
    vertex -2.011600 0.185646 -0.050000
  endloop
endfacet
facet normal 0.000192 -0.000035 0.000000
  outer loop
    vertex -2.011245 0.187570 0.050000
    vertex -2.011600 0.185646 -0.050000
    vertex -2.011245 0.187570 -0.050000
  endloop
endfacet
facet normal 0.000192 -0.000035 0.000000
  outer loop
    vertex -2.011600 0.185646 0.050000
    vertex -2.011953 0.183723 0.050000
    vertex -2.011953 0.183723 -0.050000
  endloop
endfacet
facet normal 0.000192 -0.000035 0.000000
  outer loop
    vertex -2.011600 0.185646 0.050000
    vertex -2.011953 0.183723 -0.050000
    vertex -2.011600 0.185646 -0.050000
  endloop
endfacet
facet normal 0.000192 -0.000035 0.000000
  outer loop
    vertex -2.011953 0.183723 0.050000
    vertex -2.012304 0.181799 0.050000
    vertex -2.012304 0.181799 -0.050000
  endloop
endfacet
facet normal 0.000192 -0.000035 0.000000
  outer loop
    vertex -2.011953 0.183723 0.050000
    vertex -2.012304 0.181799 -0.050000
    vertex -2.011953 0.183723 -0.050000
  endloop
endfacet
facet normal 0.000192 -0.000035 0.000000
  outer loop
    vertex -2.012304 0.181799 0.050000
    vertex -2.012654 0.179875 0.050000
    vertex -2.012654 0.179875 -0.050000
  endloop
endfacet
facet normal 0.000192 -0.000035 0.000000
  outer loop
    vertex -2.012304 0.181799 0.050000
    vertex -2.012654 0.179875 -0.050000
    vertex -2.012304 0.181799 -0.050000
  endloop
endfacet
facet normal 0.000192 -0.000035 0.000000
  outer loop
    vertex -2.012654 0.179875 0.050000
    vertex -2.013002 0.177951 0.050000
    vertex -2.013002 0.177951 -0.050000
  endloop
endfacet
facet normal 0.000192 -0.000035 0.000000
  outer loop
    vertex -2.012654 0.179875 0.050000
    vertex -2.013002 0.177951 -0.050000
    vertex -2.012654 0.179875 -0.050000
  endloop
endfacet
facet normal 0.000192 -0.000035 0.000000
  outer loop
    vertex -2.013002 0.177951 0.050000
    vertex -2.013349 0.176027 0.050000
    vertex -2.013349 0.176027 -0.050000
  endloop
endfacet
facet normal 0.000192 -0.000035 0.000000
  outer loop
    vertex -2.013002 0.177951 0.050000
    vertex -2.013349 0.176027 -0.050000
    vertex -2.013002 0.177951 -0.050000
  endloop
endfacet
facet normal 0.000192 -0.000034 0.000000
  outer loop
    vertex -2.013349 0.176027 0.050000
    vertex -2.013694 0.174103 0.050000
    vertex -2.013694 0.174103 -0.050000
  endloop
endfacet
facet normal 0.000192 -0.000034 0.000000
  outer loop
    vertex -2.013349 0.176027 0.050000
    vertex -2.013694 0.174103 -0.050000
    vertex -2.013349 0.176027 -0.050000
  endloop
endfacet
facet normal 0.000192 -0.000034 0.000000
  outer loop
    vertex -2.013694 0.174103 0.050000
    vertex -2.014037 0.172180 0.050000
    vertex -2.014037 0.172180 -0.050000
  endloop
endfacet
facet normal 0.000192 -0.000034 0.000000
  outer loop
    vertex -2.013694 0.174103 0.050000
    vertex -2.014037 0.172180 -0.050000
    vertex -2.013694 0.174103 -0.050000
  endloop
endfacet
facet normal 0.000192 -0.000034 0.000000
  outer loop
    vertex -2.014037 0.172180 0.050000
    vertex -2.014379 0.170256 0.050000
    vertex -2.014379 0.170256 -0.050000
  endloop
endfacet
facet normal 0.000192 -0.000034 0.000000
  outer loop
    vertex -2.014037 0.172180 0.050000
    vertex -2.014379 0.170256 -0.050000
    vertex -2.014037 0.172180 -0.050000
  endloop
endfacet
facet normal 0.000192 -0.000034 0.000000
  outer loop
    vertex -2.014379 0.170256 0.050000
    vertex -2.014719 0.168332 0.050000
    vertex -2.014719 0.168332 -0.050000
  endloop
endfacet
facet normal 0.000192 -0.000034 0.000000
  outer loop
    vertex -2.014379 0.170256 0.050000
    vertex -2.014719 0.168332 -0.050000
    vertex -2.014379 0.170256 -0.050000
  endloop
endfacet
facet normal 0.000192 -0.000034 0.000000
  outer loop
    vertex -2.014719 0.168332 0.050000
    vertex -2.015057 0.166408 0.050000
    vertex -2.015057 0.166408 -0.050000
  endloop
endfacet
facet normal 0.000192 -0.000034 0.000000
  outer loop
    vertex -2.014719 0.168332 0.050000
    vertex -2.015057 0.166408 -0.050000
    vertex -2.014719 0.168332 -0.050000
  endloop
endfacet
facet normal 0.000192 -0.000034 0.000000
  outer loop
    vertex -2.015057 0.166408 0.050000
    vertex -2.015394 0.164484 0.050000
    vertex -2.015394 0.164484 -0.050000
  endloop
endfacet
facet normal 0.000192 -0.000034 0.000000
  outer loop
    vertex -2.015057 0.166408 0.050000
    vertex -2.015394 0.164484 -0.050000
    vertex -2.015057 0.166408 -0.050000
  endloop
endfacet
facet normal 0.000192 -0.000034 0.000000
  outer loop
    vertex -2.015394 0.164484 0.050000
    vertex -2.015730 0.162560 0.050000
    vertex -2.015730 0.162560 -0.050000
  endloop
endfacet
facet normal 0.000192 -0.000034 0.000000
  outer loop
    vertex -2.015394 0.164484 0.050000
    vertex -2.015730 0.162560 -0.050000
    vertex -2.015394 0.164484 -0.050000
  endloop
endfacet
facet normal 0.000192 -0.000033 0.000000
  outer loop
    vertex -2.015730 0.162560 0.050000
    vertex -2.016063 0.160636 0.050000
    vertex -2.016063 0.160636 -0.050000
  endloop
endfacet
facet normal 0.000192 -0.000033 0.000000
  outer loop
    vertex -2.015730 0.162560 0.050000
    vertex -2.016063 0.160636 -0.050000
    vertex -2.015730 0.162560 -0.050000
  endloop
endfacet
facet normal 0.000192 -0.000033 0.000000
  outer loop
    vertex -2.016063 0.160636 0.050000
    vertex -2.016396 0.158713 0.050000
    vertex -2.016396 0.158713 -0.050000
  endloop
endfacet
facet normal 0.000192 -0.000033 0.000000
  outer loop
    vertex -2.016063 0.160636 0.050000
    vertex -2.016396 0.158713 -0.050000
    vertex -2.016063 0.160636 -0.050000
  endloop
endfacet
facet normal 0.000192 -0.000033 0.000000
  outer loop
    vertex -2.016396 0.158713 0.050000
    vertex -2.016726 0.156789 0.050000
    vertex -2.016726 0.156789 -0.050000
  endloop
endfacet
facet normal 0.000192 -0.000033 0.000000
  outer loop
    vertex -2.016396 0.158713 0.050000
    vertex -2.016726 0.156789 -0.050000
    vertex -2.016396 0.158713 -0.050000
  endloop
endfacet
facet normal 0.000192 -0.000033 0.000000
  outer loop
    vertex -2.016726 0.156789 0.050000
    vertex -2.017056 0.154865 0.050000
    vertex -2.017056 0.154865 -0.050000
  endloop
endfacet
facet normal 0.000192 -0.000033 0.000000
  outer loop
    vertex -2.016726 0.156789 0.050000
    vertex -2.017056 0.154865 -0.050000
    vertex -2.016726 0.156789 -0.050000
  endloop
endfacet
facet normal 0.000192 -0.000033 0.000000
  outer loop
    vertex -2.017056 0.154865 0.050000
    vertex -2.017383 0.152941 0.050000
    vertex -2.017383 0.152941 -0.050000
  endloop
endfacet
facet normal 0.000192 -0.000033 0.000000
  outer loop
    vertex -2.017056 0.154865 0.050000
    vertex -2.017383 0.152941 -0.050000
    vertex -2.017056 0.154865 -0.050000
  endloop
endfacet
facet normal 0.000192 -0.000033 0.000000
  outer loop
    vertex -2.017383 0.152941 0.050000
    vertex -2.017709 0.151017 0.050000
    vertex -2.017709 0.151017 -0.050000
  endloop
endfacet
facet normal 0.000192 -0.000033 0.000000
  outer loop
    vertex -2.017383 0.152941 0.050000
    vertex -2.017709 0.151017 -0.050000
    vertex -2.017383 0.152941 -0.050000
  endloop
endfacet
facet normal 0.000192 -0.000032 0.000000
  outer loop
    vertex -2.017709 0.151017 0.050000
    vertex -2.018034 0.149093 0.050000
    vertex -2.018034 0.149093 -0.050000
  endloop
endfacet
facet normal 0.000192 -0.000032 0.000000
  outer loop
    vertex -2.017709 0.151017 0.050000
    vertex -2.018034 0.149093 -0.050000
    vertex -2.017709 0.151017 -0.050000
  endloop
endfacet
facet normal 0.000192 -0.000032 0.000000
  outer loop
    vertex -2.018034 0.149093 0.050000
    vertex -2.018357 0.147170 0.050000
    vertex -2.018357 0.147170 -0.050000
  endloop
endfacet
facet normal 0.000192 -0.000032 0.000000
  outer loop
    vertex -2.018034 0.149093 0.050000
    vertex -2.018357 0.147170 -0.050000
    vertex -2.018034 0.149093 -0.050000
  endloop
endfacet
facet normal 0.000192 -0.000032 0.000000
  outer loop
    vertex -2.018357 0.147170 0.050000
    vertex -2.018678 0.145246 0.050000
    vertex -2.018678 0.145246 -0.050000
  endloop
endfacet
facet normal 0.000192 -0.000032 0.000000
  outer loop
    vertex -2.018357 0.147170 0.050000
    vertex -2.018678 0.145246 -0.050000
    vertex -2.018357 0.147170 -0.050000
  endloop
endfacet
facet normal 0.000192 -0.000032 0.000000
  outer loop
    vertex -2.018678 0.145246 0.050000
    vertex -2.018998 0.143322 0.050000
    vertex -2.018998 0.143322 -0.050000
  endloop
endfacet
facet normal 0.000192 -0.000032 0.000000
  outer loop
    vertex -2.018678 0.145246 0.050000
    vertex -2.018998 0.143322 -0.050000
    vertex -2.018678 0.145246 -0.050000
  endloop
endfacet
facet normal 0.000192 -0.000032 0.000000
  outer loop
    vertex -2.018998 0.143322 0.050000
    vertex -2.019316 0.141398 0.050000
    vertex -2.019316 0.141398 -0.050000
  endloop
endfacet
facet normal 0.000192 -0.000032 0.000000
  outer loop
    vertex -2.018998 0.143322 0.050000
    vertex -2.019316 0.141398 -0.050000
    vertex -2.018998 0.143322 -0.050000
  endloop
endfacet
facet normal 0.000192 -0.000032 0.000000
  outer loop
    vertex -2.019316 0.141398 0.050000
    vertex -2.019633 0.139474 0.050000
    vertex -2.019633 0.139474 -0.050000
  endloop
endfacet
facet normal 0.000192 -0.000032 0.000000
  outer loop
    vertex -2.019316 0.141398 0.050000
    vertex -2.019633 0.139474 -0.050000
    vertex -2.019316 0.141398 -0.050000
  endloop
endfacet
facet normal 0.000192 -0.000032 0.000000
  outer loop
    vertex -2.019633 0.139474 0.050000
    vertex -2.019948 0.137550 0.050000
    vertex -2.019948 0.137550 -0.050000
  endloop
endfacet
facet normal 0.000192 -0.000032 0.000000
  outer loop
    vertex -2.019633 0.139474 0.050000
    vertex -2.019948 0.137550 -0.050000
    vertex -2.019633 0.139474 -0.050000
  endloop
endfacet
facet normal 0.000192 -0.000031 0.000000
  outer loop
    vertex -2.019948 0.137550 0.050000
    vertex -2.020262 0.135626 0.050000
    vertex -2.020262 0.135626 -0.050000
  endloop
endfacet
facet normal 0.000192 -0.000031 0.000000
  outer loop
    vertex -2.019948 0.137550 0.050000
    vertex -2.020262 0.135626 -0.050000
    vertex -2.019948 0.137550 -0.050000
  endloop
endfacet
facet normal 0.000192 -0.000031 0.000000
  outer loop
    vertex -2.020262 0.135626 0.050000
    vertex -2.020574 0.133703 0.050000
    vertex -2.020574 0.133703 -0.050000
  endloop
endfacet
facet normal 0.000192 -0.000031 0.000000
  outer loop
    vertex -2.020262 0.135626 0.050000
    vertex -2.020574 0.133703 -0.050000
    vertex -2.020262 0.135626 -0.050000
  endloop
endfacet
facet normal 0.000192 -0.000031 0.000000
  outer loop
    vertex -2.020574 0.133703 0.050000
    vertex -2.020885 0.131779 0.050000
    vertex -2.020885 0.131779 -0.050000
  endloop
endfacet
facet normal 0.000192 -0.000031 0.000000
  outer loop
    vertex -2.020574 0.133703 0.050000
    vertex -2.020885 0.131779 -0.050000
    vertex -2.020574 0.133703 -0.050000
  endloop
endfacet
facet normal 0.000192 -0.000031 0.000000
  outer loop
    vertex -2.020885 0.131779 0.050000
    vertex -2.021194 0.129855 0.050000
    vertex -2.021194 0.129855 -0.050000
  endloop
endfacet
facet normal 0.000192 -0.000031 0.000000
  outer loop
    vertex -2.020885 0.131779 0.050000
    vertex -2.021194 0.129855 -0.050000
    vertex -2.020885 0.131779 -0.050000
  endloop
endfacet
facet normal 0.000192 -0.000031 0.000000
  outer loop
    vertex -2.021194 0.129855 0.050000
    vertex -2.021501 0.127931 0.050000
    vertex -2.021501 0.127931 -0.050000
  endloop
endfacet
facet normal 0.000192 -0.000031 0.000000
  outer loop
    vertex -2.021194 0.129855 0.050000
    vertex -2.021501 0.127931 -0.050000
    vertex -2.021194 0.129855 -0.050000
  endloop
endfacet
facet normal 0.000192 -0.000031 0.000000
  outer loop
    vertex -2.021501 0.127931 0.050000
    vertex -2.021807 0.126007 0.050000
    vertex -2.021807 0.126007 -0.050000
  endloop
endfacet
facet normal 0.000192 -0.000031 0.000000
  outer loop
    vertex -2.021501 0.127931 0.050000
    vertex -2.021807 0.126007 -0.050000
    vertex -2.021501 0.127931 -0.050000
  endloop
endfacet
facet normal 0.000192 -0.000030 0.000000
  outer loop
    vertex -2.021807 0.126007 0.050000
    vertex -2.022112 0.124083 0.050000
    vertex -2.022112 0.124083 -0.050000
  endloop
endfacet
facet normal 0.000192 -0.000030 0.000000
  outer loop
    vertex -2.021807 0.126007 0.050000
    vertex -2.022112 0.124083 -0.050000
    vertex -2.021807 0.126007 -0.050000
  endloop
endfacet
facet normal 0.000192 -0.000030 0.000000
  outer loop
    vertex -2.022112 0.124083 0.050000
    vertex -2.022415 0.122160 0.050000
    vertex -2.022415 0.122160 -0.050000
  endloop
endfacet
facet normal 0.000192 -0.000030 0.000000
  outer loop
    vertex -2.022112 0.124083 0.050000
    vertex -2.022415 0.122160 -0.050000
    vertex -2.022112 0.124083 -0.050000
  endloop
endfacet
facet normal 0.000192 -0.000030 0.000000
  outer loop
    vertex -2.022415 0.122160 0.050000
    vertex -2.022716 0.120236 0.050000
    vertex -2.022716 0.120236 -0.050000
  endloop
endfacet
facet normal 0.000192 -0.000030 0.000000
  outer loop
    vertex -2.022415 0.122160 0.050000
    vertex -2.022716 0.120236 -0.050000
    vertex -2.022415 0.122160 -0.050000
  endloop
endfacet
facet normal 0.000192 -0.000030 0.000000
  outer loop
    vertex -2.022716 0.120236 0.050000
    vertex -2.023016 0.118312 0.050000
    vertex -2.023016 0.118312 -0.050000
  endloop
endfacet
facet normal 0.000192 -0.000030 0.000000
  outer loop
    vertex -2.022716 0.120236 0.050000
    vertex -2.023016 0.118312 -0.050000
    vertex -2.022716 0.120236 -0.050000
  endloop
endfacet
facet normal 0.000192 -0.000030 0.000000
  outer loop
    vertex -2.023016 0.118312 0.050000
    vertex -2.023314 0.116388 0.050000
    vertex -2.023314 0.116388 -0.050000
  endloop
endfacet
facet normal 0.000192 -0.000030 0.000000
  outer loop
    vertex -2.023016 0.118312 0.050000
    vertex -2.023314 0.116388 -0.050000
    vertex -2.023016 0.118312 -0.050000
  endloop
endfacet
facet normal 0.000192 -0.000030 0.000000
  outer loop
    vertex -2.023314 0.116388 0.050000
    vertex -2.023611 0.114464 0.050000
    vertex -2.023611 0.114464 -0.050000
  endloop
endfacet
facet normal 0.000192 -0.000030 0.000000
  outer loop
    vertex -2.023314 0.116388 0.050000
    vertex -2.023611 0.114464 -0.050000
    vertex -2.023314 0.116388 -0.050000
  endloop
endfacet
facet normal 0.000192 -0.000030 0.000000
  outer loop
    vertex -2.023611 0.114464 0.050000
    vertex -2.023906 0.112540 0.050000
    vertex -2.023906 0.112540 -0.050000
  endloop
endfacet
facet normal 0.000192 -0.000030 0.000000
  outer loop
    vertex -2.023611 0.114464 0.050000
    vertex -2.023906 0.112540 -0.050000
    vertex -2.023611 0.114464 -0.050000
  endloop
endfacet
facet normal 0.000192 -0.000029 0.000000
  outer loop
    vertex -2.023906 0.112540 0.050000
    vertex -2.024200 0.110616 0.050000
    vertex -2.024200 0.110616 -0.050000
  endloop
endfacet
facet normal 0.000192 -0.000029 0.000000
  outer loop
    vertex -2.023906 0.112540 0.050000
    vertex -2.024200 0.110616 -0.050000
    vertex -2.023906 0.112540 -0.050000
  endloop
endfacet
facet normal 0.000192 -0.000029 0.000000
  outer loop
    vertex -2.024200 0.110616 0.050000
    vertex -2.024492 0.108693 0.050000
    vertex -2.024492 0.108693 -0.050000
  endloop
endfacet
facet normal 0.000192 -0.000029 0.000000
  outer loop
    vertex -2.024200 0.110616 0.050000
    vertex -2.024492 0.108693 -0.050000
    vertex -2.024200 0.110616 -0.050000
  endloop
endfacet
facet normal 0.000192 -0.000029 0.000000
  outer loop
    vertex -2.024492 0.108693 0.050000
    vertex -2.024782 0.106769 0.050000
    vertex -2.024782 0.106769 -0.050000
  endloop
endfacet
facet normal 0.000192 -0.000029 0.000000
  outer loop
    vertex -2.024492 0.108693 0.050000
    vertex -2.024782 0.106769 -0.050000
    vertex -2.024492 0.108693 -0.050000
  endloop
endfacet
facet normal 0.000192 -0.000029 0.000000
  outer loop
    vertex -2.024782 0.106769 0.050000
    vertex -2.025071 0.104845 0.050000
    vertex -2.025071 0.104845 -0.050000
  endloop
endfacet
facet normal 0.000192 -0.000029 0.000000
  outer loop
    vertex -2.024782 0.106769 0.050000
    vertex -2.025071 0.104845 -0.050000
    vertex -2.024782 0.106769 -0.050000
  endloop
endfacet
facet normal 0.000192 -0.000029 0.000000
  outer loop
    vertex -2.025071 0.104845 0.050000
    vertex -2.025358 0.102921 0.050000
    vertex -2.025358 0.102921 -0.050000
  endloop
endfacet
facet normal 0.000192 -0.000029 0.000000
  outer loop
    vertex -2.025071 0.104845 0.050000
    vertex -2.025358 0.102921 -0.050000
    vertex -2.025071 0.104845 -0.050000
  endloop
endfacet
facet normal 0.000192 -0.000029 0.000000
  outer loop
    vertex -2.025358 0.102921 0.050000
    vertex -2.025644 0.100997 0.050000
    vertex -2.025644 0.100997 -0.050000
  endloop
endfacet
facet normal 0.000192 -0.000029 0.000000
  outer loop
    vertex -2.025358 0.102921 0.050000
    vertex -2.025644 0.100997 -0.050000
    vertex -2.025358 0.102921 -0.050000
  endloop
endfacet
facet normal 0.000192 -0.000028 0.000000
  outer loop
    vertex -2.025644 0.100997 0.050000
    vertex -2.025928 0.099073 0.050000
    vertex -2.025928 0.099073 -0.050000
  endloop
endfacet
facet normal 0.000192 -0.000028 0.000000
  outer loop
    vertex -2.025644 0.100997 0.050000
    vertex -2.025928 0.099073 -0.050000
    vertex -2.025644 0.100997 -0.050000
  endloop
endfacet
facet normal 0.000192 -0.000028 0.000000
  outer loop
    vertex -2.025928 0.099073 0.050000
    vertex -2.026211 0.097149 0.050000
    vertex -2.026211 0.097149 -0.050000
  endloop
endfacet
facet normal 0.000192 -0.000028 0.000000
  outer loop
    vertex -2.025928 0.099073 0.050000
    vertex -2.026211 0.097149 -0.050000
    vertex -2.025928 0.099073 -0.050000
  endloop
endfacet
facet normal 0.000192 -0.000028 0.000000
  outer loop
    vertex -2.026211 0.097149 0.050000
    vertex -2.026492 0.095226 0.050000
    vertex -2.026492 0.095226 -0.050000
  endloop
endfacet
facet normal 0.000192 -0.000028 0.000000
  outer loop
    vertex -2.026211 0.097149 0.050000
    vertex -2.026492 0.095226 -0.050000
    vertex -2.026211 0.097149 -0.050000
  endloop
endfacet
facet normal 0.000192 -0.000028 0.000000
  outer loop
    vertex -2.026492 0.095226 0.050000
    vertex -2.026771 0.093302 0.050000
    vertex -2.026771 0.093302 -0.050000
  endloop
endfacet
facet normal 0.000192 -0.000028 0.000000
  outer loop
    vertex -2.026492 0.095226 0.050000
    vertex -2.026771 0.093302 -0.050000
    vertex -2.026492 0.095226 -0.050000
  endloop
endfacet
facet normal 0.000192 -0.000028 0.000000
  outer loop
    vertex -2.026771 0.093302 0.050000
    vertex -2.027049 0.091378 0.050000
    vertex -2.027049 0.091378 -0.050000
  endloop
endfacet
facet normal 0.000192 -0.000028 0.000000
  outer loop
    vertex -2.026771 0.093302 0.050000
    vertex -2.027049 0.091378 -0.050000
    vertex -2.026771 0.093302 -0.050000
  endloop
endfacet
facet normal 0.000192 -0.000028 0.000000
  outer loop
    vertex -2.027049 0.091378 0.050000
    vertex -2.027325 0.089454 0.050000
    vertex -2.027325 0.089454 -0.050000
  endloop
endfacet
facet normal 0.000192 -0.000028 0.000000
  outer loop
    vertex -2.027049 0.091378 0.050000
    vertex -2.027325 0.089454 -0.050000
    vertex -2.027049 0.091378 -0.050000
  endloop
endfacet
facet normal 0.000192 -0.000027 0.000000
  outer loop
    vertex -2.027325 0.089454 0.050000
    vertex -2.027599 0.087530 0.050000
    vertex -2.027599 0.087530 -0.050000
  endloop
endfacet
facet normal 0.000192 -0.000027 0.000000
  outer loop
    vertex -2.027325 0.089454 0.050000
    vertex -2.027599 0.087530 -0.050000
    vertex -2.027325 0.089454 -0.050000
  endloop
endfacet
facet normal 0.000192 -0.000027 0.000000
  outer loop
    vertex -2.027599 0.087530 0.050000
    vertex -2.027872 0.085606 0.050000
    vertex -2.027872 0.085606 -0.050000
  endloop
endfacet
facet normal 0.000192 -0.000027 0.000000
  outer loop
    vertex -2.027599 0.087530 0.050000
    vertex -2.027872 0.085606 -0.050000
    vertex -2.027599 0.087530 -0.050000
  endloop
endfacet
facet normal 0.000192 -0.000027 0.000000
  outer loop
    vertex -2.027872 0.085606 0.050000
    vertex -2.028143 0.083683 0.050000
    vertex -2.028143 0.083683 -0.050000
  endloop
endfacet
facet normal 0.000192 -0.000027 0.000000
  outer loop
    vertex -2.027872 0.085606 0.050000
    vertex -2.028143 0.083683 -0.050000
    vertex -2.027872 0.085606 -0.050000
  endloop
endfacet
facet normal 0.000192 -0.000027 0.000000
  outer loop
    vertex -2.028143 0.083683 0.050000
    vertex -2.028412 0.081759 0.050000
    vertex -2.028412 0.081759 -0.050000
  endloop
endfacet
facet normal 0.000192 -0.000027 0.000000
  outer loop
    vertex -2.028143 0.083683 0.050000
    vertex -2.028412 0.081759 -0.050000
    vertex -2.028143 0.083683 -0.050000
  endloop
endfacet
facet normal 0.000192 -0.000027 0.000000
  outer loop
    vertex -2.028412 0.081759 0.050000
    vertex -2.028680 0.079835 0.050000
    vertex -2.028680 0.079835 -0.050000
  endloop
endfacet
facet normal 0.000192 -0.000027 0.000000
  outer loop
    vertex -2.028412 0.081759 0.050000
    vertex -2.028680 0.079835 -0.050000
    vertex -2.028412 0.081759 -0.050000
  endloop
endfacet
facet normal 0.000192 -0.000027 0.000000
  outer loop
    vertex -2.028680 0.079835 0.050000
    vertex -2.028946 0.077911 0.050000
    vertex -2.028946 0.077911 -0.050000
  endloop
endfacet
facet normal 0.000192 -0.000027 0.000000
  outer loop
    vertex -2.028680 0.079835 0.050000
    vertex -2.028946 0.077911 -0.050000
    vertex -2.028680 0.079835 -0.050000
  endloop
endfacet
facet normal 0.000192 -0.000026 0.000000
  outer loop
    vertex -2.028946 0.077911 0.050000
    vertex -2.029210 0.075987 0.050000
    vertex -2.029210 0.075987 -0.050000
  endloop
endfacet
facet normal 0.000192 -0.000026 0.000000
  outer loop
    vertex -2.028946 0.077911 0.050000
    vertex -2.029210 0.075987 -0.050000
    vertex -2.028946 0.077911 -0.050000
  endloop
endfacet
facet normal 0.000192 -0.000026 0.000000
  outer loop
    vertex -2.029210 0.075987 0.050000
    vertex -2.029473 0.074063 0.050000
    vertex -2.029473 0.074063 -0.050000
  endloop
endfacet
facet normal 0.000192 -0.000026 0.000000
  outer loop
    vertex -2.029210 0.075987 0.050000
    vertex -2.029473 0.074063 -0.050000
    vertex -2.029210 0.075987 -0.050000
  endloop
endfacet
facet normal 0.000192 -0.000026 0.000000
  outer loop
    vertex -2.029473 0.074063 0.050000
    vertex -2.029734 0.072139 0.050000
    vertex -2.029734 0.072139 -0.050000
  endloop
endfacet
facet normal 0.000192 -0.000026 0.000000
  outer loop
    vertex -2.029473 0.074063 0.050000
    vertex -2.029734 0.072139 -0.050000
    vertex -2.029473 0.074063 -0.050000
  endloop
endfacet
facet normal 0.000192 -0.000026 0.000000
  outer loop
    vertex -2.029734 0.072139 0.050000
    vertex -2.029993 0.070216 0.050000
    vertex -2.029993 0.070216 -0.050000
  endloop
endfacet
facet normal 0.000192 -0.000026 0.000000
  outer loop
    vertex -2.029734 0.072139 0.050000
    vertex -2.029993 0.070216 -0.050000
    vertex -2.029734 0.072139 -0.050000
  endloop
endfacet
facet normal 0.000192 -0.000026 0.000000
  outer loop
    vertex -2.029993 0.070216 0.050000
    vertex -2.030250 0.068292 0.050000
    vertex -2.030250 0.068292 -0.050000
  endloop
endfacet
facet normal 0.000192 -0.000026 0.000000
  outer loop
    vertex -2.029993 0.070216 0.050000
    vertex -2.030250 0.068292 -0.050000
    vertex -2.029993 0.070216 -0.050000
  endloop
endfacet
facet normal 0.000192 -0.000026 0.000000
  outer loop
    vertex -2.030250 0.068292 0.050000
    vertex -2.030506 0.066368 0.050000
    vertex -2.030506 0.066368 -0.050000
  endloop
endfacet
facet normal 0.000192 -0.000026 0.000000
  outer loop
    vertex -2.030250 0.068292 0.050000
    vertex -2.030506 0.066368 -0.050000
    vertex -2.030250 0.068292 -0.050000
  endloop
endfacet
facet normal 0.000192 -0.000025 0.000000
  outer loop
    vertex -2.030506 0.066368 0.050000
    vertex -2.030760 0.064444 0.050000
    vertex -2.030760 0.064444 -0.050000
  endloop
endfacet
facet normal 0.000192 -0.000025 0.000000
  outer loop
    vertex -2.030506 0.066368 0.050000
    vertex -2.030760 0.064444 -0.050000
    vertex -2.030506 0.066368 -0.050000
  endloop
endfacet
facet normal 0.000192 -0.000025 0.000000
  outer loop
    vertex -2.030760 0.064444 0.050000
    vertex -2.031012 0.062520 0.050000
    vertex -2.031012 0.062520 -0.050000
  endloop
endfacet
facet normal 0.000192 -0.000025 0.000000
  outer loop
    vertex -2.030760 0.064444 0.050000
    vertex -2.031012 0.062520 -0.050000
    vertex -2.030760 0.064444 -0.050000
  endloop
endfacet
facet normal 0.000192 -0.000025 0.000000
  outer loop
    vertex -2.031012 0.062520 0.050000
    vertex -2.031262 0.060596 0.050000
    vertex -2.031262 0.060596 -0.050000
  endloop
endfacet
facet normal 0.000192 -0.000025 0.000000
  outer loop
    vertex -2.031012 0.062520 0.050000
    vertex -2.031262 0.060596 -0.050000
    vertex -2.031012 0.062520 -0.050000
  endloop
endfacet
facet normal 0.000192 -0.000025 0.000000
  outer loop
    vertex -2.031262 0.060596 0.050000
    vertex -2.031510 0.058673 0.050000
    vertex -2.031510 0.058673 -0.050000
  endloop
endfacet
facet normal 0.000192 -0.000025 0.000000
  outer loop
    vertex -2.031262 0.060596 0.050000
    vertex -2.031510 0.058673 -0.050000
    vertex -2.031262 0.060596 -0.050000
  endloop
endfacet
facet normal 0.000192 -0.000025 0.000000
  outer loop
    vertex -2.031510 0.058673 0.050000
    vertex -2.031757 0.056749 0.050000
    vertex -2.031757 0.056749 -0.050000
  endloop
endfacet
facet normal 0.000192 -0.000025 0.000000
  outer loop
    vertex -2.031510 0.058673 0.050000
    vertex -2.031757 0.056749 -0.050000
    vertex -2.031510 0.058673 -0.050000
  endloop
endfacet
facet normal 0.000192 -0.000024 0.000000
  outer loop
    vertex -2.031757 0.056749 0.050000
    vertex -2.032002 0.054825 0.050000
    vertex -2.032002 0.054825 -0.050000
  endloop
endfacet
facet normal 0.000192 -0.000024 0.000000
  outer loop
    vertex -2.031757 0.056749 0.050000
    vertex -2.032002 0.054825 -0.050000
    vertex -2.031757 0.056749 -0.050000
  endloop
endfacet
facet normal 0.000192 -0.000024 0.000000
  outer loop
    vertex -2.032002 0.054825 0.050000
    vertex -2.032245 0.052901 0.050000
    vertex -2.032245 0.052901 -0.050000
  endloop
endfacet
facet normal 0.000192 -0.000024 0.000000
  outer loop
    vertex -2.032002 0.054825 0.050000
    vertex -2.032245 0.052901 -0.050000
    vertex -2.032002 0.054825 -0.050000
  endloop
endfacet
facet normal 0.000192 -0.000024 0.000000
  outer loop
    vertex -2.032245 0.052901 0.050000
    vertex -2.032485 0.050977 0.050000
    vertex -2.032485 0.050977 -0.050000
  endloop
endfacet
facet normal 0.000192 -0.000024 0.000000
  outer loop
    vertex -2.032245 0.052901 0.050000
    vertex -2.032485 0.050977 -0.050000
    vertex -2.032245 0.052901 -0.050000
  endloop
endfacet
facet normal 0.000192 -0.000024 0.000000
  outer loop
    vertex -2.032485 0.050977 0.050000
    vertex -2.032725 0.049053 0.050000
    vertex -2.032725 0.049053 -0.050000
  endloop
endfacet
facet normal 0.000192 -0.000024 0.000000
  outer loop
    vertex -2.032485 0.050977 0.050000
    vertex -2.032725 0.049053 -0.050000
    vertex -2.032485 0.050977 -0.050000
  endloop
endfacet
facet normal 0.000192 -0.000024 0.000000
  outer loop
    vertex -2.032725 0.049053 0.050000
    vertex -2.032962 0.047129 0.050000
    vertex -2.032962 0.047129 -0.050000
  endloop
endfacet
facet normal 0.000192 -0.000024 0.000000
  outer loop
    vertex -2.032725 0.049053 0.050000
    vertex -2.032962 0.047129 -0.050000
    vertex -2.032725 0.049053 -0.050000
  endloop
endfacet
facet normal 0.000192 -0.000024 0.000000
  outer loop
    vertex -2.032962 0.047129 0.050000
    vertex -2.033197 0.045206 0.050000
    vertex -2.033197 0.045206 -0.050000
  endloop
endfacet
facet normal 0.000192 -0.000024 0.000000
  outer loop
    vertex -2.032962 0.047129 0.050000
    vertex -2.033197 0.045206 -0.050000
    vertex -2.032962 0.047129 -0.050000
  endloop
endfacet
facet normal 0.000192 -0.000023 0.000000
  outer loop
    vertex -2.033197 0.045206 0.050000
    vertex -2.033430 0.043282 0.050000
    vertex -2.033430 0.043282 -0.050000
  endloop
endfacet
facet normal 0.000192 -0.000023 0.000000
  outer loop
    vertex -2.033197 0.045206 0.050000
    vertex -2.033430 0.043282 -0.050000
    vertex -2.033197 0.045206 -0.050000
  endloop
endfacet
facet normal 0.000192 -0.000023 0.000000
  outer loop
    vertex -2.033430 0.043282 0.050000
    vertex -2.033662 0.041358 0.050000
    vertex -2.033662 0.041358 -0.050000
  endloop
endfacet
facet normal 0.000192 -0.000023 0.000000
  outer loop
    vertex -2.033430 0.043282 0.050000
    vertex -2.033662 0.041358 -0.050000
    vertex -2.033430 0.043282 -0.050000
  endloop
endfacet
facet normal 0.000192 -0.000023 0.000000
  outer loop
    vertex -2.033662 0.041358 0.050000
    vertex -2.033891 0.039434 0.050000
    vertex -2.033891 0.039434 -0.050000
  endloop
endfacet
facet normal 0.000192 -0.000023 0.000000
  outer loop
    vertex -2.033662 0.041358 0.050000
    vertex -2.033891 0.039434 -0.050000
    vertex -2.033662 0.041358 -0.050000
  endloop
endfacet
facet normal 0.000192 -0.000023 0.000000
  outer loop
    vertex -2.033891 0.039434 0.050000
    vertex -2.034118 0.037510 0.050000
    vertex -2.034118 0.037510 -0.050000
  endloop
endfacet
facet normal 0.000192 -0.000023 0.000000
  outer loop
    vertex -2.033891 0.039434 0.050000
    vertex -2.034118 0.037510 -0.050000
    vertex -2.033891 0.039434 -0.050000
  endloop
endfacet
facet normal 0.000192 -0.000023 0.000000
  outer loop
    vertex -2.034118 0.037510 0.050000
    vertex -2.034343 0.035586 0.050000
    vertex -2.034343 0.035586 -0.050000
  endloop
endfacet
facet normal 0.000192 -0.000023 0.000000
  outer loop
    vertex -2.034118 0.037510 0.050000
    vertex -2.034343 0.035586 -0.050000
    vertex -2.034118 0.037510 -0.050000
  endloop
endfacet
facet normal 0.000192 -0.000022 0.000000
  outer loop
    vertex -2.034343 0.035586 0.050000
    vertex -2.034567 0.033663 0.050000
    vertex -2.034567 0.033663 -0.050000
  endloop
endfacet
facet normal 0.000192 -0.000022 0.000000
  outer loop
    vertex -2.034343 0.035586 0.050000
    vertex -2.034567 0.033663 -0.050000
    vertex -2.034343 0.035586 -0.050000
  endloop
endfacet
facet normal 0.000192 -0.000022 0.000000
  outer loop
    vertex -2.034567 0.033663 0.050000
    vertex -2.034788 0.031739 0.050000
    vertex -2.034788 0.031739 -0.050000
  endloop
endfacet
facet normal 0.000192 -0.000022 0.000000
  outer loop
    vertex -2.034567 0.033663 0.050000
    vertex -2.034788 0.031739 -0.050000
    vertex -2.034567 0.033663 -0.050000
  endloop
endfacet
facet normal 0.000192 -0.000022 0.000000
  outer loop
    vertex -2.034788 0.031739 0.050000
    vertex -2.035007 0.029815 0.050000
    vertex -2.035007 0.029815 -0.050000
  endloop
endfacet
facet normal 0.000192 -0.000022 0.000000
  outer loop
    vertex -2.034788 0.031739 0.050000
    vertex -2.035007 0.029815 -0.050000
    vertex -2.034788 0.031739 -0.050000
  endloop
endfacet
facet normal 0.000192 -0.000022 0.000000
  outer loop
    vertex -2.035007 0.029815 0.050000
    vertex -2.035224 0.027891 0.050000
    vertex -2.035224 0.027891 -0.050000
  endloop
endfacet
facet normal 0.000192 -0.000022 0.000000
  outer loop
    vertex -2.035007 0.029815 0.050000
    vertex -2.035224 0.027891 -0.050000
    vertex -2.035007 0.029815 -0.050000
  endloop
endfacet
facet normal 0.000192 -0.000021 0.000000
  outer loop
    vertex -2.035224 0.027891 0.050000
    vertex -2.035439 0.025967 0.050000
    vertex -2.035439 0.025967 -0.050000
  endloop
endfacet
facet normal 0.000192 -0.000021 0.000000
  outer loop
    vertex -2.035224 0.027891 0.050000
    vertex -2.035439 0.025967 -0.050000
    vertex -2.035224 0.027891 -0.050000
  endloop
endfacet
facet normal 0.000192 -0.000021 0.000000
  outer loop
    vertex -2.035439 0.025967 0.050000
    vertex -2.035651 0.024043 0.050000
    vertex -2.035651 0.024043 -0.050000
  endloop
endfacet
facet normal 0.000192 -0.000021 0.000000
  outer loop
    vertex -2.035439 0.025967 0.050000
    vertex -2.035651 0.024043 -0.050000
    vertex -2.035439 0.025967 -0.050000
  endloop
endfacet
facet normal 0.000192 -0.000021 0.000000
  outer loop
    vertex -2.035651 0.024043 0.050000
    vertex -2.035861 0.022119 0.050000
    vertex -2.035861 0.022119 -0.050000
  endloop
endfacet
facet normal 0.000192 -0.000021 0.000000
  outer loop
    vertex -2.035651 0.024043 0.050000
    vertex -2.035861 0.022119 -0.050000
    vertex -2.035651 0.024043 -0.050000
  endloop
endfacet
facet normal 0.000192 -0.000021 0.000000
  outer loop
    vertex -2.035861 0.022119 0.050000
    vertex -2.036070 0.020196 0.050000
    vertex -2.036070 0.020196 -0.050000
  endloop
endfacet
facet normal 0.000192 -0.000021 0.000000
  outer loop
    vertex -2.035861 0.022119 0.050000
    vertex -2.036070 0.020196 -0.050000
    vertex -2.035861 0.022119 -0.050000
  endloop
endfacet
facet normal 0.000192 -0.000021 0.000000
  outer loop
    vertex -2.036070 0.020196 0.050000
    vertex -2.036276 0.018272 0.050000
    vertex -2.036276 0.018272 -0.050000
  endloop
endfacet
facet normal 0.000192 -0.000021 0.000000
  outer loop
    vertex -2.036070 0.020196 0.050000
    vertex -2.036276 0.018272 -0.050000
    vertex -2.036070 0.020196 -0.050000
  endloop
endfacet
facet normal 0.000192 -0.000020 0.000000
  outer loop
    vertex -2.036276 0.018272 0.050000
    vertex -2.036479 0.016348 0.050000
    vertex -2.036479 0.016348 -0.050000
  endloop
endfacet
facet normal 0.000192 -0.000020 0.000000
  outer loop
    vertex -2.036276 0.018272 0.050000
    vertex -2.036479 0.016348 -0.050000
    vertex -2.036276 0.018272 -0.050000
  endloop
endfacet
facet normal 0.000192 -0.000020 0.000000
  outer loop
    vertex -2.036479 0.016348 0.050000
    vertex -2.036681 0.014424 0.050000
    vertex -2.036681 0.014424 -0.050000
  endloop
endfacet
facet normal 0.000192 -0.000020 0.000000
  outer loop
    vertex -2.036479 0.016348 0.050000
    vertex -2.036681 0.014424 -0.050000
    vertex -2.036479 0.016348 -0.050000
  endloop
endfacet
facet normal 0.000192 -0.000020 0.000000
  outer loop
    vertex -2.036681 0.014424 0.050000
    vertex -2.036880 0.012500 0.050000
    vertex -2.036880 0.012500 -0.050000
  endloop
endfacet
facet normal 0.000192 -0.000020 0.000000
  outer loop
    vertex -2.036681 0.014424 0.050000
    vertex -2.036880 0.012500 -0.050000
    vertex -2.036681 0.014424 -0.050000
  endloop
endfacet
facet normal 0.000192 -0.000020 0.000000
  outer loop
    vertex -2.036880 0.012500 0.050000
    vertex -2.037076 0.010576 0.050000
    vertex -2.037076 0.010576 -0.050000
  endloop
endfacet
facet normal 0.000192 -0.000020 0.000000
  outer loop
    vertex -2.036880 0.012500 0.050000
    vertex -2.037076 0.010576 -0.050000
    vertex -2.036880 0.012500 -0.050000
  endloop
endfacet
facet normal 0.000192 -0.000019 0.000000
  outer loop
    vertex -2.037076 0.010576 0.050000
    vertex -2.037271 0.008653 0.050000
    vertex -2.037271 0.008653 -0.050000
  endloop
endfacet
facet normal 0.000192 -0.000019 0.000000
  outer loop
    vertex -2.037076 0.010576 0.050000
    vertex -2.037271 0.008653 -0.050000
    vertex -2.037076 0.010576 -0.050000
  endloop
endfacet
facet normal 0.000192 -0.000019 0.000000
  outer loop
    vertex -2.037271 0.008653 0.050000
    vertex -2.037463 0.006729 0.050000
    vertex -2.037463 0.006729 -0.050000
  endloop
endfacet
facet normal 0.000192 -0.000019 0.000000
  outer loop
    vertex -2.037271 0.008653 0.050000
    vertex -2.037463 0.006729 -0.050000
    vertex -2.037271 0.008653 -0.050000
  endloop
endfacet
facet normal 0.000192 -0.000019 0.000000
  outer loop
    vertex -2.037463 0.006729 0.050000
    vertex -2.037652 0.004805 0.050000
    vertex -2.037652 0.004805 -0.050000
  endloop
endfacet
facet normal 0.000192 -0.000019 0.000000
  outer loop
    vertex -2.037463 0.006729 0.050000
    vertex -2.037652 0.004805 -0.050000
    vertex -2.037463 0.006729 -0.050000
  endloop
endfacet
facet normal 0.000192 -0.000019 0.000000
  outer loop
    vertex -2.037652 0.004805 0.050000
    vertex -2.037839 0.002881 0.050000
    vertex -2.037839 0.002881 -0.050000
  endloop
endfacet
facet normal 0.000192 -0.000019 0.000000
  outer loop
    vertex -2.037652 0.004805 0.050000
    vertex -2.037839 0.002881 -0.050000
    vertex -2.037652 0.004805 -0.050000
  endloop
endfacet
facet normal 0.000192 -0.000018 0.000000
  outer loop
    vertex -2.037839 0.002881 0.050000
    vertex -2.038024 0.000957 0.050000
    vertex -2.038024 0.000957 -0.050000
  endloop
endfacet
facet normal 0.000192 -0.000018 0.000000
  outer loop
    vertex -2.037839 0.002881 0.050000
    vertex -2.038024 0.000957 -0.050000
    vertex -2.037839 0.002881 -0.050000
  endloop
endfacet
facet normal 0.000192 -0.000018 0.000000
  outer loop
    vertex -2.038024 0.000957 0.050000
    vertex -2.038206 -0.000967 0.050000
    vertex -2.038206 -0.000967 -0.050000
  endloop
endfacet
facet normal 0.000192 -0.000018 0.000000
  outer loop
    vertex -2.038024 0.000957 0.050000
    vertex -2.038206 -0.000967 -0.050000
    vertex -2.038024 0.000957 -0.050000
  endloop
endfacet
facet normal 0.000192 -0.000018 0.000000
  outer loop
    vertex -2.038206 -0.000967 0.050000
    vertex -2.038386 -0.002891 0.050000
    vertex -2.038386 -0.002891 -0.050000
  endloop
endfacet
facet normal 0.000192 -0.000018 0.000000
  outer loop
    vertex -2.038206 -0.000967 0.050000
    vertex -2.038386 -0.002891 -0.050000
    vertex -2.038206 -0.000967 -0.050000
  endloop
endfacet
facet normal 0.000192 -0.000018 0.000000
  outer loop
    vertex -2.038386 -0.002891 0.050000
    vertex -2.038563 -0.004814 0.050000
    vertex -2.038563 -0.004814 -0.050000
  endloop
endfacet
facet normal 0.000192 -0.000018 0.000000
  outer loop
    vertex -2.038386 -0.002891 0.050000
    vertex -2.038563 -0.004814 -0.050000
    vertex -2.038386 -0.002891 -0.050000
  endloop
endfacet
facet normal 0.000192 -0.000017 0.000000
  outer loop
    vertex -2.038563 -0.004814 0.050000
    vertex -2.038737 -0.006738 0.050000
    vertex -2.038737 -0.006738 -0.050000
  endloop
endfacet
facet normal 0.000192 -0.000017 0.000000
  outer loop
    vertex -2.038563 -0.004814 0.050000
    vertex -2.038737 -0.006738 -0.050000
    vertex -2.038563 -0.004814 -0.050000
  endloop
endfacet
facet normal 0.000192 -0.000017 0.000000
  outer loop
    vertex -2.038737 -0.006738 0.050000
    vertex -2.038909 -0.008662 0.050000
    vertex -2.038909 -0.008662 -0.050000
  endloop
endfacet
facet normal 0.000192 -0.000017 0.000000
  outer loop
    vertex -2.038737 -0.006738 0.050000
    vertex -2.038909 -0.008662 -0.050000
    vertex -2.038737 -0.006738 -0.050000
  endloop
endfacet
facet normal 0.000192 -0.000017 0.000000
  outer loop
    vertex -2.038909 -0.008662 0.050000
    vertex -2.039078 -0.010586 0.050000
    vertex -2.039078 -0.010586 -0.050000
  endloop
endfacet
facet normal 0.000192 -0.000017 0.000000
  outer loop
    vertex -2.038909 -0.008662 0.050000
    vertex -2.039078 -0.010586 -0.050000
    vertex -2.038909 -0.008662 -0.050000
  endloop
endfacet
facet normal 0.000192 -0.000017 0.000000
  outer loop
    vertex -2.039078 -0.010586 0.050000
    vertex -2.039244 -0.012510 0.050000
    vertex -2.039244 -0.012510 -0.050000
  endloop
endfacet
facet normal 0.000192 -0.000017 0.000000
  outer loop
    vertex -2.039078 -0.010586 0.050000
    vertex -2.039244 -0.012510 -0.050000
    vertex -2.039078 -0.010586 -0.050000
  endloop
endfacet
facet normal 0.000192 -0.000016 0.000000
  outer loop
    vertex -2.039244 -0.012510 0.050000
    vertex -2.039408 -0.014434 0.050000
    vertex -2.039408 -0.014434 -0.050000
  endloop
endfacet
facet normal 0.000192 -0.000016 0.000000
  outer loop
    vertex -2.039244 -0.012510 0.050000
    vertex -2.039408 -0.014434 -0.050000
    vertex -2.039244 -0.012510 -0.050000
  endloop
endfacet
facet normal 0.000192 -0.000016 0.000000
  outer loop
    vertex -2.039408 -0.014434 0.050000
    vertex -2.039568 -0.016358 0.050000
    vertex -2.039568 -0.016358 -0.050000
  endloop
endfacet
facet normal 0.000192 -0.000016 0.000000
  outer loop
    vertex -2.039408 -0.014434 0.050000
    vertex -2.039568 -0.016358 -0.050000
    vertex -2.039408 -0.014434 -0.050000
  endloop
endfacet
facet normal 0.000192 -0.000016 0.000000
  outer loop
    vertex -2.039568 -0.016358 0.050000
    vertex -2.039726 -0.018281 0.050000
    vertex -2.039726 -0.018281 -0.050000
  endloop
endfacet
facet normal 0.000192 -0.000016 0.000000
  outer loop
    vertex -2.039568 -0.016358 0.050000
    vertex -2.039726 -0.018281 -0.050000
    vertex -2.039568 -0.016358 -0.050000
  endloop
endfacet
facet normal 0.000192 -0.000015 0.000000
  outer loop
    vertex -2.039726 -0.018281 0.050000
    vertex -2.039881 -0.020205 0.050000
    vertex -2.039881 -0.020205 -0.050000
  endloop
endfacet
facet normal 0.000192 -0.000015 0.000000
  outer loop
    vertex -2.039726 -0.018281 0.050000
    vertex -2.039881 -0.020205 -0.050000
    vertex -2.039726 -0.018281 -0.050000
  endloop
endfacet
facet normal 0.000192 -0.000015 0.000000
  outer loop
    vertex -2.039881 -0.020205 0.050000
    vertex -2.040034 -0.022129 0.050000
    vertex -2.040034 -0.022129 -0.050000
  endloop
endfacet
facet normal 0.000192 -0.000015 0.000000
  outer loop
    vertex -2.039881 -0.020205 0.050000
    vertex -2.040034 -0.022129 -0.050000
    vertex -2.039881 -0.020205 -0.050000
  endloop
endfacet
facet normal 0.000192 -0.000015 0.000000
  outer loop
    vertex -2.040034 -0.022129 0.050000
    vertex -2.040183 -0.024053 0.050000
    vertex -2.040183 -0.024053 -0.050000
  endloop
endfacet
facet normal 0.000192 -0.000015 0.000000
  outer loop
    vertex -2.040034 -0.022129 0.050000
    vertex -2.040183 -0.024053 -0.050000
    vertex -2.040034 -0.022129 -0.050000
  endloop
endfacet
facet normal 0.000192 -0.000015 0.000000
  outer loop
    vertex -2.040183 -0.024053 0.050000
    vertex -2.040329 -0.025977 0.050000
    vertex -2.040329 -0.025977 -0.050000
  endloop
endfacet
facet normal 0.000192 -0.000015 0.000000
  outer loop
    vertex -2.040183 -0.024053 0.050000
    vertex -2.040329 -0.025977 -0.050000
    vertex -2.040183 -0.024053 -0.050000
  endloop
endfacet
facet normal 0.000192 -0.000014 0.000000
  outer loop
    vertex -2.040329 -0.025977 0.050000
    vertex -2.040473 -0.027901 0.050000
    vertex -2.040473 -0.027901 -0.050000
  endloop
endfacet
facet normal 0.000192 -0.000014 0.000000
  outer loop
    vertex -2.040329 -0.025977 0.050000
    vertex -2.040473 -0.027901 -0.050000
    vertex -2.040329 -0.025977 -0.050000
  endloop
endfacet
facet normal 0.000192 -0.000014 0.000000
  outer loop
    vertex -2.040473 -0.027901 0.050000
    vertex -2.040613 -0.029824 0.050000
    vertex -2.040613 -0.029824 -0.050000
  endloop
endfacet
facet normal 0.000192 -0.000014 0.000000
  outer loop
    vertex -2.040473 -0.027901 0.050000
    vertex -2.040613 -0.029824 -0.050000
    vertex -2.040473 -0.027901 -0.050000
  endloop
endfacet
facet normal 0.000192 -0.000014 0.000000
  outer loop
    vertex -2.040613 -0.029824 0.050000
    vertex -2.040750 -0.031748 0.050000
    vertex -2.040750 -0.031748 -0.050000
  endloop
endfacet
facet normal 0.000192 -0.000014 0.000000
  outer loop
    vertex -2.040613 -0.029824 0.050000
    vertex -2.040750 -0.031748 -0.050000
    vertex -2.040613 -0.029824 -0.050000
  endloop
endfacet
facet normal 0.000192 -0.000013 0.000000
  outer loop
    vertex -2.040750 -0.031748 0.050000
    vertex -2.040884 -0.033672 0.050000
    vertex -2.040884 -0.033672 -0.050000
  endloop
endfacet
facet normal 0.000192 -0.000013 0.000000
  outer loop
    vertex -2.040750 -0.031748 0.050000
    vertex -2.040884 -0.033672 -0.050000
    vertex -2.040750 -0.031748 -0.050000
  endloop
endfacet
facet normal 0.000192 -0.000013 0.000000
  outer loop
    vertex -2.040884 -0.033672 0.050000
    vertex -2.041015 -0.035596 0.050000
    vertex -2.041015 -0.035596 -0.050000
  endloop
endfacet
facet normal 0.000192 -0.000013 0.000000
  outer loop
    vertex -2.040884 -0.033672 0.050000
    vertex -2.041015 -0.035596 -0.050000
    vertex -2.040884 -0.033672 -0.050000
  endloop
endfacet
facet normal 0.000192 -0.000013 0.000000
  outer loop
    vertex -2.041015 -0.035596 0.050000
    vertex -2.041142 -0.037520 0.050000
    vertex -2.041142 -0.037520 -0.050000
  endloop
endfacet
facet normal 0.000192 -0.000013 0.000000
  outer loop
    vertex -2.041015 -0.035596 0.050000
    vertex -2.041142 -0.037520 -0.050000
    vertex -2.041015 -0.035596 -0.050000
  endloop
endfacet
facet normal 0.000192 -0.000012 0.000000
  outer loop
    vertex -2.041142 -0.037520 0.050000
    vertex -2.041267 -0.039444 0.050000
    vertex -2.041267 -0.039444 -0.050000
  endloop
endfacet
facet normal 0.000192 -0.000012 0.000000
  outer loop
    vertex -2.041142 -0.037520 0.050000
    vertex -2.041267 -0.039444 -0.050000
    vertex -2.041142 -0.037520 -0.050000
  endloop
endfacet
facet normal 0.000192 -0.000012 0.000000
  outer loop
    vertex -2.041267 -0.039444 0.050000
    vertex -2.041388 -0.041368 0.050000
    vertex -2.041388 -0.041368 -0.050000
  endloop
endfacet
facet normal 0.000192 -0.000012 0.000000
  outer loop
    vertex -2.041267 -0.039444 0.050000
    vertex -2.041388 -0.041368 -0.050000
    vertex -2.041267 -0.039444 -0.050000
  endloop
endfacet
facet normal 0.000192 -0.000012 0.000000
  outer loop
    vertex -2.041388 -0.041368 0.050000
    vertex -2.041506 -0.043291 0.050000
    vertex -2.041506 -0.043291 -0.050000
  endloop
endfacet
facet normal 0.000192 -0.000012 0.000000
  outer loop
    vertex -2.041388 -0.041368 0.050000
    vertex -2.041506 -0.043291 -0.050000
    vertex -2.041388 -0.041368 -0.050000
  endloop
endfacet
facet normal 0.000192 -0.000011 0.000000
  outer loop
    vertex -2.041506 -0.043291 0.050000
    vertex -2.041620 -0.045215 0.050000
    vertex -2.041620 -0.045215 -0.050000
  endloop
endfacet
facet normal 0.000192 -0.000011 0.000000
  outer loop
    vertex -2.041506 -0.043291 0.050000
    vertex -2.041620 -0.045215 -0.050000
    vertex -2.041506 -0.043291 -0.050000
  endloop
endfacet
facet normal 0.000192 -0.000011 0.000000
  outer loop
    vertex -2.041620 -0.045215 0.050000
    vertex -2.041730 -0.047139 0.050000
    vertex -2.041730 -0.047139 -0.050000
  endloop
endfacet
facet normal 0.000192 -0.000011 0.000000
  outer loop
    vertex -2.041620 -0.045215 0.050000
    vertex -2.041730 -0.047139 -0.050000
    vertex -2.041620 -0.045215 -0.050000
  endloop
endfacet
facet normal 0.000192 -0.000011 0.000000
  outer loop
    vertex -2.041730 -0.047139 0.050000
    vertex -2.041838 -0.049063 0.050000
    vertex -2.041838 -0.049063 -0.050000
  endloop
endfacet
facet normal 0.000192 -0.000011 0.000000
  outer loop
    vertex -2.041730 -0.047139 0.050000
    vertex -2.041838 -0.049063 -0.050000
    vertex -2.041730 -0.047139 -0.050000
  endloop
endfacet
facet normal 0.000192 -0.000010 0.000000
  outer loop
    vertex -2.041838 -0.049063 0.050000
    vertex -2.041941 -0.050987 0.050000
    vertex -2.041941 -0.050987 -0.050000
  endloop
endfacet
facet normal 0.000192 -0.000010 0.000000
  outer loop
    vertex -2.041838 -0.049063 0.050000
    vertex -2.041941 -0.050987 -0.050000
    vertex -2.041838 -0.049063 -0.050000
  endloop
endfacet
facet normal 0.000192 -0.000010 0.000000
  outer loop
    vertex -2.041941 -0.050987 0.050000
    vertex -2.042042 -0.052911 0.050000
    vertex -2.042042 -0.052911 -0.050000
  endloop
endfacet
facet normal 0.000192 -0.000010 0.000000
  outer loop
    vertex -2.041941 -0.050987 0.050000
    vertex -2.042042 -0.052911 -0.050000
    vertex -2.041941 -0.050987 -0.050000
  endloop
endfacet
facet normal 0.000192 -0.000010 0.000000
  outer loop
    vertex -2.042042 -0.052911 0.050000
    vertex -2.042138 -0.054834 0.050000
    vertex -2.042138 -0.054834 -0.050000
  endloop
endfacet
facet normal 0.000192 -0.000010 0.000000
  outer loop
    vertex -2.042042 -0.052911 0.050000
    vertex -2.042138 -0.054834 -0.050000
    vertex -2.042042 -0.052911 -0.050000
  endloop
endfacet
facet normal 0.000192 -0.000009 0.000000
  outer loop
    vertex -2.042138 -0.054834 0.050000
    vertex -2.042231 -0.056758 0.050000
    vertex -2.042231 -0.056758 -0.050000
  endloop
endfacet
facet normal 0.000192 -0.000009 0.000000
  outer loop
    vertex -2.042138 -0.054834 0.050000
    vertex -2.042231 -0.056758 -0.050000
    vertex -2.042138 -0.054834 -0.050000
  endloop
endfacet
facet normal 0.000192 -0.000009 0.000000
  outer loop
    vertex -2.042231 -0.056758 0.050000
    vertex -2.042320 -0.058682 0.050000
    vertex -2.042320 -0.058682 -0.050000
  endloop
endfacet
facet normal 0.000192 -0.000009 0.000000
  outer loop
    vertex -2.042231 -0.056758 0.050000
    vertex -2.042320 -0.058682 -0.050000
    vertex -2.042231 -0.056758 -0.050000
  endloop
endfacet
facet normal 0.000192 -0.000009 0.000000
  outer loop
    vertex -2.042320 -0.058682 0.050000
    vertex -2.042405 -0.060606 0.050000
    vertex -2.042405 -0.060606 -0.050000
  endloop
endfacet
facet normal 0.000192 -0.000009 0.000000
  outer loop
    vertex -2.042320 -0.058682 0.050000
    vertex -2.042405 -0.060606 -0.050000
    vertex -2.042320 -0.058682 -0.050000
  endloop
endfacet
facet normal 0.000192 -0.000008 0.000000
  outer loop
    vertex -2.042405 -0.060606 0.050000
    vertex -2.042486 -0.062530 0.050000
    vertex -2.042486 -0.062530 -0.050000
  endloop
endfacet
facet normal 0.000192 -0.000008 0.000000
  outer loop
    vertex -2.042405 -0.060606 0.050000
    vertex -2.042486 -0.062530 -0.050000
    vertex -2.042405 -0.060606 -0.050000
  endloop
endfacet
facet normal 0.000192 -0.000008 0.000000
  outer loop
    vertex -2.042486 -0.062530 0.050000
    vertex -2.042563 -0.064454 0.050000
    vertex -2.042563 -0.064454 -0.050000
  endloop
endfacet
facet normal 0.000192 -0.000008 0.000000
  outer loop
    vertex -2.042486 -0.062530 0.050000
    vertex -2.042563 -0.064454 -0.050000
    vertex -2.042486 -0.062530 -0.050000
  endloop
endfacet
facet normal 0.000192 -0.000007 0.000000
  outer loop
    vertex -2.042563 -0.064454 0.050000
    vertex -2.042636 -0.066378 0.050000
    vertex -2.042636 -0.066378 -0.050000
  endloop
endfacet
facet normal 0.000192 -0.000007 0.000000
  outer loop
    vertex -2.042563 -0.064454 0.050000
    vertex -2.042636 -0.066378 -0.050000
    vertex -2.042563 -0.064454 -0.050000
  endloop
endfacet
facet normal 0.000192 -0.000007 0.000000
  outer loop
    vertex -2.042636 -0.066378 0.050000
    vertex -2.042706 -0.068301 0.050000
    vertex -2.042706 -0.068301 -0.050000
  endloop
endfacet
facet normal 0.000192 -0.000007 0.000000
  outer loop
    vertex -2.042636 -0.066378 0.050000
    vertex -2.042706 -0.068301 -0.050000
    vertex -2.042636 -0.066378 -0.050000
  endloop
endfacet
facet normal 0.000192 -0.000006 0.000000
  outer loop
    vertex -2.042706 -0.068301 0.050000
    vertex -2.042770 -0.070225 0.050000
    vertex -2.042770 -0.070225 -0.050000
  endloop
endfacet
facet normal 0.000192 -0.000006 0.000000
  outer loop
    vertex -2.042706 -0.068301 0.050000
    vertex -2.042770 -0.070225 -0.050000
    vertex -2.042706 -0.068301 -0.050000
  endloop
endfacet
facet normal 0.000192 -0.000006 0.000000
  outer loop
    vertex -2.042770 -0.070225 0.050000
    vertex -2.042831 -0.072149 0.050000
    vertex -2.042831 -0.072149 -0.050000
  endloop
endfacet
facet normal 0.000192 -0.000006 0.000000
  outer loop
    vertex -2.042770 -0.070225 0.050000
    vertex -2.042831 -0.072149 -0.050000
    vertex -2.042770 -0.070225 -0.050000
  endloop
endfacet
facet normal 0.000192 -0.000006 0.000000
  outer loop
    vertex -2.042831 -0.072149 0.050000
    vertex -2.042888 -0.074073 0.050000
    vertex -2.042888 -0.074073 -0.050000
  endloop
endfacet
facet normal 0.000192 -0.000006 0.000000
  outer loop
    vertex -2.042831 -0.072149 0.050000
    vertex -2.042888 -0.074073 -0.050000
    vertex -2.042831 -0.072149 -0.050000
  endloop
endfacet
facet normal 0.000192 -0.000005 0.000000
  outer loop
    vertex -2.042888 -0.074073 0.050000
    vertex -2.042940 -0.075997 0.050000
    vertex -2.042940 -0.075997 -0.050000
  endloop
endfacet
facet normal 0.000192 -0.000005 0.000000
  outer loop
    vertex -2.042888 -0.074073 0.050000
    vertex -2.042940 -0.075997 -0.050000
    vertex -2.042888 -0.074073 -0.050000
  endloop
endfacet
facet normal 0.000192 -0.000005 0.000000
  outer loop
    vertex -2.042940 -0.075997 0.050000
    vertex -2.042988 -0.077921 0.050000
    vertex -2.042988 -0.077921 -0.050000
  endloop
endfacet
facet normal 0.000192 -0.000005 0.000000
  outer loop
    vertex -2.042940 -0.075997 0.050000
    vertex -2.042988 -0.077921 -0.050000
    vertex -2.042940 -0.075997 -0.050000
  endloop
endfacet
facet normal 0.000192 -0.000004 0.000000
  outer loop
    vertex -2.042988 -0.077921 0.050000
    vertex -2.043031 -0.079844 0.050000
    vertex -2.043031 -0.079844 -0.050000
  endloop
endfacet
facet normal 0.000192 -0.000004 0.000000
  outer loop
    vertex -2.042988 -0.077921 0.050000
    vertex -2.043031 -0.079844 -0.050000
    vertex -2.042988 -0.077921 -0.050000
  endloop
endfacet
facet normal 0.000192 -0.000004 0.000000
  outer loop
    vertex -2.043031 -0.079844 0.050000
    vertex -2.043070 -0.081768 0.050000
    vertex -2.043070 -0.081768 -0.050000
  endloop
endfacet
facet normal 0.000192 -0.000004 0.000000
  outer loop
    vertex -2.043031 -0.079844 0.050000
    vertex -2.043070 -0.081768 -0.050000
    vertex -2.043031 -0.079844 -0.050000
  endloop
endfacet
facet normal 0.000192 -0.000003 0.000000
  outer loop
    vertex -2.043070 -0.081768 0.050000
    vertex -2.043104 -0.083692 0.050000
    vertex -2.043104 -0.083692 -0.050000
  endloop
endfacet
facet normal 0.000192 -0.000003 0.000000
  outer loop
    vertex -2.043070 -0.081768 0.050000
    vertex -2.043104 -0.083692 -0.050000
    vertex -2.043070 -0.081768 -0.050000
  endloop
endfacet
facet normal 0.000192 -0.000003 0.000000
  outer loop
    vertex -2.043104 -0.083692 0.050000
    vertex -2.043134 -0.085616 0.050000
    vertex -2.043134 -0.085616 -0.050000
  endloop
endfacet
facet normal 0.000192 -0.000003 0.000000
  outer loop
    vertex -2.043104 -0.083692 0.050000
    vertex -2.043134 -0.085616 -0.050000
    vertex -2.043104 -0.083692 -0.050000
  endloop
endfacet
facet normal 0.000192 -0.000002 0.000000
  outer loop
    vertex -2.043134 -0.085616 0.050000
    vertex -2.043158 -0.087540 0.050000
    vertex -2.043158 -0.087540 -0.050000
  endloop
endfacet
facet normal 0.000192 -0.000002 0.000000
  outer loop
    vertex -2.043134 -0.085616 0.050000
    vertex -2.043158 -0.087540 -0.050000
    vertex -2.043134 -0.085616 -0.050000
  endloop
endfacet
facet normal 0.000192 -0.000002 0.000000
  outer loop
    vertex -2.043158 -0.087540 0.050000
    vertex -2.043178 -0.089464 0.050000
    vertex -2.043178 -0.089464 -0.050000
  endloop
endfacet
facet normal 0.000192 -0.000002 0.000000
  outer loop
    vertex -2.043158 -0.087540 0.050000
    vertex -2.043178 -0.089464 -0.050000
    vertex -2.043158 -0.087540 -0.050000
  endloop
endfacet
facet normal 0.000192 -0.000001 0.000000
  outer loop
    vertex -2.043178 -0.089464 0.050000
    vertex -2.043193 -0.091388 0.050000
    vertex -2.043193 -0.091388 -0.050000
  endloop
endfacet
facet normal 0.000192 -0.000001 0.000000
  outer loop
    vertex -2.043178 -0.089464 0.050000
    vertex -2.043193 -0.091388 -0.050000
    vertex -2.043178 -0.089464 -0.050000
  endloop
endfacet
facet normal 0.000192 -0.000001 0.000000
  outer loop
    vertex -2.043193 -0.091388 0.050000
    vertex -2.043203 -0.093311 0.050000
    vertex -2.043203 -0.093311 -0.050000
  endloop
endfacet
facet normal 0.000192 -0.000001 0.000000
  outer loop
    vertex -2.043193 -0.091388 0.050000
    vertex -2.043203 -0.093311 -0.050000
    vertex -2.043193 -0.091388 -0.050000
  endloop
endfacet
facet normal 0.000192 -0.000000 0.000000
  outer loop
    vertex -2.043203 -0.093311 0.050000
    vertex -2.043208 -0.095235 0.050000
    vertex -2.043208 -0.095235 -0.050000
  endloop
endfacet
facet normal 0.000192 -0.000000 0.000000
  outer loop
    vertex -2.043203 -0.093311 0.050000
    vertex -2.043208 -0.095235 -0.050000
    vertex -2.043203 -0.093311 -0.050000
  endloop
endfacet
facet normal 0.000192 0.000000 0.000000
  outer loop
    vertex -2.043208 -0.095235 0.050000
    vertex -2.043207 -0.097159 0.050000
    vertex -2.043207 -0.097159 -0.050000
  endloop
endfacet
facet normal 0.000192 0.000000 0.000000
  outer loop
    vertex -2.043208 -0.095235 0.050000
    vertex -2.043207 -0.097159 -0.050000
    vertex -2.043208 -0.095235 -0.050000
  endloop
endfacet
facet normal 0.000192 0.000001 0.000000
  outer loop
    vertex -2.043207 -0.097159 0.050000
    vertex -2.043202 -0.099083 0.050000
    vertex -2.043202 -0.099083 -0.050000
  endloop
endfacet
facet normal 0.000192 0.000001 0.000000
  outer loop
    vertex -2.043207 -0.097159 0.050000
    vertex -2.043202 -0.099083 -0.050000
    vertex -2.043207 -0.097159 -0.050000
  endloop
endfacet
facet normal 0.000192 0.000001 0.000000
  outer loop
    vertex -2.043202 -0.099083 0.050000
    vertex -2.043191 -0.101007 0.050000
    vertex -2.043191 -0.101007 -0.050000
  endloop
endfacet
facet normal 0.000192 0.000001 0.000000
  outer loop
    vertex -2.043202 -0.099083 0.050000
    vertex -2.043191 -0.101007 -0.050000
    vertex -2.043202 -0.099083 -0.050000
  endloop
endfacet
facet normal 0.000192 0.000002 0.000000
  outer loop
    vertex -2.043191 -0.101007 0.050000
    vertex -2.043174 -0.102931 0.050000
    vertex -2.043174 -0.102931 -0.050000
  endloop
endfacet
facet normal 0.000192 0.000002 0.000000
  outer loop
    vertex -2.043191 -0.101007 0.050000
    vertex -2.043174 -0.102931 -0.050000
    vertex -2.043191 -0.101007 -0.050000
  endloop
endfacet
facet normal 0.000192 0.000002 0.000000
  outer loop
    vertex -2.043174 -0.102931 0.050000
    vertex -2.043152 -0.104855 0.050000
    vertex -2.043152 -0.104855 -0.050000
  endloop
endfacet
facet normal 0.000192 0.000002 0.000000
  outer loop
    vertex -2.043174 -0.102931 0.050000
    vertex -2.043152 -0.104855 -0.050000
    vertex -2.043174 -0.102931 -0.050000
  endloop
endfacet
facet normal 0.000192 0.000003 0.000000
  outer loop
    vertex -2.043152 -0.104855 0.050000
    vertex -2.043124 -0.106778 0.050000
    vertex -2.043124 -0.106778 -0.050000
  endloop
endfacet
facet normal 0.000192 0.000003 0.000000
  outer loop
    vertex -2.043152 -0.104855 0.050000
    vertex -2.043124 -0.106778 -0.050000
    vertex -2.043152 -0.104855 -0.050000
  endloop
endfacet
facet normal 0.000192 0.000003 0.000000
  outer loop
    vertex -2.043124 -0.106778 0.050000
    vertex -2.043091 -0.108702 0.050000
    vertex -2.043091 -0.108702 -0.050000
  endloop
endfacet
facet normal 0.000192 0.000003 0.000000
  outer loop
    vertex -2.043124 -0.106778 0.050000
    vertex -2.043091 -0.108702 -0.050000
    vertex -2.043124 -0.106778 -0.050000
  endloop
endfacet
facet normal 0.000192 0.000004 0.000000
  outer loop
    vertex -2.043091 -0.108702 0.050000
    vertex -2.043051 -0.110626 0.050000
    vertex -2.043051 -0.110626 -0.050000
  endloop
endfacet
facet normal 0.000192 0.000004 0.000000
  outer loop
    vertex -2.043091 -0.108702 0.050000
    vertex -2.043051 -0.110626 -0.050000
    vertex -2.043091 -0.108702 -0.050000
  endloop
endfacet
facet normal 0.000192 0.000005 0.000000
  outer loop
    vertex -2.043051 -0.110626 0.050000
    vertex -2.043006 -0.112550 0.050000
    vertex -2.043006 -0.112550 -0.050000
  endloop
endfacet
facet normal 0.000192 0.000005 0.000000
  outer loop
    vertex -2.043051 -0.110626 0.050000
    vertex -2.043006 -0.112550 -0.050000
    vertex -2.043051 -0.110626 -0.050000
  endloop
endfacet
facet normal 0.000192 0.000005 0.000000
  outer loop
    vertex -2.043006 -0.112550 0.050000
    vertex -2.042955 -0.114474 0.050000
    vertex -2.042955 -0.114474 -0.050000
  endloop
endfacet
facet normal 0.000192 0.000005 0.000000
  outer loop
    vertex -2.043006 -0.112550 0.050000
    vertex -2.042955 -0.114474 -0.050000
    vertex -2.043006 -0.112550 -0.050000
  endloop
endfacet
facet normal 0.000192 0.000006 0.000000
  outer loop
    vertex -2.042955 -0.114474 0.050000
    vertex -2.042897 -0.116398 0.050000
    vertex -2.042897 -0.116398 -0.050000
  endloop
endfacet
facet normal 0.000192 0.000006 0.000000
  outer loop
    vertex -2.042955 -0.114474 0.050000
    vertex -2.042897 -0.116398 -0.050000
    vertex -2.042955 -0.114474 -0.050000
  endloop
endfacet
facet normal 0.000192 0.000006 0.000000
  outer loop
    vertex -2.042897 -0.116398 0.050000
    vertex -2.042833 -0.118321 0.050000
    vertex -2.042833 -0.118321 -0.050000
  endloop
endfacet
facet normal 0.000192 0.000006 0.000000
  outer loop
    vertex -2.042897 -0.116398 0.050000
    vertex -2.042833 -0.118321 -0.050000
    vertex -2.042897 -0.116398 -0.050000
  endloop
endfacet
facet normal 0.000192 0.000007 0.000000
  outer loop
    vertex -2.042833 -0.118321 0.050000
    vertex -2.042763 -0.120245 0.050000
    vertex -2.042763 -0.120245 -0.050000
  endloop
endfacet
facet normal 0.000192 0.000007 0.000000
  outer loop
    vertex -2.042833 -0.118321 0.050000
    vertex -2.042763 -0.120245 -0.050000
    vertex -2.042833 -0.118321 -0.050000
  endloop
endfacet
facet normal 0.000192 0.000008 0.000000
  outer loop
    vertex -2.042763 -0.120245 0.050000
    vertex -2.042685 -0.122169 0.050000
    vertex -2.042685 -0.122169 -0.050000
  endloop
endfacet
facet normal 0.000192 0.000008 0.000000
  outer loop
    vertex -2.042763 -0.120245 0.050000
    vertex -2.042685 -0.122169 -0.050000
    vertex -2.042763 -0.120245 -0.050000
  endloop
endfacet
facet normal 0.000192 0.000008 0.000000
  outer loop
    vertex -2.042685 -0.122169 0.050000
    vertex -2.042602 -0.124093 0.050000
    vertex -2.042602 -0.124093 -0.050000
  endloop
endfacet
facet normal 0.000192 0.000008 0.000000
  outer loop
    vertex -2.042685 -0.122169 0.050000
    vertex -2.042602 -0.124093 -0.050000
    vertex -2.042685 -0.122169 -0.050000
  endloop
endfacet
facet normal 0.000192 0.000009 0.000000
  outer loop
    vertex -2.042602 -0.124093 0.050000
    vertex -2.042511 -0.126017 0.050000
    vertex -2.042511 -0.126017 -0.050000
  endloop
endfacet
facet normal 0.000192 0.000009 0.000000
  outer loop
    vertex -2.042602 -0.124093 0.050000
    vertex -2.042511 -0.126017 -0.050000
    vertex -2.042602 -0.124093 -0.050000
  endloop
endfacet
facet normal 0.000192 0.000010 0.000000
  outer loop
    vertex -2.042511 -0.126017 0.050000
    vertex -2.042413 -0.127941 0.050000
    vertex -2.042413 -0.127941 -0.050000
  endloop
endfacet
facet normal 0.000192 0.000010 0.000000
  outer loop
    vertex -2.042511 -0.126017 0.050000
    vertex -2.042413 -0.127941 -0.050000
    vertex -2.042511 -0.126017 -0.050000
  endloop
endfacet
facet normal 0.000192 0.000010 0.000000
  outer loop
    vertex -2.042413 -0.127941 0.050000
    vertex -2.042308 -0.129865 0.050000
    vertex -2.042308 -0.129865 -0.050000
  endloop
endfacet
facet normal 0.000192 0.000010 0.000000
  outer loop
    vertex -2.042413 -0.127941 0.050000
    vertex -2.042308 -0.129865 -0.050000
    vertex -2.042413 -0.127941 -0.050000
  endloop
endfacet
facet normal 0.000192 0.000011 0.000000
  outer loop
    vertex -2.042308 -0.129865 0.050000
    vertex -2.042196 -0.131788 0.050000
    vertex -2.042196 -0.131788 -0.050000
  endloop
endfacet
facet normal 0.000192 0.000011 0.000000
  outer loop
    vertex -2.042308 -0.129865 0.050000
    vertex -2.042196 -0.131788 -0.050000
    vertex -2.042308 -0.129865 -0.050000
  endloop
endfacet
facet normal 0.000192 0.000012 0.000000
  outer loop
    vertex -2.042196 -0.131788 0.050000
    vertex -2.042077 -0.133712 0.050000
    vertex -2.042077 -0.133712 -0.050000
  endloop
endfacet
facet normal 0.000192 0.000012 0.000000
  outer loop
    vertex -2.042196 -0.131788 0.050000
    vertex -2.042077 -0.133712 -0.050000
    vertex -2.042196 -0.131788 -0.050000
  endloop
endfacet
facet normal 0.000192 0.000013 0.000000
  outer loop
    vertex -2.042077 -0.133712 0.050000
    vertex -2.041950 -0.135636 0.050000
    vertex -2.041950 -0.135636 -0.050000
  endloop
endfacet
facet normal 0.000192 0.000013 0.000000
  outer loop
    vertex -2.042077 -0.133712 0.050000
    vertex -2.041950 -0.135636 -0.050000
    vertex -2.042077 -0.133712 -0.050000
  endloop
endfacet
facet normal 0.000192 0.000013 0.000000
  outer loop
    vertex -2.041950 -0.135636 0.050000
    vertex -2.041815 -0.137560 0.050000
    vertex -2.041815 -0.137560 -0.050000
  endloop
endfacet
facet normal 0.000192 0.000013 0.000000
  outer loop
    vertex -2.041950 -0.135636 0.050000
    vertex -2.041815 -0.137560 -0.050000
    vertex -2.041950 -0.135636 -0.050000
  endloop
endfacet
facet normal 0.000192 0.000014 0.000000
  outer loop
    vertex -2.041815 -0.137560 0.050000
    vertex -2.041672 -0.139484 0.050000
    vertex -2.041672 -0.139484 -0.050000
  endloop
endfacet
facet normal 0.000192 0.000014 0.000000
  outer loop
    vertex -2.041815 -0.137560 0.050000
    vertex -2.041672 -0.139484 -0.050000
    vertex -2.041815 -0.137560 -0.050000
  endloop
endfacet
facet normal 0.000192 0.000015 0.000000
  outer loop
    vertex -2.041672 -0.139484 0.050000
    vertex -2.041520 -0.141408 0.050000
    vertex -2.041520 -0.141408 -0.050000
  endloop
endfacet
facet normal 0.000192 0.000015 0.000000
  outer loop
    vertex -2.041672 -0.139484 0.050000
    vertex -2.041520 -0.141408 -0.050000
    vertex -2.041672 -0.139484 -0.050000
  endloop
endfacet
facet normal 0.000192 0.000016 0.000000
  outer loop
    vertex -2.041520 -0.141408 0.050000
    vertex -2.041361 -0.143331 0.050000
    vertex -2.041361 -0.143331 -0.050000
  endloop
endfacet
facet normal 0.000192 0.000016 0.000000
  outer loop
    vertex -2.041520 -0.141408 0.050000
    vertex -2.041361 -0.143331 -0.050000
    vertex -2.041520 -0.141408 -0.050000
  endloop
endfacet
facet normal 0.000192 0.000017 0.000000
  outer loop
    vertex -2.041361 -0.143331 0.050000
    vertex -2.041193 -0.145255 0.050000
    vertex -2.041193 -0.145255 -0.050000
  endloop
endfacet
facet normal 0.000192 0.000017 0.000000
  outer loop
    vertex -2.041361 -0.143331 0.050000
    vertex -2.041193 -0.145255 -0.050000
    vertex -2.041361 -0.143331 -0.050000
  endloop
endfacet
facet normal 0.000192 0.000018 0.000000
  outer loop
    vertex -2.041193 -0.145255 0.050000
    vertex -2.041016 -0.147179 0.050000
    vertex -2.041016 -0.147179 -0.050000
  endloop
endfacet
facet normal 0.000192 0.000018 0.000000
  outer loop
    vertex -2.041193 -0.145255 0.050000
    vertex -2.041016 -0.147179 -0.050000
    vertex -2.041193 -0.145255 -0.050000
  endloop
endfacet
facet normal 0.000192 0.000019 0.000000
  outer loop
    vertex -2.041016 -0.147179 0.050000
    vertex -2.040831 -0.149103 0.050000
    vertex -2.040831 -0.149103 -0.050000
  endloop
endfacet
facet normal 0.000192 0.000019 0.000000
  outer loop
    vertex -2.041016 -0.147179 0.050000
    vertex -2.040831 -0.149103 -0.050000
    vertex -2.041016 -0.147179 -0.050000
  endloop
endfacet
facet normal 0.000192 0.000020 0.000000
  outer loop
    vertex -2.040831 -0.149103 0.050000
    vertex -2.040636 -0.151027 0.050000
    vertex -2.040636 -0.151027 -0.050000
  endloop
endfacet
facet normal 0.000192 0.000020 0.000000
  outer loop
    vertex -2.040831 -0.149103 0.050000
    vertex -2.040636 -0.151027 -0.050000
    vertex -2.040831 -0.149103 -0.050000
  endloop
endfacet
facet normal 0.000192 0.000020 0.000000
  outer loop
    vertex -2.040636 -0.151027 0.050000
    vertex -2.040431 -0.152951 0.050000
    vertex -2.040431 -0.152951 -0.050000
  endloop
endfacet
facet normal 0.000192 0.000020 0.000000
  outer loop
    vertex -2.040636 -0.151027 0.050000
    vertex -2.040431 -0.152951 -0.050000
    vertex -2.040636 -0.151027 -0.050000
  endloop
endfacet
facet normal 0.000192 0.000021 0.000000
  outer loop
    vertex -2.040431 -0.152951 0.050000
    vertex -2.040217 -0.154875 0.050000
    vertex -2.040217 -0.154875 -0.050000
  endloop
endfacet
facet normal 0.000192 0.000021 0.000000
  outer loop
    vertex -2.040431 -0.152951 0.050000
    vertex -2.040217 -0.154875 -0.050000
    vertex -2.040431 -0.152951 -0.050000
  endloop
endfacet
facet normal 0.000192 0.000022 0.000000
  outer loop
    vertex -2.040217 -0.154875 0.050000
    vertex -2.039993 -0.156798 0.050000
    vertex -2.039993 -0.156798 -0.050000
  endloop
endfacet
facet normal 0.000192 0.000022 0.000000
  outer loop
    vertex -2.040217 -0.154875 0.050000
    vertex -2.039993 -0.156798 -0.050000
    vertex -2.040217 -0.154875 -0.050000
  endloop
endfacet
facet normal 0.000192 0.000023 0.000000
  outer loop
    vertex -2.039993 -0.156798 0.050000
    vertex -2.039759 -0.158722 0.050000
    vertex -2.039759 -0.158722 -0.050000
  endloop
endfacet
facet normal 0.000192 0.000023 0.000000
  outer loop
    vertex -2.039993 -0.156798 0.050000
    vertex -2.039759 -0.158722 -0.050000
    vertex -2.039993 -0.156798 -0.050000
  endloop
endfacet
facet normal 0.000192 0.000024 0.000000
  outer loop
    vertex -2.039759 -0.158722 0.050000
    vertex -2.039514 -0.160646 0.050000
    vertex -2.039514 -0.160646 -0.050000
  endloop
endfacet
facet normal 0.000192 0.000024 0.000000
  outer loop
    vertex -2.039759 -0.158722 0.050000
    vertex -2.039514 -0.160646 -0.050000
    vertex -2.039759 -0.158722 -0.050000
  endloop
endfacet
facet normal 0.000192 0.000026 0.000000
  outer loop
    vertex -2.039514 -0.160646 0.050000
    vertex -2.039258 -0.162570 0.050000
    vertex -2.039258 -0.162570 -0.050000
  endloop
endfacet
facet normal 0.000192 0.000026 0.000000
  outer loop
    vertex -2.039514 -0.160646 0.050000
    vertex -2.039258 -0.162570 -0.050000
    vertex -2.039514 -0.160646 -0.050000
  endloop
endfacet
facet normal 0.000192 0.000027 0.000000
  outer loop
    vertex -2.039258 -0.162570 0.050000
    vertex -2.038992 -0.164494 0.050000
    vertex -2.038992 -0.164494 -0.050000
  endloop
endfacet
facet normal 0.000192 0.000027 0.000000
  outer loop
    vertex -2.039258 -0.162570 0.050000
    vertex -2.038992 -0.164494 -0.050000
    vertex -2.039258 -0.162570 -0.050000
  endloop
endfacet
facet normal 0.000192 0.000028 0.000000
  outer loop
    vertex -2.038992 -0.164494 0.050000
    vertex -2.038713 -0.166418 0.050000
    vertex -2.038713 -0.166418 -0.050000
  endloop
endfacet
facet normal 0.000192 0.000028 0.000000
  outer loop
    vertex -2.038992 -0.164494 0.050000
    vertex -2.038713 -0.166418 -0.050000
    vertex -2.038992 -0.164494 -0.050000
  endloop
endfacet
facet normal 0.000192 0.000029 0.000000
  outer loop
    vertex -2.038713 -0.166418 0.050000
    vertex -2.038423 -0.168341 0.050000
    vertex -2.038423 -0.168341 -0.050000
  endloop
endfacet
facet normal 0.000192 0.000029 0.000000
  outer loop
    vertex -2.038713 -0.166418 0.050000
    vertex -2.038423 -0.168341 -0.050000
    vertex -2.038713 -0.166418 -0.050000
  endloop
endfacet
facet normal 0.000192 0.000030 0.000000
  outer loop
    vertex -2.038423 -0.168341 0.050000
    vertex -2.038121 -0.170265 0.050000
    vertex -2.038121 -0.170265 -0.050000
  endloop
endfacet
facet normal 0.000192 0.000030 0.000000
  outer loop
    vertex -2.038423 -0.168341 0.050000
    vertex -2.038121 -0.170265 -0.050000
    vertex -2.038423 -0.168341 -0.050000
  endloop
endfacet
facet normal 0.000192 0.000032 0.000000
  outer loop
    vertex -2.038121 -0.170265 0.050000
    vertex -2.037806 -0.172189 0.050000
    vertex -2.037806 -0.172189 -0.050000
  endloop
endfacet
facet normal 0.000192 0.000032 0.000000
  outer loop
    vertex -2.038121 -0.170265 0.050000
    vertex -2.037806 -0.172189 -0.050000
    vertex -2.038121 -0.170265 -0.050000
  endloop
endfacet
facet normal 0.000192 0.000033 0.000000
  outer loop
    vertex -2.037806 -0.172189 0.050000
    vertex -2.037478 -0.174113 0.050000
    vertex -2.037478 -0.174113 -0.050000
  endloop
endfacet
facet normal 0.000192 0.000033 0.000000
  outer loop
    vertex -2.037806 -0.172189 0.050000
    vertex -2.037478 -0.174113 -0.050000
    vertex -2.037806 -0.172189 -0.050000
  endloop
endfacet
facet normal 0.000192 0.000034 0.000000
  outer loop
    vertex -2.037478 -0.174113 0.050000
    vertex -2.037136 -0.176037 0.050000
    vertex -2.037136 -0.176037 -0.050000
  endloop
endfacet
facet normal 0.000192 0.000034 0.000000
  outer loop
    vertex -2.037478 -0.174113 0.050000
    vertex -2.037136 -0.176037 -0.050000
    vertex -2.037478 -0.174113 -0.050000
  endloop
endfacet
facet normal 0.000192 0.000036 0.000000
  outer loop
    vertex -2.037136 -0.176037 0.050000
    vertex -2.036780 -0.177961 0.050000
    vertex -2.036780 -0.177961 -0.050000
  endloop
endfacet
facet normal 0.000192 0.000036 0.000000
  outer loop
    vertex -2.037136 -0.176037 0.050000
    vertex -2.036780 -0.177961 -0.050000
    vertex -2.037136 -0.176037 -0.050000
  endloop
endfacet
facet normal 0.000192 0.000037 0.000000
  outer loop
    vertex -2.036780 -0.177961 0.050000
    vertex -2.036410 -0.179885 0.050000
    vertex -2.036410 -0.179885 -0.050000
  endloop
endfacet
facet normal 0.000192 0.000037 0.000000
  outer loop
    vertex -2.036780 -0.177961 0.050000
    vertex -2.036410 -0.179885 -0.050000
    vertex -2.036780 -0.177961 -0.050000
  endloop
endfacet
facet normal 0.000192 0.000039 0.000000
  outer loop
    vertex -2.036410 -0.179885 0.050000
    vertex -2.036024 -0.181808 0.050000
    vertex -2.036024 -0.181808 -0.050000
  endloop
endfacet
facet normal 0.000192 0.000039 0.000000
  outer loop
    vertex -2.036410 -0.179885 0.050000
    vertex -2.036024 -0.181808 -0.050000
    vertex -2.036410 -0.179885 -0.050000
  endloop
endfacet
facet normal 0.000192 0.000040 0.000000
  outer loop
    vertex -2.036024 -0.181808 0.050000
    vertex -2.035623 -0.183732 0.050000
    vertex -2.035623 -0.183732 -0.050000
  endloop
endfacet
facet normal 0.000192 0.000040 0.000000
  outer loop
    vertex -2.036024 -0.181808 0.050000
    vertex -2.035623 -0.183732 -0.050000
    vertex -2.036024 -0.181808 -0.050000
  endloop
endfacet
facet normal 0.000192 0.000042 0.000000
  outer loop
    vertex -2.035623 -0.183732 0.050000
    vertex -2.035205 -0.185656 0.050000
    vertex -2.035205 -0.185656 -0.050000
  endloop
endfacet
facet normal 0.000192 0.000042 0.000000
  outer loop
    vertex -2.035623 -0.183732 0.050000
    vertex -2.035205 -0.185656 -0.050000
    vertex -2.035623 -0.183732 -0.050000
  endloop
endfacet
facet normal 0.000192 0.000044 0.000000
  outer loop
    vertex -2.035205 -0.185656 0.050000
    vertex -2.034770 -0.187580 0.050000
    vertex -2.034770 -0.187580 -0.050000
  endloop
endfacet
facet normal 0.000192 0.000044 0.000000
  outer loop
    vertex -2.035205 -0.185656 0.050000
    vertex -2.034770 -0.187580 -0.050000
    vertex -2.035205 -0.185656 -0.050000
  endloop
endfacet
facet normal 0.000192 0.000045 0.000000
  outer loop
    vertex -2.034770 -0.187580 0.050000
    vertex -2.034317 -0.189504 0.050000
    vertex -2.034317 -0.189504 -0.050000
  endloop
endfacet
facet normal 0.000192 0.000045 0.000000
  outer loop
    vertex -2.034770 -0.187580 0.050000
    vertex -2.034317 -0.189504 -0.050000
    vertex -2.034770 -0.187580 -0.050000
  endloop
endfacet
facet normal 0.000192 0.000047 0.000000
  outer loop
    vertex -2.034317 -0.189504 0.050000
    vertex -2.033844 -0.191428 0.050000
    vertex -2.033844 -0.191428 -0.050000
  endloop
endfacet
facet normal 0.000192 0.000047 0.000000
  outer loop
    vertex -2.034317 -0.189504 0.050000
    vertex -2.033844 -0.191428 -0.050000
    vertex -2.034317 -0.189504 -0.050000
  endloop
endfacet
facet normal 0.000192 0.000049 0.000000
  outer loop
    vertex -2.033844 -0.191428 0.050000
    vertex -2.033352 -0.193352 0.050000
    vertex -2.033352 -0.193352 -0.050000
  endloop
endfacet
facet normal 0.000192 0.000049 0.000000
  outer loop
    vertex -2.033844 -0.191428 0.050000
    vertex -2.033352 -0.193352 -0.050000
    vertex -2.033844 -0.191428 -0.050000
  endloop
endfacet
facet normal 0.000192 0.000051 0.000000
  outer loop
    vertex -2.033352 -0.193352 0.050000
    vertex -2.032840 -0.195275 0.050000
    vertex -2.032840 -0.195275 -0.050000
  endloop
endfacet
facet normal 0.000192 0.000051 0.000000
  outer loop
    vertex -2.033352 -0.193352 0.050000
    vertex -2.032840 -0.195275 -0.050000
    vertex -2.033352 -0.193352 -0.050000
  endloop
endfacet
facet normal 0.000192 0.000054 0.000000
  outer loop
    vertex -2.032840 -0.195275 0.050000
    vertex -2.032305 -0.197199 0.050000
    vertex -2.032305 -0.197199 -0.050000
  endloop
endfacet
facet normal 0.000192 0.000054 0.000000
  outer loop
    vertex -2.032840 -0.195275 0.050000
    vertex -2.032305 -0.197199 -0.050000
    vertex -2.032840 -0.195275 -0.050000
  endloop
endfacet
facet normal 0.000192 0.000056 0.000000
  outer loop
    vertex -2.032305 -0.197199 0.050000
    vertex -2.031747 -0.199123 0.050000
    vertex -2.031747 -0.199123 -0.050000
  endloop
endfacet
facet normal 0.000192 0.000056 0.000000
  outer loop
    vertex -2.032305 -0.197199 0.050000
    vertex -2.031747 -0.199123 -0.050000
    vertex -2.032305 -0.197199 -0.050000
  endloop
endfacet
facet normal 0.000192 0.000058 0.000000
  outer loop
    vertex -2.031747 -0.199123 0.050000
    vertex -2.031164 -0.201047 0.050000
    vertex -2.031164 -0.201047 -0.050000
  endloop
endfacet
facet normal 0.000192 0.000058 0.000000
  outer loop
    vertex -2.031747 -0.199123 0.050000
    vertex -2.031164 -0.201047 -0.050000
    vertex -2.031747 -0.199123 -0.050000
  endloop
endfacet
facet normal 0.000192 0.000061 0.000000
  outer loop
    vertex -2.031164 -0.201047 0.050000
    vertex -2.030554 -0.202971 0.050000
    vertex -2.030554 -0.202971 -0.050000
  endloop
endfacet
facet normal 0.000192 0.000061 0.000000
  outer loop
    vertex -2.031164 -0.201047 0.050000
    vertex -2.030554 -0.202971 -0.050000
    vertex -2.031164 -0.201047 -0.050000
  endloop
endfacet
facet normal 0.000192 0.000064 0.000000
  outer loop
    vertex -2.030554 -0.202971 0.050000
    vertex -2.029917 -0.204895 0.050000
    vertex -2.029917 -0.204895 -0.050000
  endloop
endfacet
facet normal 0.000192 0.000064 0.000000
  outer loop
    vertex -2.030554 -0.202971 0.050000
    vertex -2.029917 -0.204895 -0.050000
    vertex -2.030554 -0.202971 -0.050000
  endloop
endfacet
facet normal 0.000192 0.000067 0.000000
  outer loop
    vertex -2.029917 -0.204895 0.050000
    vertex -2.029248 -0.206818 0.050000
    vertex -2.029248 -0.206818 -0.050000
  endloop
endfacet
facet normal 0.000192 0.000067 0.000000
  outer loop
    vertex -2.029917 -0.204895 0.050000
    vertex -2.029248 -0.206818 -0.050000
    vertex -2.029917 -0.204895 -0.050000
  endloop
endfacet
facet normal 0.000192 0.000070 0.000000
  outer loop
    vertex -2.029248 -0.206818 0.050000
    vertex -2.028547 -0.208742 0.050000
    vertex -2.028547 -0.208742 -0.050000
  endloop
endfacet
facet normal 0.000192 0.000070 0.000000
  outer loop
    vertex -2.029248 -0.206818 0.050000
    vertex -2.028547 -0.208742 -0.050000
    vertex -2.029248 -0.206818 -0.050000
  endloop
endfacet
facet normal 0.000192 0.000074 0.000000
  outer loop
    vertex -2.028547 -0.208742 0.050000
    vertex -2.027811 -0.210666 0.050000
    vertex -2.027811 -0.210666 -0.050000
  endloop
endfacet
facet normal 0.000192 0.000074 0.000000
  outer loop
    vertex -2.028547 -0.208742 0.050000
    vertex -2.027811 -0.210666 -0.050000
    vertex -2.028547 -0.208742 -0.050000
  endloop
endfacet
facet normal 0.000192 0.000078 0.000000
  outer loop
    vertex -2.027811 -0.210666 0.050000
    vertex -2.027035 -0.212590 0.050000
    vertex -2.027035 -0.212590 -0.050000
  endloop
endfacet
facet normal 0.000192 0.000078 0.000000
  outer loop
    vertex -2.027811 -0.210666 0.050000
    vertex -2.027035 -0.212590 -0.050000
    vertex -2.027811 -0.210666 -0.050000
  endloop
endfacet
facet normal 0.000192 0.000082 0.000000
  outer loop
    vertex -2.027035 -0.212590 0.050000
    vertex -2.026219 -0.214514 0.050000
    vertex -2.026219 -0.214514 -0.050000
  endloop
endfacet
facet normal 0.000192 0.000082 0.000000
  outer loop
    vertex -2.027035 -0.212590 0.050000
    vertex -2.026219 -0.214514 -0.050000
    vertex -2.027035 -0.212590 -0.050000
  endloop
endfacet
facet normal 0.000192 0.000087 0.000000
  outer loop
    vertex -2.026219 -0.214514 0.050000
    vertex -2.025352 -0.216438 0.050000
    vertex -2.025352 -0.216438 -0.050000
  endloop
endfacet
facet normal 0.000192 0.000087 0.000000
  outer loop
    vertex -2.026219 -0.214514 0.050000
    vertex -2.025352 -0.216438 -0.050000
    vertex -2.026219 -0.214514 -0.050000
  endloop
endfacet
facet normal 0.000192 0.000092 0.000000
  outer loop
    vertex -2.025352 -0.216438 0.050000
    vertex -2.024436 -0.218362 0.050000
    vertex -2.024436 -0.218362 -0.050000
  endloop
endfacet
facet normal 0.000192 0.000092 0.000000
  outer loop
    vertex -2.025352 -0.216438 0.050000
    vertex -2.024436 -0.218362 -0.050000
    vertex -2.025352 -0.216438 -0.050000
  endloop
endfacet
facet normal 0.000192 0.000098 0.000000
  outer loop
    vertex -2.024436 -0.218362 0.050000
    vertex -2.023458 -0.220285 0.050000
    vertex -2.023458 -0.220285 -0.050000
  endloop
endfacet
facet normal 0.000192 0.000098 0.000000
  outer loop
    vertex -2.024436 -0.218362 0.050000
    vertex -2.023458 -0.220285 -0.050000
    vertex -2.024436 -0.218362 -0.050000
  endloop
endfacet
facet normal 0.000192 0.000105 0.000000
  outer loop
    vertex -2.023458 -0.220285 0.050000
    vertex -2.022411 -0.222209 0.050000
    vertex -2.022411 -0.222209 -0.050000
  endloop
endfacet
facet normal 0.000192 0.000105 0.000000
  outer loop
    vertex -2.023458 -0.220285 0.050000
    vertex -2.022411 -0.222209 -0.050000
    vertex -2.023458 -0.220285 -0.050000
  endloop
endfacet
facet normal 0.000192 0.000112 0.000000
  outer loop
    vertex -2.022411 -0.222209 0.050000
    vertex -2.021289 -0.224133 0.050000
    vertex -2.021289 -0.224133 -0.050000
  endloop
endfacet
facet normal 0.000192 0.000112 0.000000
  outer loop
    vertex -2.022411 -0.222209 0.050000
    vertex -2.021289 -0.224133 -0.050000
    vertex -2.022411 -0.222209 -0.050000
  endloop
endfacet
facet normal 0.000192 0.000122 0.000000
  outer loop
    vertex -2.021289 -0.224133 0.050000
    vertex -2.020065 -0.226057 0.050000
    vertex -2.020065 -0.226057 -0.050000
  endloop
endfacet
facet normal 0.000192 0.000122 0.000000
  outer loop
    vertex -2.021289 -0.224133 0.050000
    vertex -2.020065 -0.226057 -0.050000
    vertex -2.021289 -0.224133 -0.050000
  endloop
endfacet
facet normal 0.000192 0.000133 0.000000
  outer loop
    vertex -2.020065 -0.226057 0.050000
    vertex -2.018734 -0.227981 0.050000
    vertex -2.018734 -0.227981 -0.050000
  endloop
endfacet
facet normal 0.000192 0.000133 0.000000
  outer loop
    vertex -2.020065 -0.226057 0.050000
    vertex -2.018734 -0.227981 -0.050000
    vertex -2.020065 -0.226057 -0.050000
  endloop
endfacet
facet normal 0.000192 0.000149 0.000000
  outer loop
    vertex -2.018734 -0.227981 0.050000
    vertex -2.017248 -0.229905 0.050000
    vertex -2.017248 -0.229905 -0.050000
  endloop
endfacet
facet normal 0.000192 0.000149 0.000000
  outer loop
    vertex -2.018734 -0.227981 0.050000
    vertex -2.017248 -0.229905 -0.050000
    vertex -2.018734 -0.227981 -0.050000
  endloop
endfacet
facet normal 0.000192 0.000169 0.000000
  outer loop
    vertex -2.017248 -0.229905 0.050000
    vertex -2.015559 -0.231828 0.050000
    vertex -2.015559 -0.231828 -0.050000
  endloop
endfacet
facet normal 0.000192 0.000169 0.000000
  outer loop
    vertex -2.017248 -0.229905 0.050000
    vertex -2.015559 -0.231828 -0.050000
    vertex -2.017248 -0.229905 -0.050000
  endloop
endfacet
facet normal 0.000202 0.000226 0.000000
  outer loop
    vertex -2.015559 -0.231828 0.050000
    vertex -2.013302 -0.233847 0.050000
    vertex -2.013302 -0.233847 -0.050000
  endloop
endfacet
facet normal 0.000202 0.000226 0.000000
  outer loop
    vertex -2.015559 -0.231828 0.050000
    vertex -2.013302 -0.233847 -0.050000
    vertex -2.015559 -0.231828 -0.050000
  endloop
endfacet
facet normal 0.000269 0.000506 0.000000
  outer loop
    vertex -2.013302 -0.233847 0.050000
    vertex -2.008242 -0.236538 0.050000
    vertex -2.008242 -0.236538 -0.050000
  endloop
endfacet
facet normal 0.000269 0.000506 0.000000
  outer loop
    vertex -2.013302 -0.233847 0.050000
    vertex -2.008242 -0.236538 -0.050000
    vertex -2.013302 -0.233847 -0.050000
  endloop
endfacet
facet normal 0.000346 0.000824 0.000000
  outer loop
    vertex -2.008242 -0.236538 0.050000
    vertex -2.000000 -0.240000 0.050000
    vertex -2.000000 -0.240000 -0.050000
  endloop
endfacet
facet normal 0.000346 0.000824 0.000000
  outer loop
    vertex -2.008242 -0.236538 0.050000
    vertex -2.000000 -0.240000 -0.050000
    vertex -2.008242 -0.236538 -0.050000
  endloop
endfacet
endsolid VAWT1.stl
