solid VAWT2.stl
facet normal -0.000541 -0.000712 0.000000
  outer loop
    vertex 1.207846 -1.612051 0.050000
    vertex 1.200727 -1.606644 0.050000
    vertex 1.200727 -1.606644 -0.050000
  endloop
endfacet
facet normal -0.000541 -0.000712 -0.000000
  outer loop
    vertex 1.207846 -1.612051 0.050000
    vertex 1.200727 -1.606644 -0.050000
    vertex 1.207846 -1.612051 -0.050000
  endloop
endfacet
facet normal -0.000304 -0.000486 0.000000
  outer loop
    vertex 1.200727 -1.606644 0.050000
    vertex 1.195866 -1.603608 0.050000
    vertex 1.195866 -1.603608 -0.050000
  endloop
endfacet
facet normal -0.000304 -0.000486 -0.000000
  outer loop
    vertex 1.200727 -1.606644 0.050000
    vertex 1.195866 -1.603608 -0.050000
    vertex 1.200727 -1.606644 -0.050000
  endloop
endfacet
facet normal -0.000095 -0.000288 0.000000
  outer loop
    vertex 1.195866 -1.603608 0.050000
    vertex 1.192990 -1.602662 0.050000
    vertex 1.192990 -1.602662 -0.050000
  endloop
endfacet
facet normal -0.000095 -0.000288 -0.000000
  outer loop
    vertex 1.195866 -1.603608 0.050000
    vertex 1.192990 -1.602662 -0.050000
    vertex 1.195866 -1.603608 -0.050000
  endloop
endfacet
facet normal -0.000050 -0.000251 0.000000
  outer loop
    vertex 1.192990 -1.602662 0.050000
    vertex 1.190479 -1.602162 0.050000
    vertex 1.190479 -1.602162 -0.050000
  endloop
endfacet
facet normal -0.000050 -0.000251 -0.000000
  outer loop
    vertex 1.192990 -1.602662 0.050000
    vertex 1.190479 -1.602162 -0.050000
    vertex 1.192990 -1.602662 -0.050000
  endloop
endfacet
facet normal -0.000032 -0.000241 0.000000
  outer loop
    vertex 1.190479 -1.602162 0.050000
    vertex 1.188070 -1.601837 0.050000
    vertex 1.188070 -1.601837 -0.050000
  endloop
endfacet
facet normal -0.000032 -0.000241 -0.000000
  outer loop
    vertex 1.190479 -1.602162 0.050000
    vertex 1.188070 -1.601837 -0.050000
    vertex 1.190479 -1.602162 -0.050000
  endloop
endfacet
facet normal -0.000019 -0.000233 0.000000
  outer loop
    vertex 1.188070 -1.601837 0.050000
    vertex 1.185738 -1.601645 0.050000
    vertex 1.185738 -1.601645 -0.050000
  endloop
endfacet
facet normal -0.000019 -0.000233 -0.000000
  outer loop
    vertex 1.188070 -1.601837 0.050000
    vertex 1.185738 -1.601645 -0.050000
    vertex 1.188070 -1.601837 -0.050000
  endloop
endfacet
facet normal -0.000010 -0.000228 0.000000
  outer loop
    vertex 1.185738 -1.601645 0.050000
    vertex 1.183460 -1.601547 0.050000
    vertex 1.183460 -1.601547 -0.050000
  endloop
endfacet
facet normal -0.000010 -0.000228 -0.000000
  outer loop
    vertex 1.185738 -1.601645 0.050000
    vertex 1.183460 -1.601547 -0.050000
    vertex 1.185738 -1.601645 -0.050000
  endloop
endfacet
facet normal -0.000001 -0.000223 0.000000
  outer loop
    vertex 1.183460 -1.601547 0.050000
    vertex 1.181233 -1.601538 0.050000
    vertex 1.181233 -1.601538 -0.050000
  endloop
endfacet
facet normal -0.000001 -0.000223 -0.000000
  outer loop
    vertex 1.183460 -1.601547 0.050000
    vertex 1.181233 -1.601538 -0.050000
    vertex 1.183460 -1.601547 -0.050000
  endloop
endfacet
facet normal 0.000005 -0.000219 0.000000
  outer loop
    vertex 1.181233 -1.601538 0.050000
    vertex 1.179044 -1.601593 0.050000
    vertex 1.179044 -1.601593 -0.050000
  endloop
endfacet
facet normal 0.000005 -0.000219 0.000000
  outer loop
    vertex 1.181233 -1.601538 0.050000
    vertex 1.179044 -1.601593 -0.050000
    vertex 1.181233 -1.601538 -0.050000
  endloop
endfacet
facet normal 0.000012 -0.000215 0.000000
  outer loop
    vertex 1.179044 -1.601593 0.050000
    vertex 1.176889 -1.601708 0.050000
    vertex 1.176889 -1.601708 -0.050000
  endloop
endfacet
facet normal 0.000012 -0.000215 0.000000
  outer loop
    vertex 1.179044 -1.601593 0.050000
    vertex 1.176889 -1.601708 -0.050000
    vertex 1.179044 -1.601593 -0.050000
  endloop
endfacet
facet normal 0.000017 -0.000212 0.000000
  outer loop
    vertex 1.176889 -1.601708 0.050000
    vertex 1.174764 -1.601876 0.050000
    vertex 1.174764 -1.601876 -0.050000
  endloop
endfacet
facet normal 0.000017 -0.000212 0.000000
  outer loop
    vertex 1.176889 -1.601708 0.050000
    vertex 1.174764 -1.601876 -0.050000
    vertex 1.176889 -1.601708 -0.050000
  endloop
endfacet
facet normal 0.000021 -0.000210 0.000000
  outer loop
    vertex 1.174764 -1.601876 0.050000
    vertex 1.172665 -1.602088 0.050000
    vertex 1.172665 -1.602088 -0.050000
  endloop
endfacet
facet normal 0.000021 -0.000210 0.000000
  outer loop
    vertex 1.174764 -1.601876 0.050000
    vertex 1.172665 -1.602088 -0.050000
    vertex 1.174764 -1.601876 -0.050000
  endloop
endfacet
facet normal 0.000025 -0.000207 0.000000
  outer loop
    vertex 1.172665 -1.602088 0.050000
    vertex 1.170591 -1.602343 0.050000
    vertex 1.170591 -1.602343 -0.050000
  endloop
endfacet
facet normal 0.000025 -0.000207 0.000000
  outer loop
    vertex 1.172665 -1.602088 0.050000
    vertex 1.170591 -1.602343 -0.050000
    vertex 1.172665 -1.602088 -0.050000
  endloop
endfacet
facet normal 0.000029 -0.000205 0.000000
  outer loop
    vertex 1.170591 -1.602343 0.050000
    vertex 1.168537 -1.602633 0.050000
    vertex 1.168537 -1.602633 -0.050000
  endloop
endfacet
facet normal 0.000029 -0.000205 0.000000
  outer loop
    vertex 1.170591 -1.602343 0.050000
    vertex 1.168537 -1.602633 -0.050000
    vertex 1.170591 -1.602343 -0.050000
  endloop
endfacet
facet normal 0.000032 -0.000203 0.000000
  outer loop
    vertex 1.168537 -1.602633 0.050000
    vertex 1.166502 -1.602957 0.050000
    vertex 1.166502 -1.602957 -0.050000
  endloop
endfacet
facet normal 0.000032 -0.000203 0.000000
  outer loop
    vertex 1.168537 -1.602633 0.050000
    vertex 1.166502 -1.602957 -0.050000
    vertex 1.168537 -1.602633 -0.050000
  endloop
endfacet
facet normal 0.000036 -0.000202 0.000000
  outer loop
    vertex 1.166502 -1.602957 0.050000
    vertex 1.164486 -1.603312 0.050000
    vertex 1.164486 -1.603312 -0.050000
  endloop
endfacet
facet normal 0.000036 -0.000202 0.000000
  outer loop
    vertex 1.166502 -1.602957 0.050000
    vertex 1.164486 -1.603312 -0.050000
    vertex 1.166502 -1.602957 -0.050000
  endloop
endfacet
facet normal 0.000038 -0.000200 0.000000
  outer loop
    vertex 1.164486 -1.603312 0.050000
    vertex 1.162486 -1.603695 0.050000
    vertex 1.162486 -1.603695 -0.050000
  endloop
endfacet
facet normal 0.000038 -0.000200 0.000000
  outer loop
    vertex 1.164486 -1.603312 0.050000
    vertex 1.162486 -1.603695 -0.050000
    vertex 1.164486 -1.603312 -0.050000
  endloop
endfacet
facet normal 0.000041 -0.000198 0.000000
  outer loop
    vertex 1.162486 -1.603695 0.050000
    vertex 1.160501 -1.604105 0.050000
    vertex 1.160501 -1.604105 -0.050000
  endloop
endfacet
facet normal 0.000041 -0.000198 0.000000
  outer loop
    vertex 1.162486 -1.603695 0.050000
    vertex 1.160501 -1.604105 -0.050000
    vertex 1.162486 -1.603695 -0.050000
  endloop
endfacet
facet normal 0.000043 -0.000197 0.000000
  outer loop
    vertex 1.160501 -1.604105 0.050000
    vertex 1.158530 -1.604539 0.050000
    vertex 1.158530 -1.604539 -0.050000
  endloop
endfacet
facet normal 0.000043 -0.000197 0.000000
  outer loop
    vertex 1.160501 -1.604105 0.050000
    vertex 1.158530 -1.604539 -0.050000
    vertex 1.160501 -1.604105 -0.050000
  endloop
endfacet
facet normal 0.000046 -0.000196 0.000000
  outer loop
    vertex 1.158530 -1.604539 0.050000
    vertex 1.156572 -1.604996 0.050000
    vertex 1.156572 -1.604996 -0.050000
  endloop
endfacet
facet normal 0.000046 -0.000196 0.000000
  outer loop
    vertex 1.158530 -1.604539 0.050000
    vertex 1.156572 -1.604996 -0.050000
    vertex 1.158530 -1.604539 -0.050000
  endloop
endfacet
facet normal 0.000048 -0.000195 0.000000
  outer loop
    vertex 1.156572 -1.604996 0.050000
    vertex 1.154627 -1.605474 0.050000
    vertex 1.154627 -1.605474 -0.050000
  endloop
endfacet
facet normal 0.000048 -0.000195 0.000000
  outer loop
    vertex 1.156572 -1.604996 0.050000
    vertex 1.154627 -1.605474 -0.050000
    vertex 1.156572 -1.604996 -0.050000
  endloop
endfacet
facet normal 0.000050 -0.000193 0.000000
  outer loop
    vertex 1.154627 -1.605474 0.050000
    vertex 1.152693 -1.605973 0.050000
    vertex 1.152693 -1.605973 -0.050000
  endloop
endfacet
facet normal 0.000050 -0.000193 0.000000
  outer loop
    vertex 1.154627 -1.605474 0.050000
    vertex 1.152693 -1.605973 -0.050000
    vertex 1.154627 -1.605474 -0.050000
  endloop
endfacet
facet normal 0.000052 -0.000192 0.000000
  outer loop
    vertex 1.152693 -1.605973 0.050000
    vertex 1.150771 -1.606491 0.050000
    vertex 1.150771 -1.606491 -0.050000
  endloop
endfacet
facet normal 0.000052 -0.000192 0.000000
  outer loop
    vertex 1.152693 -1.605973 0.050000
    vertex 1.150771 -1.606491 -0.050000
    vertex 1.152693 -1.605973 -0.050000
  endloop
endfacet
facet normal 0.000054 -0.000191 0.000000
  outer loop
    vertex 1.150771 -1.606491 0.050000
    vertex 1.148859 -1.607027 0.050000
    vertex 1.148859 -1.607027 -0.050000
  endloop
endfacet
facet normal 0.000054 -0.000191 0.000000
  outer loop
    vertex 1.150771 -1.606491 0.050000
    vertex 1.148859 -1.607027 -0.050000
    vertex 1.150771 -1.606491 -0.050000
  endloop
endfacet
facet normal 0.000055 -0.000190 0.000000
  outer loop
    vertex 1.148859 -1.607027 0.050000
    vertex 1.146957 -1.607580 0.050000
    vertex 1.146957 -1.607580 -0.050000
  endloop
endfacet
facet normal 0.000055 -0.000190 0.000000
  outer loop
    vertex 1.148859 -1.607027 0.050000
    vertex 1.146957 -1.607580 -0.050000
    vertex 1.148859 -1.607027 -0.050000
  endloop
endfacet
facet normal 0.000057 -0.000189 0.000000
  outer loop
    vertex 1.146957 -1.607580 0.050000
    vertex 1.145064 -1.608149 0.050000
    vertex 1.145064 -1.608149 -0.050000
  endloop
endfacet
facet normal 0.000057 -0.000189 0.000000
  outer loop
    vertex 1.146957 -1.607580 0.050000
    vertex 1.145064 -1.608149 -0.050000
    vertex 1.146957 -1.607580 -0.050000
  endloop
endfacet
facet normal 0.000058 -0.000188 0.000000
  outer loop
    vertex 1.145064 -1.608149 0.050000
    vertex 1.143180 -1.608734 0.050000
    vertex 1.143180 -1.608734 -0.050000
  endloop
endfacet
facet normal 0.000058 -0.000188 0.000000
  outer loop
    vertex 1.145064 -1.608149 0.050000
    vertex 1.143180 -1.608734 -0.050000
    vertex 1.145064 -1.608149 -0.050000
  endloop
endfacet
facet normal 0.000060 -0.000187 0.000000
  outer loop
    vertex 1.143180 -1.608734 0.050000
    vertex 1.141305 -1.609334 0.050000
    vertex 1.141305 -1.609334 -0.050000
  endloop
endfacet
facet normal 0.000060 -0.000187 0.000000
  outer loop
    vertex 1.143180 -1.608734 0.050000
    vertex 1.141305 -1.609334 -0.050000
    vertex 1.143180 -1.608734 -0.050000
  endloop
endfacet
facet normal 0.000061 -0.000187 0.000000
  outer loop
    vertex 1.141305 -1.609334 0.050000
    vertex 1.139439 -1.609949 0.050000
    vertex 1.139439 -1.609949 -0.050000
  endloop
endfacet
facet normal 0.000061 -0.000187 0.000000
  outer loop
    vertex 1.141305 -1.609334 0.050000
    vertex 1.139439 -1.609949 -0.050000
    vertex 1.141305 -1.609334 -0.050000
  endloop
endfacet
facet normal 0.000063 -0.000186 0.000000
  outer loop
    vertex 1.139439 -1.609949 0.050000
    vertex 1.137580 -1.610577 0.050000
    vertex 1.137580 -1.610577 -0.050000
  endloop
endfacet
facet normal 0.000063 -0.000186 0.000000
  outer loop
    vertex 1.139439 -1.609949 0.050000
    vertex 1.137580 -1.610577 -0.050000
    vertex 1.139439 -1.609949 -0.050000
  endloop
endfacet
facet normal 0.000064 -0.000185 0.000000
  outer loop
    vertex 1.137580 -1.610577 0.050000
    vertex 1.135728 -1.611218 0.050000
    vertex 1.135728 -1.611218 -0.050000
  endloop
endfacet
facet normal 0.000064 -0.000185 0.000000
  outer loop
    vertex 1.137580 -1.610577 0.050000
    vertex 1.135728 -1.611218 -0.050000
    vertex 1.137580 -1.610577 -0.050000
  endloop
endfacet
facet normal 0.000065 -0.000184 0.000000
  outer loop
    vertex 1.135728 -1.611218 0.050000
    vertex 1.133884 -1.611872 0.050000
    vertex 1.133884 -1.611872 -0.050000
  endloop
endfacet
facet normal 0.000065 -0.000184 0.000000
  outer loop
    vertex 1.135728 -1.611218 0.050000
    vertex 1.133884 -1.611872 -0.050000
    vertex 1.135728 -1.611218 -0.050000
  endloop
endfacet
facet normal 0.000067 -0.000184 0.000000
  outer loop
    vertex 1.133884 -1.611872 0.050000
    vertex 1.132048 -1.612538 0.050000
    vertex 1.132048 -1.612538 -0.050000
  endloop
endfacet
facet normal 0.000067 -0.000184 0.000000
  outer loop
    vertex 1.133884 -1.611872 0.050000
    vertex 1.132048 -1.612538 -0.050000
    vertex 1.133884 -1.611872 -0.050000
  endloop
endfacet
facet normal 0.000068 -0.000183 0.000000
  outer loop
    vertex 1.132048 -1.612538 0.050000
    vertex 1.130217 -1.613215 0.050000
    vertex 1.130217 -1.613215 -0.050000
  endloop
endfacet
facet normal 0.000068 -0.000183 0.000000
  outer loop
    vertex 1.132048 -1.612538 0.050000
    vertex 1.130217 -1.613215 -0.050000
    vertex 1.132048 -1.612538 -0.050000
  endloop
endfacet
facet normal 0.000069 -0.000182 0.000000
  outer loop
    vertex 1.130217 -1.613215 0.050000
    vertex 1.128394 -1.613904 0.050000
    vertex 1.128394 -1.613904 -0.050000
  endloop
endfacet
facet normal 0.000069 -0.000182 0.000000
  outer loop
    vertex 1.130217 -1.613215 0.050000
    vertex 1.128394 -1.613904 -0.050000
    vertex 1.130217 -1.613215 -0.050000
  endloop
endfacet
facet normal 0.000070 -0.000182 0.000000
  outer loop
    vertex 1.128394 -1.613904 0.050000
    vertex 1.126576 -1.614604 0.050000
    vertex 1.126576 -1.614604 -0.050000
  endloop
endfacet
facet normal 0.000070 -0.000182 0.000000
  outer loop
    vertex 1.128394 -1.613904 0.050000
    vertex 1.126576 -1.614604 -0.050000
    vertex 1.128394 -1.613904 -0.050000
  endloop
endfacet
facet normal 0.000071 -0.000181 0.000000
  outer loop
    vertex 1.126576 -1.614604 0.050000
    vertex 1.124765 -1.615315 0.050000
    vertex 1.124765 -1.615315 -0.050000
  endloop
endfacet
facet normal 0.000071 -0.000181 0.000000
  outer loop
    vertex 1.126576 -1.614604 0.050000
    vertex 1.124765 -1.615315 -0.050000
    vertex 1.126576 -1.614604 -0.050000
  endloop
endfacet
facet normal 0.000072 -0.000181 0.000000
  outer loop
    vertex 1.124765 -1.615315 0.050000
    vertex 1.122960 -1.616036 0.050000
    vertex 1.122960 -1.616036 -0.050000
  endloop
endfacet
facet normal 0.000072 -0.000181 0.000000
  outer loop
    vertex 1.124765 -1.615315 0.050000
    vertex 1.122960 -1.616036 -0.050000
    vertex 1.124765 -1.615315 -0.050000
  endloop
endfacet
facet normal 0.000073 -0.000180 0.000000
  outer loop
    vertex 1.122960 -1.616036 0.050000
    vertex 1.121161 -1.616767 0.050000
    vertex 1.121161 -1.616767 -0.050000
  endloop
endfacet
facet normal 0.000073 -0.000180 0.000000
  outer loop
    vertex 1.122960 -1.616036 0.050000
    vertex 1.121161 -1.616767 -0.050000
    vertex 1.122960 -1.616036 -0.050000
  endloop
endfacet
facet normal 0.000074 -0.000179 0.000000
  outer loop
    vertex 1.121161 -1.616767 0.050000
    vertex 1.119367 -1.617508 0.050000
    vertex 1.119367 -1.617508 -0.050000
  endloop
endfacet
facet normal 0.000074 -0.000179 0.000000
  outer loop
    vertex 1.121161 -1.616767 0.050000
    vertex 1.119367 -1.617508 -0.050000
    vertex 1.121161 -1.616767 -0.050000
  endloop
endfacet
facet normal 0.000075 -0.000179 0.000000
  outer loop
    vertex 1.119367 -1.617508 0.050000
    vertex 1.117578 -1.618258 0.050000
    vertex 1.117578 -1.618258 -0.050000
  endloop
endfacet
facet normal 0.000075 -0.000179 0.000000
  outer loop
    vertex 1.119367 -1.617508 0.050000
    vertex 1.117578 -1.618258 -0.050000
    vertex 1.119367 -1.617508 -0.050000
  endloop
endfacet
facet normal 0.000076 -0.000178 0.000000
  outer loop
    vertex 1.117578 -1.618258 0.050000
    vertex 1.115795 -1.619017 0.050000
    vertex 1.115795 -1.619017 -0.050000
  endloop
endfacet
facet normal 0.000076 -0.000178 0.000000
  outer loop
    vertex 1.117578 -1.618258 0.050000
    vertex 1.115795 -1.619017 -0.050000
    vertex 1.117578 -1.618258 -0.050000
  endloop
endfacet
facet normal 0.000077 -0.000178 0.000000
  outer loop
    vertex 1.115795 -1.619017 0.050000
    vertex 1.114017 -1.619784 0.050000
    vertex 1.114017 -1.619784 -0.050000
  endloop
endfacet
facet normal 0.000077 -0.000178 0.000000
  outer loop
    vertex 1.115795 -1.619017 0.050000
    vertex 1.114017 -1.619784 -0.050000
    vertex 1.115795 -1.619017 -0.050000
  endloop
endfacet
facet normal 0.000078 -0.000177 0.000000
  outer loop
    vertex 1.114017 -1.619784 0.050000
    vertex 1.112244 -1.620561 0.050000
    vertex 1.112244 -1.620561 -0.050000
  endloop
endfacet
facet normal 0.000078 -0.000177 0.000000
  outer loop
    vertex 1.114017 -1.619784 0.050000
    vertex 1.112244 -1.620561 -0.050000
    vertex 1.114017 -1.619784 -0.050000
  endloop
endfacet
facet normal 0.000078 -0.000177 0.000000
  outer loop
    vertex 1.112244 -1.620561 0.050000
    vertex 1.110475 -1.621346 0.050000
    vertex 1.110475 -1.621346 -0.050000
  endloop
endfacet
facet normal 0.000078 -0.000177 0.000000
  outer loop
    vertex 1.112244 -1.620561 0.050000
    vertex 1.110475 -1.621346 -0.050000
    vertex 1.112244 -1.620561 -0.050000
  endloop
endfacet
facet normal 0.000079 -0.000176 0.000000
  outer loop
    vertex 1.110475 -1.621346 0.050000
    vertex 1.108712 -1.622139 0.050000
    vertex 1.108712 -1.622139 -0.050000
  endloop
endfacet
facet normal 0.000079 -0.000176 0.000000
  outer loop
    vertex 1.110475 -1.621346 0.050000
    vertex 1.108712 -1.622139 -0.050000
    vertex 1.110475 -1.621346 -0.050000
  endloop
endfacet
facet normal 0.000080 -0.000176 0.000000
  outer loop
    vertex 1.108712 -1.622139 0.050000
    vertex 1.106953 -1.622940 0.050000
    vertex 1.106953 -1.622940 -0.050000
  endloop
endfacet
facet normal 0.000080 -0.000176 0.000000
  outer loop
    vertex 1.108712 -1.622139 0.050000
    vertex 1.106953 -1.622940 -0.050000
    vertex 1.108712 -1.622139 -0.050000
  endloop
endfacet
facet normal 0.000081 -0.000175 0.000000
  outer loop
    vertex 1.106953 -1.622940 0.050000
    vertex 1.105198 -1.623749 0.050000
    vertex 1.105198 -1.623749 -0.050000
  endloop
endfacet
facet normal 0.000081 -0.000175 0.000000
  outer loop
    vertex 1.106953 -1.622940 0.050000
    vertex 1.105198 -1.623749 -0.050000
    vertex 1.106953 -1.622940 -0.050000
  endloop
endfacet
facet normal 0.000082 -0.000175 0.000000
  outer loop
    vertex 1.105198 -1.623749 0.050000
    vertex 1.103448 -1.624565 0.050000
    vertex 1.103448 -1.624565 -0.050000
  endloop
endfacet
facet normal 0.000082 -0.000175 0.000000
  outer loop
    vertex 1.105198 -1.623749 0.050000
    vertex 1.103448 -1.624565 -0.050000
    vertex 1.105198 -1.623749 -0.050000
  endloop
endfacet
facet normal 0.000082 -0.000175 0.000000
  outer loop
    vertex 1.103448 -1.624565 0.050000
    vertex 1.101702 -1.625389 0.050000
    vertex 1.101702 -1.625389 -0.050000
  endloop
endfacet
facet normal 0.000082 -0.000175 0.000000
  outer loop
    vertex 1.103448 -1.624565 0.050000
    vertex 1.101702 -1.625389 -0.050000
    vertex 1.103448 -1.624565 -0.050000
  endloop
endfacet
facet normal 0.000083 -0.000174 0.000000
  outer loop
    vertex 1.101702 -1.625389 0.050000
    vertex 1.099961 -1.626220 0.050000
    vertex 1.099961 -1.626220 -0.050000
  endloop
endfacet
facet normal 0.000083 -0.000174 0.000000
  outer loop
    vertex 1.101702 -1.625389 0.050000
    vertex 1.099961 -1.626220 -0.050000
    vertex 1.101702 -1.625389 -0.050000
  endloop
endfacet
facet normal 0.000084 -0.000174 0.000000
  outer loop
    vertex 1.099961 -1.626220 0.050000
    vertex 1.098223 -1.627058 0.050000
    vertex 1.098223 -1.627058 -0.050000
  endloop
endfacet
facet normal 0.000084 -0.000174 0.000000
  outer loop
    vertex 1.099961 -1.626220 0.050000
    vertex 1.098223 -1.627058 -0.050000
    vertex 1.099961 -1.626220 -0.050000
  endloop
endfacet
facet normal 0.000085 -0.000173 0.000000
  outer loop
    vertex 1.098223 -1.627058 0.050000
    vertex 1.096490 -1.627903 0.050000
    vertex 1.096490 -1.627903 -0.050000
  endloop
endfacet
facet normal 0.000085 -0.000173 0.000000
  outer loop
    vertex 1.098223 -1.627058 0.050000
    vertex 1.096490 -1.627903 -0.050000
    vertex 1.098223 -1.627058 -0.050000
  endloop
endfacet
facet normal 0.000085 -0.000173 0.000000
  outer loop
    vertex 1.096490 -1.627903 0.050000
    vertex 1.094760 -1.628755 0.050000
    vertex 1.094760 -1.628755 -0.050000
  endloop
endfacet
facet normal 0.000085 -0.000173 0.000000
  outer loop
    vertex 1.096490 -1.627903 0.050000
    vertex 1.094760 -1.628755 -0.050000
    vertex 1.096490 -1.627903 -0.050000
  endloop
endfacet
facet normal 0.000086 -0.000173 0.000000
  outer loop
    vertex 1.094760 -1.628755 0.050000
    vertex 1.093034 -1.629614 0.050000
    vertex 1.093034 -1.629614 -0.050000
  endloop
endfacet
facet normal 0.000086 -0.000173 0.000000
  outer loop
    vertex 1.094760 -1.628755 0.050000
    vertex 1.093034 -1.629614 -0.050000
    vertex 1.094760 -1.628755 -0.050000
  endloop
endfacet
facet normal 0.000086 -0.000172 0.000000
  outer loop
    vertex 1.093034 -1.629614 0.050000
    vertex 1.091312 -1.630478 0.050000
    vertex 1.091312 -1.630478 -0.050000
  endloop
endfacet
facet normal 0.000086 -0.000172 0.000000
  outer loop
    vertex 1.093034 -1.629614 0.050000
    vertex 1.091312 -1.630478 -0.050000
    vertex 1.093034 -1.629614 -0.050000
  endloop
endfacet
facet normal 0.000087 -0.000172 0.000000
  outer loop
    vertex 1.091312 -1.630478 0.050000
    vertex 1.089593 -1.631349 0.050000
    vertex 1.089593 -1.631349 -0.050000
  endloop
endfacet
facet normal 0.000087 -0.000172 0.000000
  outer loop
    vertex 1.091312 -1.630478 0.050000
    vertex 1.089593 -1.631349 -0.050000
    vertex 1.091312 -1.630478 -0.050000
  endloop
endfacet
facet normal 0.000088 -0.000171 0.000000
  outer loop
    vertex 1.089593 -1.631349 0.050000
    vertex 1.087878 -1.632227 0.050000
    vertex 1.087878 -1.632227 -0.050000
  endloop
endfacet
facet normal 0.000088 -0.000171 0.000000
  outer loop
    vertex 1.089593 -1.631349 0.050000
    vertex 1.087878 -1.632227 -0.050000
    vertex 1.089593 -1.631349 -0.050000
  endloop
endfacet
facet normal 0.000088 -0.000171 0.000000
  outer loop
    vertex 1.087878 -1.632227 0.050000
    vertex 1.086167 -1.633110 0.050000
    vertex 1.086167 -1.633110 -0.050000
  endloop
endfacet
facet normal 0.000088 -0.000171 0.000000
  outer loop
    vertex 1.087878 -1.632227 0.050000
    vertex 1.086167 -1.633110 -0.050000
    vertex 1.087878 -1.632227 -0.050000
  endloop
endfacet
facet normal 0.000089 -0.000171 0.000000
  outer loop
    vertex 1.086167 -1.633110 0.050000
    vertex 1.084459 -1.634000 0.050000
    vertex 1.084459 -1.634000 -0.050000
  endloop
endfacet
facet normal 0.000089 -0.000171 0.000000
  outer loop
    vertex 1.086167 -1.633110 0.050000
    vertex 1.084459 -1.634000 -0.050000
    vertex 1.086167 -1.633110 -0.050000
  endloop
endfacet
facet normal 0.000090 -0.000170 0.000000
  outer loop
    vertex 1.084459 -1.634000 0.050000
    vertex 1.082754 -1.634895 0.050000
    vertex 1.082754 -1.634895 -0.050000
  endloop
endfacet
facet normal 0.000090 -0.000170 0.000000
  outer loop
    vertex 1.084459 -1.634000 0.050000
    vertex 1.082754 -1.634895 -0.050000
    vertex 1.084459 -1.634000 -0.050000
  endloop
endfacet
facet normal 0.000090 -0.000170 0.000000
  outer loop
    vertex 1.082754 -1.634895 0.050000
    vertex 1.081053 -1.635796 0.050000
    vertex 1.081053 -1.635796 -0.050000
  endloop
endfacet
facet normal 0.000090 -0.000170 0.000000
  outer loop
    vertex 1.082754 -1.634895 0.050000
    vertex 1.081053 -1.635796 -0.050000
    vertex 1.082754 -1.634895 -0.050000
  endloop
endfacet
facet normal 0.000091 -0.000170 0.000000
  outer loop
    vertex 1.081053 -1.635796 0.050000
    vertex 1.079355 -1.636702 0.050000
    vertex 1.079355 -1.636702 -0.050000
  endloop
endfacet
facet normal 0.000091 -0.000170 0.000000
  outer loop
    vertex 1.081053 -1.635796 0.050000
    vertex 1.079355 -1.636702 -0.050000
    vertex 1.081053 -1.635796 -0.050000
  endloop
endfacet
facet normal 0.000091 -0.000169 0.000000
  outer loop
    vertex 1.079355 -1.636702 0.050000
    vertex 1.077660 -1.637614 0.050000
    vertex 1.077660 -1.637614 -0.050000
  endloop
endfacet
facet normal 0.000091 -0.000169 0.000000
  outer loop
    vertex 1.079355 -1.636702 0.050000
    vertex 1.077660 -1.637614 -0.050000
    vertex 1.079355 -1.636702 -0.050000
  endloop
endfacet
facet normal 0.000092 -0.000169 0.000000
  outer loop
    vertex 1.077660 -1.637614 0.050000
    vertex 1.075968 -1.638531 0.050000
    vertex 1.075968 -1.638531 -0.050000
  endloop
endfacet
facet normal 0.000092 -0.000169 0.000000
  outer loop
    vertex 1.077660 -1.637614 0.050000
    vertex 1.075968 -1.638531 -0.050000
    vertex 1.077660 -1.637614 -0.050000
  endloop
endfacet
facet normal 0.000092 -0.000169 0.000000
  outer loop
    vertex 1.075968 -1.638531 0.050000
    vertex 1.074279 -1.639454 0.050000
    vertex 1.074279 -1.639454 -0.050000
  endloop
endfacet
facet normal 0.000092 -0.000169 0.000000
  outer loop
    vertex 1.075968 -1.638531 0.050000
    vertex 1.074279 -1.639454 -0.050000
    vertex 1.075968 -1.638531 -0.050000
  endloop
endfacet
facet normal 0.000093 -0.000169 0.000000
  outer loop
    vertex 1.074279 -1.639454 0.050000
    vertex 1.072593 -1.640382 0.050000
    vertex 1.072593 -1.640382 -0.050000
  endloop
endfacet
facet normal 0.000093 -0.000169 0.000000
  outer loop
    vertex 1.074279 -1.639454 0.050000
    vertex 1.072593 -1.640382 -0.050000
    vertex 1.074279 -1.639454 -0.050000
  endloop
endfacet
facet normal 0.000093 -0.000168 0.000000
  outer loop
    vertex 1.072593 -1.640382 0.050000
    vertex 1.070911 -1.641315 0.050000
    vertex 1.070911 -1.641315 -0.050000
  endloop
endfacet
facet normal 0.000093 -0.000168 0.000000
  outer loop
    vertex 1.072593 -1.640382 0.050000
    vertex 1.070911 -1.641315 -0.050000
    vertex 1.072593 -1.640382 -0.050000
  endloop
endfacet
facet normal 0.000094 -0.000168 0.000000
  outer loop
    vertex 1.070911 -1.641315 0.050000
    vertex 1.069231 -1.642253 0.050000
    vertex 1.069231 -1.642253 -0.050000
  endloop
endfacet
facet normal 0.000094 -0.000168 0.000000
  outer loop
    vertex 1.070911 -1.641315 0.050000
    vertex 1.069231 -1.642253 -0.050000
    vertex 1.070911 -1.641315 -0.050000
  endloop
endfacet
facet normal 0.000094 -0.000168 0.000000
  outer loop
    vertex 1.069231 -1.642253 0.050000
    vertex 1.067553 -1.643195 0.050000
    vertex 1.067553 -1.643195 -0.050000
  endloop
endfacet
facet normal 0.000094 -0.000168 0.000000
  outer loop
    vertex 1.069231 -1.642253 0.050000
    vertex 1.067553 -1.643195 -0.050000
    vertex 1.069231 -1.642253 -0.050000
  endloop
endfacet
facet normal 0.000095 -0.000167 0.000000
  outer loop
    vertex 1.067553 -1.643195 0.050000
    vertex 1.065879 -1.644143 0.050000
    vertex 1.065879 -1.644143 -0.050000
  endloop
endfacet
facet normal 0.000095 -0.000167 0.000000
  outer loop
    vertex 1.067553 -1.643195 0.050000
    vertex 1.065879 -1.644143 -0.050000
    vertex 1.067553 -1.643195 -0.050000
  endloop
endfacet
facet normal 0.000095 -0.000167 0.000000
  outer loop
    vertex 1.065879 -1.644143 0.050000
    vertex 1.064207 -1.645095 0.050000
    vertex 1.064207 -1.645095 -0.050000
  endloop
endfacet
facet normal 0.000095 -0.000167 0.000000
  outer loop
    vertex 1.065879 -1.644143 0.050000
    vertex 1.064207 -1.645095 -0.050000
    vertex 1.065879 -1.644143 -0.050000
  endloop
endfacet
facet normal 0.000096 -0.000167 0.000000
  outer loop
    vertex 1.064207 -1.645095 0.050000
    vertex 1.062539 -1.646052 0.050000
    vertex 1.062539 -1.646052 -0.050000
  endloop
endfacet
facet normal 0.000096 -0.000167 0.000000
  outer loop
    vertex 1.064207 -1.645095 0.050000
    vertex 1.062539 -1.646052 -0.050000
    vertex 1.064207 -1.645095 -0.050000
  endloop
endfacet
facet normal 0.000096 -0.000167 0.000000
  outer loop
    vertex 1.062539 -1.646052 0.050000
    vertex 1.060872 -1.647014 0.050000
    vertex 1.060872 -1.647014 -0.050000
  endloop
endfacet
facet normal 0.000096 -0.000167 0.000000
  outer loop
    vertex 1.062539 -1.646052 0.050000
    vertex 1.060872 -1.647014 -0.050000
    vertex 1.062539 -1.646052 -0.050000
  endloop
endfacet
facet normal 0.000097 -0.000166 0.000000
  outer loop
    vertex 1.060872 -1.647014 0.050000
    vertex 1.059209 -1.647980 0.050000
    vertex 1.059209 -1.647980 -0.050000
  endloop
endfacet
facet normal 0.000097 -0.000166 0.000000
  outer loop
    vertex 1.060872 -1.647014 0.050000
    vertex 1.059209 -1.647980 -0.050000
    vertex 1.060872 -1.647014 -0.050000
  endloop
endfacet
facet normal 0.000097 -0.000166 0.000000
  outer loop
    vertex 1.059209 -1.647980 0.050000
    vertex 1.057547 -1.648951 0.050000
    vertex 1.057547 -1.648951 -0.050000
  endloop
endfacet
facet normal 0.000097 -0.000166 0.000000
  outer loop
    vertex 1.059209 -1.647980 0.050000
    vertex 1.057547 -1.648951 -0.050000
    vertex 1.059209 -1.647980 -0.050000
  endloop
endfacet
facet normal 0.000097 -0.000166 0.000000
  outer loop
    vertex 1.057547 -1.648951 0.050000
    vertex 1.055889 -1.649925 0.050000
    vertex 1.055889 -1.649925 -0.050000
  endloop
endfacet
facet normal 0.000097 -0.000166 0.000000
  outer loop
    vertex 1.057547 -1.648951 0.050000
    vertex 1.055889 -1.649925 -0.050000
    vertex 1.057547 -1.648951 -0.050000
  endloop
endfacet
facet normal 0.000098 -0.000166 0.000000
  outer loop
    vertex 1.055889 -1.649925 0.050000
    vertex 1.054233 -1.650905 0.050000
    vertex 1.054233 -1.650905 -0.050000
  endloop
endfacet
facet normal 0.000098 -0.000166 0.000000
  outer loop
    vertex 1.055889 -1.649925 0.050000
    vertex 1.054233 -1.650905 -0.050000
    vertex 1.055889 -1.649925 -0.050000
  endloop
endfacet
facet normal 0.000098 -0.000165 0.000000
  outer loop
    vertex 1.054233 -1.650905 0.050000
    vertex 1.052579 -1.651888 0.050000
    vertex 1.052579 -1.651888 -0.050000
  endloop
endfacet
facet normal 0.000098 -0.000165 0.000000
  outer loop
    vertex 1.054233 -1.650905 0.050000
    vertex 1.052579 -1.651888 -0.050000
    vertex 1.054233 -1.650905 -0.050000
  endloop
endfacet
facet normal 0.000099 -0.000165 0.000000
  outer loop
    vertex 1.052579 -1.651888 0.050000
    vertex 1.050927 -1.652875 0.050000
    vertex 1.050927 -1.652875 -0.050000
  endloop
endfacet
facet normal 0.000099 -0.000165 0.000000
  outer loop
    vertex 1.052579 -1.651888 0.050000
    vertex 1.050927 -1.652875 -0.050000
    vertex 1.052579 -1.651888 -0.050000
  endloop
endfacet
facet normal 0.000099 -0.000165 0.000000
  outer loop
    vertex 1.050927 -1.652875 0.050000
    vertex 1.049278 -1.653867 0.050000
    vertex 1.049278 -1.653867 -0.050000
  endloop
endfacet
facet normal 0.000099 -0.000165 0.000000
  outer loop
    vertex 1.050927 -1.652875 0.050000
    vertex 1.049278 -1.653867 -0.050000
    vertex 1.050927 -1.652875 -0.050000
  endloop
endfacet
facet normal 0.000100 -0.000165 0.000000
  outer loop
    vertex 1.049278 -1.653867 0.050000
    vertex 1.047632 -1.654862 0.050000
    vertex 1.047632 -1.654862 -0.050000
  endloop
endfacet
facet normal 0.000100 -0.000165 0.000000
  outer loop
    vertex 1.049278 -1.653867 0.050000
    vertex 1.047632 -1.654862 -0.050000
    vertex 1.049278 -1.653867 -0.050000
  endloop
endfacet
facet normal 0.000100 -0.000164 0.000000
  outer loop
    vertex 1.047632 -1.654862 0.050000
    vertex 1.045987 -1.655862 0.050000
    vertex 1.045987 -1.655862 -0.050000
  endloop
endfacet
facet normal 0.000100 -0.000164 0.000000
  outer loop
    vertex 1.047632 -1.654862 0.050000
    vertex 1.045987 -1.655862 -0.050000
    vertex 1.047632 -1.654862 -0.050000
  endloop
endfacet
facet normal 0.000100 -0.000164 0.000000
  outer loop
    vertex 1.045987 -1.655862 0.050000
    vertex 1.044345 -1.656865 0.050000
    vertex 1.044345 -1.656865 -0.050000
  endloop
endfacet
facet normal 0.000100 -0.000164 0.000000
  outer loop
    vertex 1.045987 -1.655862 0.050000
    vertex 1.044345 -1.656865 -0.050000
    vertex 1.045987 -1.655862 -0.050000
  endloop
endfacet
facet normal 0.000101 -0.000164 0.000000
  outer loop
    vertex 1.044345 -1.656865 0.050000
    vertex 1.042705 -1.657872 0.050000
    vertex 1.042705 -1.657872 -0.050000
  endloop
endfacet
facet normal 0.000101 -0.000164 0.000000
  outer loop
    vertex 1.044345 -1.656865 0.050000
    vertex 1.042705 -1.657872 -0.050000
    vertex 1.044345 -1.656865 -0.050000
  endloop
endfacet
facet normal 0.000101 -0.000164 0.000000
  outer loop
    vertex 1.042705 -1.657872 0.050000
    vertex 1.041067 -1.658883 0.050000
    vertex 1.041067 -1.658883 -0.050000
  endloop
endfacet
facet normal 0.000101 -0.000164 0.000000
  outer loop
    vertex 1.042705 -1.657872 0.050000
    vertex 1.041067 -1.658883 -0.050000
    vertex 1.042705 -1.657872 -0.050000
  endloop
endfacet
facet normal 0.000101 -0.000164 0.000000
  outer loop
    vertex 1.041067 -1.658883 0.050000
    vertex 1.039432 -1.659898 0.050000
    vertex 1.039432 -1.659898 -0.050000
  endloop
endfacet
facet normal 0.000101 -0.000164 0.000000
  outer loop
    vertex 1.041067 -1.658883 0.050000
    vertex 1.039432 -1.659898 -0.050000
    vertex 1.041067 -1.658883 -0.050000
  endloop
endfacet
facet normal 0.000102 -0.000163 0.000000
  outer loop
    vertex 1.039432 -1.659898 0.050000
    vertex 1.037798 -1.660916 0.050000
    vertex 1.037798 -1.660916 -0.050000
  endloop
endfacet
facet normal 0.000102 -0.000163 0.000000
  outer loop
    vertex 1.039432 -1.659898 0.050000
    vertex 1.037798 -1.660916 -0.050000
    vertex 1.039432 -1.659898 -0.050000
  endloop
endfacet
facet normal 0.000102 -0.000163 0.000000
  outer loop
    vertex 1.037798 -1.660916 0.050000
    vertex 1.036167 -1.661938 0.050000
    vertex 1.036167 -1.661938 -0.050000
  endloop
endfacet
facet normal 0.000102 -0.000163 0.000000
  outer loop
    vertex 1.037798 -1.660916 0.050000
    vertex 1.036167 -1.661938 -0.050000
    vertex 1.037798 -1.660916 -0.050000
  endloop
endfacet
facet normal 0.000103 -0.000163 0.000000
  outer loop
    vertex 1.036167 -1.661938 0.050000
    vertex 1.034537 -1.662963 0.050000
    vertex 1.034537 -1.662963 -0.050000
  endloop
endfacet
facet normal 0.000103 -0.000163 0.000000
  outer loop
    vertex 1.036167 -1.661938 0.050000
    vertex 1.034537 -1.662963 -0.050000
    vertex 1.036167 -1.661938 -0.050000
  endloop
endfacet
facet normal 0.000103 -0.000163 0.000000
  outer loop
    vertex 1.034537 -1.662963 0.050000
    vertex 1.032910 -1.663992 0.050000
    vertex 1.032910 -1.663992 -0.050000
  endloop
endfacet
facet normal 0.000103 -0.000163 0.000000
  outer loop
    vertex 1.034537 -1.662963 0.050000
    vertex 1.032910 -1.663992 -0.050000
    vertex 1.034537 -1.662963 -0.050000
  endloop
endfacet
facet normal 0.000103 -0.000163 0.000000
  outer loop
    vertex 1.032910 -1.663992 0.050000
    vertex 1.031284 -1.665024 0.050000
    vertex 1.031284 -1.665024 -0.050000
  endloop
endfacet
facet normal 0.000103 -0.000163 0.000000
  outer loop
    vertex 1.032910 -1.663992 0.050000
    vertex 1.031284 -1.665024 -0.050000
    vertex 1.032910 -1.663992 -0.050000
  endloop
endfacet
facet normal 0.000104 -0.000162 0.000000
  outer loop
    vertex 1.031284 -1.665024 0.050000
    vertex 1.029660 -1.666060 0.050000
    vertex 1.029660 -1.666060 -0.050000
  endloop
endfacet
facet normal 0.000104 -0.000162 0.000000
  outer loop
    vertex 1.031284 -1.665024 0.050000
    vertex 1.029660 -1.666060 -0.050000
    vertex 1.031284 -1.665024 -0.050000
  endloop
endfacet
facet normal 0.000104 -0.000162 0.000000
  outer loop
    vertex 1.029660 -1.666060 0.050000
    vertex 1.028039 -1.667099 0.050000
    vertex 1.028039 -1.667099 -0.050000
  endloop
endfacet
facet normal 0.000104 -0.000162 0.000000
  outer loop
    vertex 1.029660 -1.666060 0.050000
    vertex 1.028039 -1.667099 -0.050000
    vertex 1.029660 -1.666060 -0.050000
  endloop
endfacet
facet normal 0.000104 -0.000162 0.000000
  outer loop
    vertex 1.028039 -1.667099 0.050000
    vertex 1.026419 -1.668141 0.050000
    vertex 1.026419 -1.668141 -0.050000
  endloop
endfacet
facet normal 0.000104 -0.000162 0.000000
  outer loop
    vertex 1.028039 -1.667099 0.050000
    vertex 1.026419 -1.668141 -0.050000
    vertex 1.028039 -1.667099 -0.050000
  endloop
endfacet
facet normal 0.000105 -0.000162 0.000000
  outer loop
    vertex 1.026419 -1.668141 0.050000
    vertex 1.024801 -1.669186 0.050000
    vertex 1.024801 -1.669186 -0.050000
  endloop
endfacet
facet normal 0.000105 -0.000162 0.000000
  outer loop
    vertex 1.026419 -1.668141 0.050000
    vertex 1.024801 -1.669186 -0.050000
    vertex 1.026419 -1.668141 -0.050000
  endloop
endfacet
facet normal 0.000105 -0.000162 0.000000
  outer loop
    vertex 1.024801 -1.669186 0.050000
    vertex 1.023185 -1.670235 0.050000
    vertex 1.023185 -1.670235 -0.050000
  endloop
endfacet
facet normal 0.000105 -0.000162 0.000000
  outer loop
    vertex 1.024801 -1.669186 0.050000
    vertex 1.023185 -1.670235 -0.050000
    vertex 1.024801 -1.669186 -0.050000
  endloop
endfacet
facet normal 0.000105 -0.000161 0.000000
  outer loop
    vertex 1.023185 -1.670235 0.050000
    vertex 1.021571 -1.671287 0.050000
    vertex 1.021571 -1.671287 -0.050000
  endloop
endfacet
facet normal 0.000105 -0.000161 0.000000
  outer loop
    vertex 1.023185 -1.670235 0.050000
    vertex 1.021571 -1.671287 -0.050000
    vertex 1.023185 -1.670235 -0.050000
  endloop
endfacet
facet normal 0.000105 -0.000161 0.000000
  outer loop
    vertex 1.021571 -1.671287 0.050000
    vertex 1.019958 -1.672342 0.050000
    vertex 1.019958 -1.672342 -0.050000
  endloop
endfacet
facet normal 0.000105 -0.000161 0.000000
  outer loop
    vertex 1.021571 -1.671287 0.050000
    vertex 1.019958 -1.672342 -0.050000
    vertex 1.021571 -1.671287 -0.050000
  endloop
endfacet
facet normal 0.000106 -0.000161 0.000000
  outer loop
    vertex 1.019958 -1.672342 0.050000
    vertex 1.018348 -1.673399 0.050000
    vertex 1.018348 -1.673399 -0.050000
  endloop
endfacet
facet normal 0.000106 -0.000161 0.000000
  outer loop
    vertex 1.019958 -1.672342 0.050000
    vertex 1.018348 -1.673399 -0.050000
    vertex 1.019958 -1.672342 -0.050000
  endloop
endfacet
facet normal 0.000106 -0.000161 0.000000
  outer loop
    vertex 1.018348 -1.673399 0.050000
    vertex 1.016739 -1.674460 0.050000
    vertex 1.016739 -1.674460 -0.050000
  endloop
endfacet
facet normal 0.000106 -0.000161 0.000000
  outer loop
    vertex 1.018348 -1.673399 0.050000
    vertex 1.016739 -1.674460 -0.050000
    vertex 1.018348 -1.673399 -0.050000
  endloop
endfacet
facet normal 0.000106 -0.000161 0.000000
  outer loop
    vertex 1.016739 -1.674460 0.050000
    vertex 1.015131 -1.675524 0.050000
    vertex 1.015131 -1.675524 -0.050000
  endloop
endfacet
facet normal 0.000106 -0.000161 0.000000
  outer loop
    vertex 1.016739 -1.674460 0.050000
    vertex 1.015131 -1.675524 -0.050000
    vertex 1.016739 -1.674460 -0.050000
  endloop
endfacet
facet normal 0.000107 -0.000161 0.000000
  outer loop
    vertex 1.015131 -1.675524 0.050000
    vertex 1.013526 -1.676591 0.050000
    vertex 1.013526 -1.676591 -0.050000
  endloop
endfacet
facet normal 0.000107 -0.000161 0.000000
  outer loop
    vertex 1.015131 -1.675524 0.050000
    vertex 1.013526 -1.676591 -0.050000
    vertex 1.015131 -1.675524 -0.050000
  endloop
endfacet
facet normal 0.000107 -0.000160 0.000000
  outer loop
    vertex 1.013526 -1.676591 0.050000
    vertex 1.011922 -1.677660 0.050000
    vertex 1.011922 -1.677660 -0.050000
  endloop
endfacet
facet normal 0.000107 -0.000160 0.000000
  outer loop
    vertex 1.013526 -1.676591 0.050000
    vertex 1.011922 -1.677660 -0.050000
    vertex 1.013526 -1.676591 -0.050000
  endloop
endfacet
facet normal 0.000107 -0.000160 0.000000
  outer loop
    vertex 1.011922 -1.677660 0.050000
    vertex 1.010320 -1.678733 0.050000
    vertex 1.010320 -1.678733 -0.050000
  endloop
endfacet
facet normal 0.000107 -0.000160 0.000000
  outer loop
    vertex 1.011922 -1.677660 0.050000
    vertex 1.010320 -1.678733 -0.050000
    vertex 1.011922 -1.677660 -0.050000
  endloop
endfacet
facet normal 0.000108 -0.000160 0.000000
  outer loop
    vertex 1.010320 -1.678733 0.050000
    vertex 1.008719 -1.679808 0.050000
    vertex 1.008719 -1.679808 -0.050000
  endloop
endfacet
facet normal 0.000108 -0.000160 0.000000
  outer loop
    vertex 1.010320 -1.678733 0.050000
    vertex 1.008719 -1.679808 -0.050000
    vertex 1.010320 -1.678733 -0.050000
  endloop
endfacet
facet normal 0.000108 -0.000160 0.000000
  outer loop
    vertex 1.008719 -1.679808 0.050000
    vertex 1.007120 -1.680886 0.050000
    vertex 1.007120 -1.680886 -0.050000
  endloop
endfacet
facet normal 0.000108 -0.000160 0.000000
  outer loop
    vertex 1.008719 -1.679808 0.050000
    vertex 1.007120 -1.680886 -0.050000
    vertex 1.008719 -1.679808 -0.050000
  endloop
endfacet
facet normal 0.000108 -0.000160 0.000000
  outer loop
    vertex 1.007120 -1.680886 0.050000
    vertex 1.005522 -1.681967 0.050000
    vertex 1.005522 -1.681967 -0.050000
  endloop
endfacet
facet normal 0.000108 -0.000160 0.000000
  outer loop
    vertex 1.007120 -1.680886 0.050000
    vertex 1.005522 -1.681967 -0.050000
    vertex 1.007120 -1.680886 -0.050000
  endloop
endfacet
facet normal 0.000108 -0.000160 0.000000
  outer loop
    vertex 1.005522 -1.681967 0.050000
    vertex 1.003926 -1.683050 0.050000
    vertex 1.003926 -1.683050 -0.050000
  endloop
endfacet
facet normal 0.000108 -0.000160 0.000000
  outer loop
    vertex 1.005522 -1.681967 0.050000
    vertex 1.003926 -1.683050 -0.050000
    vertex 1.005522 -1.681967 -0.050000
  endloop
endfacet
facet normal 0.000109 -0.000159 0.000000
  outer loop
    vertex 1.003926 -1.683050 0.050000
    vertex 1.002332 -1.684136 0.050000
    vertex 1.002332 -1.684136 -0.050000
  endloop
endfacet
facet normal 0.000109 -0.000159 0.000000
  outer loop
    vertex 1.003926 -1.683050 0.050000
    vertex 1.002332 -1.684136 -0.050000
    vertex 1.003926 -1.683050 -0.050000
  endloop
endfacet
facet normal 0.000109 -0.000159 0.000000
  outer loop
    vertex 1.002332 -1.684136 0.050000
    vertex 1.000739 -1.685225 0.050000
    vertex 1.000739 -1.685225 -0.050000
  endloop
endfacet
facet normal 0.000109 -0.000159 0.000000
  outer loop
    vertex 1.002332 -1.684136 0.050000
    vertex 1.000739 -1.685225 -0.050000
    vertex 1.002332 -1.684136 -0.050000
  endloop
endfacet
facet normal 0.000109 -0.000159 0.000000
  outer loop
    vertex 1.000739 -1.685225 0.050000
    vertex 0.999147 -1.686316 0.050000
    vertex 0.999147 -1.686316 -0.050000
  endloop
endfacet
facet normal 0.000109 -0.000159 0.000000
  outer loop
    vertex 1.000739 -1.685225 0.050000
    vertex 0.999147 -1.686316 -0.050000
    vertex 1.000739 -1.685225 -0.050000
  endloop
endfacet
facet normal 0.000109 -0.000159 0.000000
  outer loop
    vertex 0.999147 -1.686316 0.050000
    vertex 0.997557 -1.687410 0.050000
    vertex 0.997557 -1.687410 -0.050000
  endloop
endfacet
facet normal 0.000109 -0.000159 0.000000
  outer loop
    vertex 0.999147 -1.686316 0.050000
    vertex 0.997557 -1.687410 -0.050000
    vertex 0.999147 -1.686316 -0.050000
  endloop
endfacet
facet normal 0.000110 -0.000159 0.000000
  outer loop
    vertex 0.997557 -1.687410 0.050000
    vertex 0.995969 -1.688506 0.050000
    vertex 0.995969 -1.688506 -0.050000
  endloop
endfacet
facet normal 0.000110 -0.000159 0.000000
  outer loop
    vertex 0.997557 -1.687410 0.050000
    vertex 0.995969 -1.688506 -0.050000
    vertex 0.997557 -1.687410 -0.050000
  endloop
endfacet
facet normal 0.000110 -0.000159 0.000000
  outer loop
    vertex 0.995969 -1.688506 0.050000
    vertex 0.994382 -1.689605 0.050000
    vertex 0.994382 -1.689605 -0.050000
  endloop
endfacet
facet normal 0.000110 -0.000159 0.000000
  outer loop
    vertex 0.995969 -1.688506 0.050000
    vertex 0.994382 -1.689605 -0.050000
    vertex 0.995969 -1.688506 -0.050000
  endloop
endfacet
facet normal 0.000110 -0.000159 0.000000
  outer loop
    vertex 0.994382 -1.689605 0.050000
    vertex 0.992796 -1.690706 0.050000
    vertex 0.992796 -1.690706 -0.050000
  endloop
endfacet
facet normal 0.000110 -0.000159 0.000000
  outer loop
    vertex 0.994382 -1.689605 0.050000
    vertex 0.992796 -1.690706 -0.050000
    vertex 0.994382 -1.689605 -0.050000
  endloop
endfacet
facet normal 0.000110 -0.000158 0.000000
  outer loop
    vertex 0.992796 -1.690706 0.050000
    vertex 0.991212 -1.691810 0.050000
    vertex 0.991212 -1.691810 -0.050000
  endloop
endfacet
facet normal 0.000110 -0.000158 0.000000
  outer loop
    vertex 0.992796 -1.690706 0.050000
    vertex 0.991212 -1.691810 -0.050000
    vertex 0.992796 -1.690706 -0.050000
  endloop
endfacet
facet normal 0.000111 -0.000158 0.000000
  outer loop
    vertex 0.991212 -1.691810 0.050000
    vertex 0.989629 -1.692915 0.050000
    vertex 0.989629 -1.692915 -0.050000
  endloop
endfacet
facet normal 0.000111 -0.000158 0.000000
  outer loop
    vertex 0.991212 -1.691810 0.050000
    vertex 0.989629 -1.692915 -0.050000
    vertex 0.991212 -1.691810 -0.050000
  endloop
endfacet
facet normal 0.000111 -0.000158 0.000000
  outer loop
    vertex 0.989629 -1.692915 0.050000
    vertex 0.988047 -1.694024 0.050000
    vertex 0.988047 -1.694024 -0.050000
  endloop
endfacet
facet normal 0.000111 -0.000158 0.000000
  outer loop
    vertex 0.989629 -1.692915 0.050000
    vertex 0.988047 -1.694024 -0.050000
    vertex 0.989629 -1.692915 -0.050000
  endloop
endfacet
facet normal 0.000111 -0.000158 0.000000
  outer loop
    vertex 0.988047 -1.694024 0.050000
    vertex 0.986467 -1.695134 0.050000
    vertex 0.986467 -1.695134 -0.050000
  endloop
endfacet
facet normal 0.000111 -0.000158 0.000000
  outer loop
    vertex 0.988047 -1.694024 0.050000
    vertex 0.986467 -1.695134 -0.050000
    vertex 0.988047 -1.694024 -0.050000
  endloop
endfacet
facet normal 0.000111 -0.000158 0.000000
  outer loop
    vertex 0.986467 -1.695134 0.050000
    vertex 0.984888 -1.696247 0.050000
    vertex 0.984888 -1.696247 -0.050000
  endloop
endfacet
facet normal 0.000111 -0.000158 0.000000
  outer loop
    vertex 0.986467 -1.695134 0.050000
    vertex 0.984888 -1.696247 -0.050000
    vertex 0.986467 -1.695134 -0.050000
  endloop
endfacet
facet normal 0.000112 -0.000158 0.000000
  outer loop
    vertex 0.984888 -1.696247 0.050000
    vertex 0.983310 -1.697363 0.050000
    vertex 0.983310 -1.697363 -0.050000
  endloop
endfacet
facet normal 0.000112 -0.000158 0.000000
  outer loop
    vertex 0.984888 -1.696247 0.050000
    vertex 0.983310 -1.697363 -0.050000
    vertex 0.984888 -1.696247 -0.050000
  endloop
endfacet
facet normal 0.000112 -0.000158 0.000000
  outer loop
    vertex 0.983310 -1.697363 0.050000
    vertex 0.981734 -1.698480 0.050000
    vertex 0.981734 -1.698480 -0.050000
  endloop
endfacet
facet normal 0.000112 -0.000158 0.000000
  outer loop
    vertex 0.983310 -1.697363 0.050000
    vertex 0.981734 -1.698480 -0.050000
    vertex 0.983310 -1.697363 -0.050000
  endloop
endfacet
facet normal 0.000112 -0.000158 0.000000
  outer loop
    vertex 0.981734 -1.698480 0.050000
    vertex 0.980159 -1.699600 0.050000
    vertex 0.980159 -1.699600 -0.050000
  endloop
endfacet
facet normal 0.000112 -0.000158 0.000000
  outer loop
    vertex 0.981734 -1.698480 0.050000
    vertex 0.980159 -1.699600 -0.050000
    vertex 0.981734 -1.698480 -0.050000
  endloop
endfacet
facet normal 0.000112 -0.000157 0.000000
  outer loop
    vertex 0.980159 -1.699600 0.050000
    vertex 0.978585 -1.700721 0.050000
    vertex 0.978585 -1.700721 -0.050000
  endloop
endfacet
facet normal 0.000112 -0.000157 0.000000
  outer loop
    vertex 0.980159 -1.699600 0.050000
    vertex 0.978585 -1.700721 -0.050000
    vertex 0.980159 -1.699600 -0.050000
  endloop
endfacet
facet normal 0.000112 -0.000157 0.000000
  outer loop
    vertex 0.978585 -1.700721 0.050000
    vertex 0.977013 -1.701845 0.050000
    vertex 0.977013 -1.701845 -0.050000
  endloop
endfacet
facet normal 0.000112 -0.000157 0.000000
  outer loop
    vertex 0.978585 -1.700721 0.050000
    vertex 0.977013 -1.701845 -0.050000
    vertex 0.978585 -1.700721 -0.050000
  endloop
endfacet
facet normal 0.000113 -0.000157 0.000000
  outer loop
    vertex 0.977013 -1.701845 0.050000
    vertex 0.975441 -1.702971 0.050000
    vertex 0.975441 -1.702971 -0.050000
  endloop
endfacet
facet normal 0.000113 -0.000157 0.000000
  outer loop
    vertex 0.977013 -1.701845 0.050000
    vertex 0.975441 -1.702971 -0.050000
    vertex 0.977013 -1.701845 -0.050000
  endloop
endfacet
facet normal 0.000113 -0.000157 0.000000
  outer loop
    vertex 0.975441 -1.702971 0.050000
    vertex 0.973871 -1.704100 0.050000
    vertex 0.973871 -1.704100 -0.050000
  endloop
endfacet
facet normal 0.000113 -0.000157 0.000000
  outer loop
    vertex 0.975441 -1.702971 0.050000
    vertex 0.973871 -1.704100 -0.050000
    vertex 0.975441 -1.702971 -0.050000
  endloop
endfacet
facet normal 0.000113 -0.000157 0.000000
  outer loop
    vertex 0.973871 -1.704100 0.050000
    vertex 0.972302 -1.705230 0.050000
    vertex 0.972302 -1.705230 -0.050000
  endloop
endfacet
facet normal 0.000113 -0.000157 0.000000
  outer loop
    vertex 0.973871 -1.704100 0.050000
    vertex 0.972302 -1.705230 -0.050000
    vertex 0.973871 -1.704100 -0.050000
  endloop
endfacet
facet normal 0.000113 -0.000157 0.000000
  outer loop
    vertex 0.972302 -1.705230 0.050000
    vertex 0.970735 -1.706362 0.050000
    vertex 0.970735 -1.706362 -0.050000
  endloop
endfacet
facet normal 0.000113 -0.000157 0.000000
  outer loop
    vertex 0.972302 -1.705230 0.050000
    vertex 0.970735 -1.706362 -0.050000
    vertex 0.972302 -1.705230 -0.050000
  endloop
endfacet
facet normal 0.000113 -0.000157 0.000000
  outer loop
    vertex 0.970735 -1.706362 0.050000
    vertex 0.969168 -1.707496 0.050000
    vertex 0.969168 -1.707496 -0.050000
  endloop
endfacet
facet normal 0.000113 -0.000157 0.000000
  outer loop
    vertex 0.970735 -1.706362 0.050000
    vertex 0.969168 -1.707496 -0.050000
    vertex 0.970735 -1.706362 -0.050000
  endloop
endfacet
facet normal 0.000114 -0.000157 0.000000
  outer loop
    vertex 0.969168 -1.707496 0.050000
    vertex 0.967603 -1.708633 0.050000
    vertex 0.967603 -1.708633 -0.050000
  endloop
endfacet
facet normal 0.000114 -0.000157 0.000000
  outer loop
    vertex 0.969168 -1.707496 0.050000
    vertex 0.967603 -1.708633 -0.050000
    vertex 0.969168 -1.707496 -0.050000
  endloop
endfacet
facet normal 0.000114 -0.000156 0.000000
  outer loop
    vertex 0.967603 -1.708633 0.050000
    vertex 0.966038 -1.709771 0.050000
    vertex 0.966038 -1.709771 -0.050000
  endloop
endfacet
facet normal 0.000114 -0.000156 0.000000
  outer loop
    vertex 0.967603 -1.708633 0.050000
    vertex 0.966038 -1.709771 -0.050000
    vertex 0.967603 -1.708633 -0.050000
  endloop
endfacet
facet normal 0.000114 -0.000156 0.000000
  outer loop
    vertex 0.966038 -1.709771 0.050000
    vertex 0.964475 -1.710911 0.050000
    vertex 0.964475 -1.710911 -0.050000
  endloop
endfacet
facet normal 0.000114 -0.000156 0.000000
  outer loop
    vertex 0.966038 -1.709771 0.050000
    vertex 0.964475 -1.710911 -0.050000
    vertex 0.966038 -1.709771 -0.050000
  endloop
endfacet
facet normal 0.000114 -0.000156 0.000000
  outer loop
    vertex 0.964475 -1.710911 0.050000
    vertex 0.962913 -1.712054 0.050000
    vertex 0.962913 -1.712054 -0.050000
  endloop
endfacet
facet normal 0.000114 -0.000156 0.000000
  outer loop
    vertex 0.964475 -1.710911 0.050000
    vertex 0.962913 -1.712054 -0.050000
    vertex 0.964475 -1.710911 -0.050000
  endloop
endfacet
facet normal 0.000114 -0.000156 0.000000
  outer loop
    vertex 0.962913 -1.712054 0.050000
    vertex 0.961352 -1.713198 0.050000
    vertex 0.961352 -1.713198 -0.050000
  endloop
endfacet
facet normal 0.000114 -0.000156 0.000000
  outer loop
    vertex 0.962913 -1.712054 0.050000
    vertex 0.961352 -1.713198 -0.050000
    vertex 0.962913 -1.712054 -0.050000
  endloop
endfacet
facet normal 0.000115 -0.000156 0.000000
  outer loop
    vertex 0.961352 -1.713198 0.050000
    vertex 0.959793 -1.714344 0.050000
    vertex 0.959793 -1.714344 -0.050000
  endloop
endfacet
facet normal 0.000115 -0.000156 0.000000
  outer loop
    vertex 0.961352 -1.713198 0.050000
    vertex 0.959793 -1.714344 -0.050000
    vertex 0.961352 -1.713198 -0.050000
  endloop
endfacet
facet normal 0.000115 -0.000156 0.000000
  outer loop
    vertex 0.959793 -1.714344 0.050000
    vertex 0.958234 -1.715492 0.050000
    vertex 0.958234 -1.715492 -0.050000
  endloop
endfacet
facet normal 0.000115 -0.000156 0.000000
  outer loop
    vertex 0.959793 -1.714344 0.050000
    vertex 0.958234 -1.715492 -0.050000
    vertex 0.959793 -1.714344 -0.050000
  endloop
endfacet
facet normal 0.000115 -0.000156 0.000000
  outer loop
    vertex 0.958234 -1.715492 0.050000
    vertex 0.956676 -1.716641 0.050000
    vertex 0.956676 -1.716641 -0.050000
  endloop
endfacet
facet normal 0.000115 -0.000156 0.000000
  outer loop
    vertex 0.958234 -1.715492 0.050000
    vertex 0.956676 -1.716641 -0.050000
    vertex 0.958234 -1.715492 -0.050000
  endloop
endfacet
facet normal 0.000115 -0.000156 0.000000
  outer loop
    vertex 0.956676 -1.716641 0.050000
    vertex 0.955120 -1.717793 0.050000
    vertex 0.955120 -1.717793 -0.050000
  endloop
endfacet
facet normal 0.000115 -0.000156 0.000000
  outer loop
    vertex 0.956676 -1.716641 0.050000
    vertex 0.955120 -1.717793 -0.050000
    vertex 0.956676 -1.716641 -0.050000
  endloop
endfacet
facet normal 0.000115 -0.000156 0.000000
  outer loop
    vertex 0.955120 -1.717793 0.050000
    vertex 0.953564 -1.718946 0.050000
    vertex 0.953564 -1.718946 -0.050000
  endloop
endfacet
facet normal 0.000115 -0.000156 0.000000
  outer loop
    vertex 0.955120 -1.717793 0.050000
    vertex 0.953564 -1.718946 -0.050000
    vertex 0.955120 -1.717793 -0.050000
  endloop
endfacet
facet normal 0.000116 -0.000155 0.000000
  outer loop
    vertex 0.953564 -1.718946 0.050000
    vertex 0.952010 -1.720102 0.050000
    vertex 0.952010 -1.720102 -0.050000
  endloop
endfacet
facet normal 0.000116 -0.000155 0.000000
  outer loop
    vertex 0.953564 -1.718946 0.050000
    vertex 0.952010 -1.720102 -0.050000
    vertex 0.953564 -1.718946 -0.050000
  endloop
endfacet
facet normal 0.000116 -0.000155 0.000000
  outer loop
    vertex 0.952010 -1.720102 0.050000
    vertex 0.950456 -1.721259 0.050000
    vertex 0.950456 -1.721259 -0.050000
  endloop
endfacet
facet normal 0.000116 -0.000155 0.000000
  outer loop
    vertex 0.952010 -1.720102 0.050000
    vertex 0.950456 -1.721259 -0.050000
    vertex 0.952010 -1.720102 -0.050000
  endloop
endfacet
facet normal 0.000116 -0.000155 0.000000
  outer loop
    vertex 0.950456 -1.721259 0.050000
    vertex 0.948904 -1.722417 0.050000
    vertex 0.948904 -1.722417 -0.050000
  endloop
endfacet
facet normal 0.000116 -0.000155 0.000000
  outer loop
    vertex 0.950456 -1.721259 0.050000
    vertex 0.948904 -1.722417 -0.050000
    vertex 0.950456 -1.721259 -0.050000
  endloop
endfacet
facet normal 0.000116 -0.000155 0.000000
  outer loop
    vertex 0.948904 -1.722417 0.050000
    vertex 0.947352 -1.723578 0.050000
    vertex 0.947352 -1.723578 -0.050000
  endloop
endfacet
facet normal 0.000116 -0.000155 0.000000
  outer loop
    vertex 0.948904 -1.722417 0.050000
    vertex 0.947352 -1.723578 -0.050000
    vertex 0.948904 -1.722417 -0.050000
  endloop
endfacet
facet normal 0.000116 -0.000155 0.000000
  outer loop
    vertex 0.947352 -1.723578 0.050000
    vertex 0.945802 -1.724740 0.050000
    vertex 0.945802 -1.724740 -0.050000
  endloop
endfacet
facet normal 0.000116 -0.000155 0.000000
  outer loop
    vertex 0.947352 -1.723578 0.050000
    vertex 0.945802 -1.724740 -0.050000
    vertex 0.947352 -1.723578 -0.050000
  endloop
endfacet
facet normal 0.000116 -0.000155 0.000000
  outer loop
    vertex 0.945802 -1.724740 0.050000
    vertex 0.944252 -1.725904 0.050000
    vertex 0.944252 -1.725904 -0.050000
  endloop
endfacet
facet normal 0.000116 -0.000155 0.000000
  outer loop
    vertex 0.945802 -1.724740 0.050000
    vertex 0.944252 -1.725904 -0.050000
    vertex 0.945802 -1.724740 -0.050000
  endloop
endfacet
facet normal 0.000117 -0.000155 0.000000
  outer loop
    vertex 0.944252 -1.725904 0.050000
    vertex 0.942704 -1.727070 0.050000
    vertex 0.942704 -1.727070 -0.050000
  endloop
endfacet
facet normal 0.000117 -0.000155 0.000000
  outer loop
    vertex 0.944252 -1.725904 0.050000
    vertex 0.942704 -1.727070 -0.050000
    vertex 0.944252 -1.725904 -0.050000
  endloop
endfacet
facet normal 0.000117 -0.000155 0.000000
  outer loop
    vertex 0.942704 -1.727070 0.050000
    vertex 0.941156 -1.728237 0.050000
    vertex 0.941156 -1.728237 -0.050000
  endloop
endfacet
facet normal 0.000117 -0.000155 0.000000
  outer loop
    vertex 0.942704 -1.727070 0.050000
    vertex 0.941156 -1.728237 -0.050000
    vertex 0.942704 -1.727070 -0.050000
  endloop
endfacet
facet normal 0.000117 -0.000155 0.000000
  outer loop
    vertex 0.941156 -1.728237 0.050000
    vertex 0.939610 -1.729406 0.050000
    vertex 0.939610 -1.729406 -0.050000
  endloop
endfacet
facet normal 0.000117 -0.000155 0.000000
  outer loop
    vertex 0.941156 -1.728237 0.050000
    vertex 0.939610 -1.729406 -0.050000
    vertex 0.941156 -1.728237 -0.050000
  endloop
endfacet
facet normal 0.000117 -0.000155 0.000000
  outer loop
    vertex 0.939610 -1.729406 0.050000
    vertex 0.938064 -1.730577 0.050000
    vertex 0.938064 -1.730577 -0.050000
  endloop
endfacet
facet normal 0.000117 -0.000155 0.000000
  outer loop
    vertex 0.939610 -1.729406 0.050000
    vertex 0.938064 -1.730577 -0.050000
    vertex 0.939610 -1.729406 -0.050000
  endloop
endfacet
facet normal 0.000117 -0.000154 0.000000
  outer loop
    vertex 0.938064 -1.730577 0.050000
    vertex 0.936519 -1.731749 0.050000
    vertex 0.936519 -1.731749 -0.050000
  endloop
endfacet
facet normal 0.000117 -0.000154 0.000000
  outer loop
    vertex 0.938064 -1.730577 0.050000
    vertex 0.936519 -1.731749 -0.050000
    vertex 0.938064 -1.730577 -0.050000
  endloop
endfacet
facet normal 0.000117 -0.000154 0.000000
  outer loop
    vertex 0.936519 -1.731749 0.050000
    vertex 0.934976 -1.732923 0.050000
    vertex 0.934976 -1.732923 -0.050000
  endloop
endfacet
facet normal 0.000117 -0.000154 0.000000
  outer loop
    vertex 0.936519 -1.731749 0.050000
    vertex 0.934976 -1.732923 -0.050000
    vertex 0.936519 -1.731749 -0.050000
  endloop
endfacet
facet normal 0.000118 -0.000154 0.000000
  outer loop
    vertex 0.934976 -1.732923 0.050000
    vertex 0.933433 -1.734098 0.050000
    vertex 0.933433 -1.734098 -0.050000
  endloop
endfacet
facet normal 0.000118 -0.000154 0.000000
  outer loop
    vertex 0.934976 -1.732923 0.050000
    vertex 0.933433 -1.734098 -0.050000
    vertex 0.934976 -1.732923 -0.050000
  endloop
endfacet
facet normal 0.000118 -0.000154 0.000000
  outer loop
    vertex 0.933433 -1.734098 0.050000
    vertex 0.931891 -1.735275 0.050000
    vertex 0.931891 -1.735275 -0.050000
  endloop
endfacet
facet normal 0.000118 -0.000154 0.000000
  outer loop
    vertex 0.933433 -1.734098 0.050000
    vertex 0.931891 -1.735275 -0.050000
    vertex 0.933433 -1.734098 -0.050000
  endloop
endfacet
facet normal 0.000118 -0.000154 0.000000
  outer loop
    vertex 0.931891 -1.735275 0.050000
    vertex 0.930350 -1.736454 0.050000
    vertex 0.930350 -1.736454 -0.050000
  endloop
endfacet
facet normal 0.000118 -0.000154 0.000000
  outer loop
    vertex 0.931891 -1.735275 0.050000
    vertex 0.930350 -1.736454 -0.050000
    vertex 0.931891 -1.735275 -0.050000
  endloop
endfacet
facet normal 0.000118 -0.000154 0.000000
  outer loop
    vertex 0.930350 -1.736454 0.050000
    vertex 0.928810 -1.737634 0.050000
    vertex 0.928810 -1.737634 -0.050000
  endloop
endfacet
facet normal 0.000118 -0.000154 0.000000
  outer loop
    vertex 0.930350 -1.736454 0.050000
    vertex 0.928810 -1.737634 -0.050000
    vertex 0.930350 -1.736454 -0.050000
  endloop
endfacet
facet normal 0.000118 -0.000154 0.000000
  outer loop
    vertex 0.928810 -1.737634 0.050000
    vertex 0.927271 -1.738816 0.050000
    vertex 0.927271 -1.738816 -0.050000
  endloop
endfacet
facet normal 0.000118 -0.000154 0.000000
  outer loop
    vertex 0.928810 -1.737634 0.050000
    vertex 0.927271 -1.738816 -0.050000
    vertex 0.928810 -1.737634 -0.050000
  endloop
endfacet
facet normal 0.000118 -0.000154 0.000000
  outer loop
    vertex 0.927271 -1.738816 0.050000
    vertex 0.925732 -1.739999 0.050000
    vertex 0.925732 -1.739999 -0.050000
  endloop
endfacet
facet normal 0.000118 -0.000154 0.000000
  outer loop
    vertex 0.927271 -1.738816 0.050000
    vertex 0.925732 -1.739999 -0.050000
    vertex 0.927271 -1.738816 -0.050000
  endloop
endfacet
facet normal 0.000118 -0.000154 0.000000
  outer loop
    vertex 0.925732 -1.739999 0.050000
    vertex 0.924195 -1.741184 0.050000
    vertex 0.924195 -1.741184 -0.050000
  endloop
endfacet
facet normal 0.000118 -0.000154 0.000000
  outer loop
    vertex 0.925732 -1.739999 0.050000
    vertex 0.924195 -1.741184 -0.050000
    vertex 0.925732 -1.739999 -0.050000
  endloop
endfacet
facet normal 0.000119 -0.000154 0.000000
  outer loop
    vertex 0.924195 -1.741184 0.050000
    vertex 0.922659 -1.742370 0.050000
    vertex 0.922659 -1.742370 -0.050000
  endloop
endfacet
facet normal 0.000119 -0.000154 0.000000
  outer loop
    vertex 0.924195 -1.741184 0.050000
    vertex 0.922659 -1.742370 -0.050000
    vertex 0.924195 -1.741184 -0.050000
  endloop
endfacet
facet normal 0.000119 -0.000154 0.000000
  outer loop
    vertex 0.922659 -1.742370 0.050000
    vertex 0.921123 -1.743558 0.050000
    vertex 0.921123 -1.743558 -0.050000
  endloop
endfacet
facet normal 0.000119 -0.000154 0.000000
  outer loop
    vertex 0.922659 -1.742370 0.050000
    vertex 0.921123 -1.743558 -0.050000
    vertex 0.922659 -1.742370 -0.050000
  endloop
endfacet
facet normal 0.000119 -0.000153 0.000000
  outer loop
    vertex 0.921123 -1.743558 0.050000
    vertex 0.919588 -1.744748 0.050000
    vertex 0.919588 -1.744748 -0.050000
  endloop
endfacet
facet normal 0.000119 -0.000153 0.000000
  outer loop
    vertex 0.921123 -1.743558 0.050000
    vertex 0.919588 -1.744748 -0.050000
    vertex 0.921123 -1.743558 -0.050000
  endloop
endfacet
facet normal 0.000119 -0.000153 0.000000
  outer loop
    vertex 0.919588 -1.744748 0.050000
    vertex 0.918054 -1.745938 0.050000
    vertex 0.918054 -1.745938 -0.050000
  endloop
endfacet
facet normal 0.000119 -0.000153 0.000000
  outer loop
    vertex 0.919588 -1.744748 0.050000
    vertex 0.918054 -1.745938 -0.050000
    vertex 0.919588 -1.744748 -0.050000
  endloop
endfacet
facet normal 0.000119 -0.000153 0.000000
  outer loop
    vertex 0.918054 -1.745938 0.050000
    vertex 0.916521 -1.747131 0.050000
    vertex 0.916521 -1.747131 -0.050000
  endloop
endfacet
facet normal 0.000119 -0.000153 0.000000
  outer loop
    vertex 0.918054 -1.745938 0.050000
    vertex 0.916521 -1.747131 -0.050000
    vertex 0.918054 -1.745938 -0.050000
  endloop
endfacet
facet normal 0.000119 -0.000153 0.000000
  outer loop
    vertex 0.916521 -1.747131 0.050000
    vertex 0.914989 -1.748324 0.050000
    vertex 0.914989 -1.748324 -0.050000
  endloop
endfacet
facet normal 0.000119 -0.000153 0.000000
  outer loop
    vertex 0.916521 -1.747131 0.050000
    vertex 0.914989 -1.748324 -0.050000
    vertex 0.916521 -1.747131 -0.050000
  endloop
endfacet
facet normal 0.000120 -0.000153 0.000000
  outer loop
    vertex 0.914989 -1.748324 0.050000
    vertex 0.913457 -1.749520 0.050000
    vertex 0.913457 -1.749520 -0.050000
  endloop
endfacet
facet normal 0.000120 -0.000153 0.000000
  outer loop
    vertex 0.914989 -1.748324 0.050000
    vertex 0.913457 -1.749520 -0.050000
    vertex 0.914989 -1.748324 -0.050000
  endloop
endfacet
facet normal 0.000120 -0.000153 0.000000
  outer loop
    vertex 0.913457 -1.749520 0.050000
    vertex 0.911927 -1.750716 0.050000
    vertex 0.911927 -1.750716 -0.050000
  endloop
endfacet
facet normal 0.000120 -0.000153 0.000000
  outer loop
    vertex 0.913457 -1.749520 0.050000
    vertex 0.911927 -1.750716 -0.050000
    vertex 0.913457 -1.749520 -0.050000
  endloop
endfacet
facet normal 0.000120 -0.000153 0.000000
  outer loop
    vertex 0.911927 -1.750716 0.050000
    vertex 0.910397 -1.751914 0.050000
    vertex 0.910397 -1.751914 -0.050000
  endloop
endfacet
facet normal 0.000120 -0.000153 0.000000
  outer loop
    vertex 0.911927 -1.750716 0.050000
    vertex 0.910397 -1.751914 -0.050000
    vertex 0.911927 -1.750716 -0.050000
  endloop
endfacet
facet normal 0.000120 -0.000153 0.000000
  outer loop
    vertex 0.910397 -1.751914 0.050000
    vertex 0.908868 -1.753114 0.050000
    vertex 0.908868 -1.753114 -0.050000
  endloop
endfacet
facet normal 0.000120 -0.000153 0.000000
  outer loop
    vertex 0.910397 -1.751914 0.050000
    vertex 0.908868 -1.753114 -0.050000
    vertex 0.910397 -1.751914 -0.050000
  endloop
endfacet
facet normal 0.000120 -0.000153 0.000000
  outer loop
    vertex 0.908868 -1.753114 0.050000
    vertex 0.907340 -1.754315 0.050000
    vertex 0.907340 -1.754315 -0.050000
  endloop
endfacet
facet normal 0.000120 -0.000153 0.000000
  outer loop
    vertex 0.908868 -1.753114 0.050000
    vertex 0.907340 -1.754315 -0.050000
    vertex 0.908868 -1.753114 -0.050000
  endloop
endfacet
facet normal 0.000120 -0.000153 0.000000
  outer loop
    vertex 0.907340 -1.754315 0.050000
    vertex 0.905813 -1.755517 0.050000
    vertex 0.905813 -1.755517 -0.050000
  endloop
endfacet
facet normal 0.000120 -0.000153 0.000000
  outer loop
    vertex 0.907340 -1.754315 0.050000
    vertex 0.905813 -1.755517 -0.050000
    vertex 0.907340 -1.754315 -0.050000
  endloop
endfacet
facet normal 0.000120 -0.000153 0.000000
  outer loop
    vertex 0.905813 -1.755517 0.050000
    vertex 0.904286 -1.756721 0.050000
    vertex 0.904286 -1.756721 -0.050000
  endloop
endfacet
facet normal 0.000120 -0.000153 0.000000
  outer loop
    vertex 0.905813 -1.755517 0.050000
    vertex 0.904286 -1.756721 -0.050000
    vertex 0.905813 -1.755517 -0.050000
  endloop
endfacet
facet normal 0.000121 -0.000153 0.000000
  outer loop
    vertex 0.904286 -1.756721 0.050000
    vertex 0.902761 -1.757926 0.050000
    vertex 0.902761 -1.757926 -0.050000
  endloop
endfacet
facet normal 0.000121 -0.000153 0.000000
  outer loop
    vertex 0.904286 -1.756721 0.050000
    vertex 0.902761 -1.757926 -0.050000
    vertex 0.904286 -1.756721 -0.050000
  endloop
endfacet
facet normal 0.000121 -0.000152 0.000000
  outer loop
    vertex 0.902761 -1.757926 0.050000
    vertex 0.901236 -1.759133 0.050000
    vertex 0.901236 -1.759133 -0.050000
  endloop
endfacet
facet normal 0.000121 -0.000152 0.000000
  outer loop
    vertex 0.902761 -1.757926 0.050000
    vertex 0.901236 -1.759133 -0.050000
    vertex 0.902761 -1.757926 -0.050000
  endloop
endfacet
facet normal 0.000121 -0.000152 0.000000
  outer loop
    vertex 0.901236 -1.759133 0.050000
    vertex 0.899712 -1.760341 0.050000
    vertex 0.899712 -1.760341 -0.050000
  endloop
endfacet
facet normal 0.000121 -0.000152 0.000000
  outer loop
    vertex 0.901236 -1.759133 0.050000
    vertex 0.899712 -1.760341 -0.050000
    vertex 0.901236 -1.759133 -0.050000
  endloop
endfacet
facet normal 0.000121 -0.000152 0.000000
  outer loop
    vertex 0.899712 -1.760341 0.050000
    vertex 0.898189 -1.761550 0.050000
    vertex 0.898189 -1.761550 -0.050000
  endloop
endfacet
facet normal 0.000121 -0.000152 0.000000
  outer loop
    vertex 0.899712 -1.760341 0.050000
    vertex 0.898189 -1.761550 -0.050000
    vertex 0.899712 -1.760341 -0.050000
  endloop
endfacet
facet normal 0.000121 -0.000152 0.000000
  outer loop
    vertex 0.898189 -1.761550 0.050000
    vertex 0.896666 -1.762761 0.050000
    vertex 0.896666 -1.762761 -0.050000
  endloop
endfacet
facet normal 0.000121 -0.000152 0.000000
  outer loop
    vertex 0.898189 -1.761550 0.050000
    vertex 0.896666 -1.762761 -0.050000
    vertex 0.898189 -1.761550 -0.050000
  endloop
endfacet
facet normal 0.000121 -0.000152 0.000000
  outer loop
    vertex 0.896666 -1.762761 0.050000
    vertex 0.895144 -1.763973 0.050000
    vertex 0.895144 -1.763973 -0.050000
  endloop
endfacet
facet normal 0.000121 -0.000152 0.000000
  outer loop
    vertex 0.896666 -1.762761 0.050000
    vertex 0.895144 -1.763973 -0.050000
    vertex 0.896666 -1.762761 -0.050000
  endloop
endfacet
facet normal 0.000121 -0.000152 0.000000
  outer loop
    vertex 0.895144 -1.763973 0.050000
    vertex 0.893624 -1.765187 0.050000
    vertex 0.893624 -1.765187 -0.050000
  endloop
endfacet
facet normal 0.000121 -0.000152 0.000000
  outer loop
    vertex 0.895144 -1.763973 0.050000
    vertex 0.893624 -1.765187 -0.050000
    vertex 0.895144 -1.763973 -0.050000
  endloop
endfacet
facet normal 0.000121 -0.000152 0.000000
  outer loop
    vertex 0.893624 -1.765187 0.050000
    vertex 0.892103 -1.766401 0.050000
    vertex 0.892103 -1.766401 -0.050000
  endloop
endfacet
facet normal 0.000121 -0.000152 0.000000
  outer loop
    vertex 0.893624 -1.765187 0.050000
    vertex 0.892103 -1.766401 -0.050000
    vertex 0.893624 -1.765187 -0.050000
  endloop
endfacet
facet normal 0.000122 -0.000152 0.000000
  outer loop
    vertex 0.892103 -1.766401 0.050000
    vertex 0.890584 -1.767618 0.050000
    vertex 0.890584 -1.767618 -0.050000
  endloop
endfacet
facet normal 0.000122 -0.000152 0.000000
  outer loop
    vertex 0.892103 -1.766401 0.050000
    vertex 0.890584 -1.767618 -0.050000
    vertex 0.892103 -1.766401 -0.050000
  endloop
endfacet
facet normal 0.000122 -0.000152 0.000000
  outer loop
    vertex 0.890584 -1.767618 0.050000
    vertex 0.889066 -1.768835 0.050000
    vertex 0.889066 -1.768835 -0.050000
  endloop
endfacet
facet normal 0.000122 -0.000152 0.000000
  outer loop
    vertex 0.890584 -1.767618 0.050000
    vertex 0.889066 -1.768835 -0.050000
    vertex 0.890584 -1.767618 -0.050000
  endloop
endfacet
facet normal 0.000122 -0.000152 0.000000
  outer loop
    vertex 0.889066 -1.768835 0.050000
    vertex 0.887548 -1.770054 0.050000
    vertex 0.887548 -1.770054 -0.050000
  endloop
endfacet
facet normal 0.000122 -0.000152 0.000000
  outer loop
    vertex 0.889066 -1.768835 0.050000
    vertex 0.887548 -1.770054 -0.050000
    vertex 0.889066 -1.768835 -0.050000
  endloop
endfacet
facet normal 0.000122 -0.000152 0.000000
  outer loop
    vertex 0.887548 -1.770054 0.050000
    vertex 0.886031 -1.771274 0.050000
    vertex 0.886031 -1.771274 -0.050000
  endloop
endfacet
facet normal 0.000122 -0.000152 0.000000
  outer loop
    vertex 0.887548 -1.770054 0.050000
    vertex 0.886031 -1.771274 -0.050000
    vertex 0.887548 -1.770054 -0.050000
  endloop
endfacet
facet normal 0.000122 -0.000152 0.000000
  outer loop
    vertex 0.886031 -1.771274 0.050000
    vertex 0.884515 -1.772496 0.050000
    vertex 0.884515 -1.772496 -0.050000
  endloop
endfacet
facet normal 0.000122 -0.000152 0.000000
  outer loop
    vertex 0.886031 -1.771274 0.050000
    vertex 0.884515 -1.772496 -0.050000
    vertex 0.886031 -1.771274 -0.050000
  endloop
endfacet
facet normal 0.000122 -0.000152 0.000000
  outer loop
    vertex 0.884515 -1.772496 0.050000
    vertex 0.882999 -1.773719 0.050000
    vertex 0.882999 -1.773719 -0.050000
  endloop
endfacet
facet normal 0.000122 -0.000152 0.000000
  outer loop
    vertex 0.884515 -1.772496 0.050000
    vertex 0.882999 -1.773719 -0.050000
    vertex 0.884515 -1.772496 -0.050000
  endloop
endfacet
facet normal 0.000122 -0.000151 0.000000
  outer loop
    vertex 0.882999 -1.773719 0.050000
    vertex 0.881485 -1.774943 0.050000
    vertex 0.881485 -1.774943 -0.050000
  endloop
endfacet
facet normal 0.000122 -0.000151 0.000000
  outer loop
    vertex 0.882999 -1.773719 0.050000
    vertex 0.881485 -1.774943 -0.050000
    vertex 0.882999 -1.773719 -0.050000
  endloop
endfacet
facet normal 0.000123 -0.000151 0.000000
  outer loop
    vertex 0.881485 -1.774943 0.050000
    vertex 0.879971 -1.776169 0.050000
    vertex 0.879971 -1.776169 -0.050000
  endloop
endfacet
facet normal 0.000123 -0.000151 0.000000
  outer loop
    vertex 0.881485 -1.774943 0.050000
    vertex 0.879971 -1.776169 -0.050000
    vertex 0.881485 -1.774943 -0.050000
  endloop
endfacet
facet normal 0.000123 -0.000151 0.000000
  outer loop
    vertex 0.879971 -1.776169 0.050000
    vertex 0.878458 -1.777396 0.050000
    vertex 0.878458 -1.777396 -0.050000
  endloop
endfacet
facet normal 0.000123 -0.000151 0.000000
  outer loop
    vertex 0.879971 -1.776169 0.050000
    vertex 0.878458 -1.777396 -0.050000
    vertex 0.879971 -1.776169 -0.050000
  endloop
endfacet
facet normal 0.000123 -0.000151 0.000000
  outer loop
    vertex 0.878458 -1.777396 0.050000
    vertex 0.876945 -1.778624 0.050000
    vertex 0.876945 -1.778624 -0.050000
  endloop
endfacet
facet normal 0.000123 -0.000151 0.000000
  outer loop
    vertex 0.878458 -1.777396 0.050000
    vertex 0.876945 -1.778624 -0.050000
    vertex 0.878458 -1.777396 -0.050000
  endloop
endfacet
facet normal 0.000123 -0.000151 0.000000
  outer loop
    vertex 0.876945 -1.778624 0.050000
    vertex 0.875434 -1.779853 0.050000
    vertex 0.875434 -1.779853 -0.050000
  endloop
endfacet
facet normal 0.000123 -0.000151 0.000000
  outer loop
    vertex 0.876945 -1.778624 0.050000
    vertex 0.875434 -1.779853 -0.050000
    vertex 0.876945 -1.778624 -0.050000
  endloop
endfacet
facet normal 0.000123 -0.000151 0.000000
  outer loop
    vertex 0.875434 -1.779853 0.050000
    vertex 0.873923 -1.781084 0.050000
    vertex 0.873923 -1.781084 -0.050000
  endloop
endfacet
facet normal 0.000123 -0.000151 0.000000
  outer loop
    vertex 0.875434 -1.779853 0.050000
    vertex 0.873923 -1.781084 -0.050000
    vertex 0.875434 -1.779853 -0.050000
  endloop
endfacet
facet normal 0.000123 -0.000151 0.000000
  outer loop
    vertex 0.873923 -1.781084 0.050000
    vertex 0.872413 -1.782317 0.050000
    vertex 0.872413 -1.782317 -0.050000
  endloop
endfacet
facet normal 0.000123 -0.000151 0.000000
  outer loop
    vertex 0.873923 -1.781084 0.050000
    vertex 0.872413 -1.782317 -0.050000
    vertex 0.873923 -1.781084 -0.050000
  endloop
endfacet
facet normal 0.000123 -0.000151 0.000000
  outer loop
    vertex 0.872413 -1.782317 0.050000
    vertex 0.870904 -1.783550 0.050000
    vertex 0.870904 -1.783550 -0.050000
  endloop
endfacet
facet normal 0.000123 -0.000151 0.000000
  outer loop
    vertex 0.872413 -1.782317 0.050000
    vertex 0.870904 -1.783550 -0.050000
    vertex 0.872413 -1.782317 -0.050000
  endloop
endfacet
facet normal 0.000123 -0.000151 0.000000
  outer loop
    vertex 0.870904 -1.783550 0.050000
    vertex 0.869395 -1.784785 0.050000
    vertex 0.869395 -1.784785 -0.050000
  endloop
endfacet
facet normal 0.000123 -0.000151 0.000000
  outer loop
    vertex 0.870904 -1.783550 0.050000
    vertex 0.869395 -1.784785 -0.050000
    vertex 0.870904 -1.783550 -0.050000
  endloop
endfacet
facet normal 0.000124 -0.000151 0.000000
  outer loop
    vertex 0.869395 -1.784785 0.050000
    vertex 0.867888 -1.786021 0.050000
    vertex 0.867888 -1.786021 -0.050000
  endloop
endfacet
facet normal 0.000124 -0.000151 0.000000
  outer loop
    vertex 0.869395 -1.784785 0.050000
    vertex 0.867888 -1.786021 -0.050000
    vertex 0.869395 -1.784785 -0.050000
  endloop
endfacet
facet normal 0.000124 -0.000151 0.000000
  outer loop
    vertex 0.867888 -1.786021 0.050000
    vertex 0.866381 -1.787259 0.050000
    vertex 0.866381 -1.787259 -0.050000
  endloop
endfacet
facet normal 0.000124 -0.000151 0.000000
  outer loop
    vertex 0.867888 -1.786021 0.050000
    vertex 0.866381 -1.787259 -0.050000
    vertex 0.867888 -1.786021 -0.050000
  endloop
endfacet
facet normal 0.000124 -0.000151 0.000000
  outer loop
    vertex 0.866381 -1.787259 0.050000
    vertex 0.864875 -1.788498 0.050000
    vertex 0.864875 -1.788498 -0.050000
  endloop
endfacet
facet normal 0.000124 -0.000151 0.000000
  outer loop
    vertex 0.866381 -1.787259 0.050000
    vertex 0.864875 -1.788498 -0.050000
    vertex 0.866381 -1.787259 -0.050000
  endloop
endfacet
facet normal 0.000124 -0.000151 0.000000
  outer loop
    vertex 0.864875 -1.788498 0.050000
    vertex 0.863369 -1.789738 0.050000
    vertex 0.863369 -1.789738 -0.050000
  endloop
endfacet
facet normal 0.000124 -0.000151 0.000000
  outer loop
    vertex 0.864875 -1.788498 0.050000
    vertex 0.863369 -1.789738 -0.050000
    vertex 0.864875 -1.788498 -0.050000
  endloop
endfacet
facet normal 0.000124 -0.000150 0.000000
  outer loop
    vertex 0.863369 -1.789738 0.050000
    vertex 0.861865 -1.790980 0.050000
    vertex 0.861865 -1.790980 -0.050000
  endloop
endfacet
facet normal 0.000124 -0.000150 0.000000
  outer loop
    vertex 0.863369 -1.789738 0.050000
    vertex 0.861865 -1.790980 -0.050000
    vertex 0.863369 -1.789738 -0.050000
  endloop
endfacet
facet normal 0.000124 -0.000150 0.000000
  outer loop
    vertex 0.861865 -1.790980 0.050000
    vertex 0.860361 -1.792223 0.050000
    vertex 0.860361 -1.792223 -0.050000
  endloop
endfacet
facet normal 0.000124 -0.000150 0.000000
  outer loop
    vertex 0.861865 -1.790980 0.050000
    vertex 0.860361 -1.792223 -0.050000
    vertex 0.861865 -1.790980 -0.050000
  endloop
endfacet
facet normal 0.000124 -0.000150 0.000000
  outer loop
    vertex 0.860361 -1.792223 0.050000
    vertex 0.858858 -1.793467 0.050000
    vertex 0.858858 -1.793467 -0.050000
  endloop
endfacet
facet normal 0.000124 -0.000150 0.000000
  outer loop
    vertex 0.860361 -1.792223 0.050000
    vertex 0.858858 -1.793467 -0.050000
    vertex 0.860361 -1.792223 -0.050000
  endloop
endfacet
facet normal 0.000125 -0.000150 0.000000
  outer loop
    vertex 0.858858 -1.793467 0.050000
    vertex 0.857355 -1.794713 0.050000
    vertex 0.857355 -1.794713 -0.050000
  endloop
endfacet
facet normal 0.000125 -0.000150 0.000000
  outer loop
    vertex 0.858858 -1.793467 0.050000
    vertex 0.857355 -1.794713 -0.050000
    vertex 0.858858 -1.793467 -0.050000
  endloop
endfacet
facet normal 0.000125 -0.000150 0.000000
  outer loop
    vertex 0.857355 -1.794713 0.050000
    vertex 0.855854 -1.795960 0.050000
    vertex 0.855854 -1.795960 -0.050000
  endloop
endfacet
facet normal 0.000125 -0.000150 0.000000
  outer loop
    vertex 0.857355 -1.794713 0.050000
    vertex 0.855854 -1.795960 -0.050000
    vertex 0.857355 -1.794713 -0.050000
  endloop
endfacet
facet normal 0.000125 -0.000150 0.000000
  outer loop
    vertex 0.855854 -1.795960 0.050000
    vertex 0.854353 -1.797208 0.050000
    vertex 0.854353 -1.797208 -0.050000
  endloop
endfacet
facet normal 0.000125 -0.000150 0.000000
  outer loop
    vertex 0.855854 -1.795960 0.050000
    vertex 0.854353 -1.797208 -0.050000
    vertex 0.855854 -1.795960 -0.050000
  endloop
endfacet
facet normal 0.000125 -0.000150 0.000000
  outer loop
    vertex 0.854353 -1.797208 0.050000
    vertex 0.852853 -1.798458 0.050000
    vertex 0.852853 -1.798458 -0.050000
  endloop
endfacet
facet normal 0.000125 -0.000150 0.000000
  outer loop
    vertex 0.854353 -1.797208 0.050000
    vertex 0.852853 -1.798458 -0.050000
    vertex 0.854353 -1.797208 -0.050000
  endloop
endfacet
facet normal 0.000125 -0.000150 0.000000
  outer loop
    vertex 0.852853 -1.798458 0.050000
    vertex 0.851354 -1.799709 0.050000
    vertex 0.851354 -1.799709 -0.050000
  endloop
endfacet
facet normal 0.000125 -0.000150 0.000000
  outer loop
    vertex 0.852853 -1.798458 0.050000
    vertex 0.851354 -1.799709 -0.050000
    vertex 0.852853 -1.798458 -0.050000
  endloop
endfacet
facet normal 0.000125 -0.000150 0.000000
  outer loop
    vertex 0.851354 -1.799709 0.050000
    vertex 0.849855 -1.800961 0.050000
    vertex 0.849855 -1.800961 -0.050000
  endloop
endfacet
facet normal 0.000125 -0.000150 0.000000
  outer loop
    vertex 0.851354 -1.799709 0.050000
    vertex 0.849855 -1.800961 -0.050000
    vertex 0.851354 -1.799709 -0.050000
  endloop
endfacet
facet normal 0.000125 -0.000150 0.000000
  outer loop
    vertex 0.849855 -1.800961 0.050000
    vertex 0.848358 -1.802215 0.050000
    vertex 0.848358 -1.802215 -0.050000
  endloop
endfacet
facet normal 0.000125 -0.000150 0.000000
  outer loop
    vertex 0.849855 -1.800961 0.050000
    vertex 0.848358 -1.802215 -0.050000
    vertex 0.849855 -1.800961 -0.050000
  endloop
endfacet
facet normal 0.000126 -0.000150 0.000000
  outer loop
    vertex 0.848358 -1.802215 0.050000
    vertex 0.846861 -1.803470 0.050000
    vertex 0.846861 -1.803470 -0.050000
  endloop
endfacet
facet normal 0.000126 -0.000150 0.000000
  outer loop
    vertex 0.848358 -1.802215 0.050000
    vertex 0.846861 -1.803470 -0.050000
    vertex 0.848358 -1.802215 -0.050000
  endloop
endfacet
facet normal 0.000126 -0.000150 0.000000
  outer loop
    vertex 0.846861 -1.803470 0.050000
    vertex 0.845365 -1.804726 0.050000
    vertex 0.845365 -1.804726 -0.050000
  endloop
endfacet
facet normal 0.000126 -0.000150 0.000000
  outer loop
    vertex 0.846861 -1.803470 0.050000
    vertex 0.845365 -1.804726 -0.050000
    vertex 0.846861 -1.803470 -0.050000
  endloop
endfacet
facet normal 0.000126 -0.000150 0.000000
  outer loop
    vertex 0.845365 -1.804726 0.050000
    vertex 0.843870 -1.805984 0.050000
    vertex 0.843870 -1.805984 -0.050000
  endloop
endfacet
facet normal 0.000126 -0.000150 0.000000
  outer loop
    vertex 0.845365 -1.804726 0.050000
    vertex 0.843870 -1.805984 -0.050000
    vertex 0.845365 -1.804726 -0.050000
  endloop
endfacet
facet normal 0.000126 -0.000149 0.000000
  outer loop
    vertex 0.843870 -1.805984 0.050000
    vertex 0.842375 -1.807244 0.050000
    vertex 0.842375 -1.807244 -0.050000
  endloop
endfacet
facet normal 0.000126 -0.000149 0.000000
  outer loop
    vertex 0.843870 -1.805984 0.050000
    vertex 0.842375 -1.807244 -0.050000
    vertex 0.843870 -1.805984 -0.050000
  endloop
endfacet
facet normal 0.000126 -0.000149 0.000000
  outer loop
    vertex 0.842375 -1.807244 0.050000
    vertex 0.840882 -1.808504 0.050000
    vertex 0.840882 -1.808504 -0.050000
  endloop
endfacet
facet normal 0.000126 -0.000149 0.000000
  outer loop
    vertex 0.842375 -1.807244 0.050000
    vertex 0.840882 -1.808504 -0.050000
    vertex 0.842375 -1.807244 -0.050000
  endloop
endfacet
facet normal 0.000126 -0.000149 0.000000
  outer loop
    vertex 0.840882 -1.808504 0.050000
    vertex 0.839389 -1.809766 0.050000
    vertex 0.839389 -1.809766 -0.050000
  endloop
endfacet
facet normal 0.000126 -0.000149 0.000000
  outer loop
    vertex 0.840882 -1.808504 0.050000
    vertex 0.839389 -1.809766 -0.050000
    vertex 0.840882 -1.808504 -0.050000
  endloop
endfacet
facet normal 0.000126 -0.000149 0.000000
  outer loop
    vertex 0.839389 -1.809766 0.050000
    vertex 0.837897 -1.811030 0.050000
    vertex 0.837897 -1.811030 -0.050000
  endloop
endfacet
facet normal 0.000126 -0.000149 0.000000
  outer loop
    vertex 0.839389 -1.809766 0.050000
    vertex 0.837897 -1.811030 -0.050000
    vertex 0.839389 -1.809766 -0.050000
  endloop
endfacet
facet normal 0.000126 -0.000149 0.000000
  outer loop
    vertex 0.837897 -1.811030 0.050000
    vertex 0.836406 -1.812294 0.050000
    vertex 0.836406 -1.812294 -0.050000
  endloop
endfacet
facet normal 0.000126 -0.000149 0.000000
  outer loop
    vertex 0.837897 -1.811030 0.050000
    vertex 0.836406 -1.812294 -0.050000
    vertex 0.837897 -1.811030 -0.050000
  endloop
endfacet
facet normal 0.000127 -0.000149 0.000000
  outer loop
    vertex 0.836406 -1.812294 0.050000
    vertex 0.834915 -1.813561 0.050000
    vertex 0.834915 -1.813561 -0.050000
  endloop
endfacet
facet normal 0.000127 -0.000149 0.000000
  outer loop
    vertex 0.836406 -1.812294 0.050000
    vertex 0.834915 -1.813561 -0.050000
    vertex 0.836406 -1.812294 -0.050000
  endloop
endfacet
facet normal 0.000127 -0.000149 0.000000
  outer loop
    vertex 0.834915 -1.813561 0.050000
    vertex 0.833425 -1.814828 0.050000
    vertex 0.833425 -1.814828 -0.050000
  endloop
endfacet
facet normal 0.000127 -0.000149 0.000000
  outer loop
    vertex 0.834915 -1.813561 0.050000
    vertex 0.833425 -1.814828 -0.050000
    vertex 0.834915 -1.813561 -0.050000
  endloop
endfacet
facet normal 0.000127 -0.000149 0.000000
  outer loop
    vertex 0.833425 -1.814828 0.050000
    vertex 0.831937 -1.816097 0.050000
    vertex 0.831937 -1.816097 -0.050000
  endloop
endfacet
facet normal 0.000127 -0.000149 0.000000
  outer loop
    vertex 0.833425 -1.814828 0.050000
    vertex 0.831937 -1.816097 -0.050000
    vertex 0.833425 -1.814828 -0.050000
  endloop
endfacet
facet normal 0.000127 -0.000149 0.000000
  outer loop
    vertex 0.831937 -1.816097 0.050000
    vertex 0.830449 -1.817368 0.050000
    vertex 0.830449 -1.817368 -0.050000
  endloop
endfacet
facet normal 0.000127 -0.000149 0.000000
  outer loop
    vertex 0.831937 -1.816097 0.050000
    vertex 0.830449 -1.817368 -0.050000
    vertex 0.831937 -1.816097 -0.050000
  endloop
endfacet
facet normal 0.000127 -0.000149 0.000000
  outer loop
    vertex 0.830449 -1.817368 0.050000
    vertex 0.828962 -1.818640 0.050000
    vertex 0.828962 -1.818640 -0.050000
  endloop
endfacet
facet normal 0.000127 -0.000149 0.000000
  outer loop
    vertex 0.830449 -1.817368 0.050000
    vertex 0.828962 -1.818640 -0.050000
    vertex 0.830449 -1.817368 -0.050000
  endloop
endfacet
facet normal 0.000127 -0.000149 0.000000
  outer loop
    vertex 0.828962 -1.818640 0.050000
    vertex 0.827475 -1.819913 0.050000
    vertex 0.827475 -1.819913 -0.050000
  endloop
endfacet
facet normal 0.000127 -0.000149 0.000000
  outer loop
    vertex 0.828962 -1.818640 0.050000
    vertex 0.827475 -1.819913 -0.050000
    vertex 0.828962 -1.818640 -0.050000
  endloop
endfacet
facet normal 0.000127 -0.000149 0.000000
  outer loop
    vertex 0.827475 -1.819913 0.050000
    vertex 0.825990 -1.821188 0.050000
    vertex 0.825990 -1.821188 -0.050000
  endloop
endfacet
facet normal 0.000127 -0.000149 0.000000
  outer loop
    vertex 0.827475 -1.819913 0.050000
    vertex 0.825990 -1.821188 -0.050000
    vertex 0.827475 -1.819913 -0.050000
  endloop
endfacet
facet normal 0.000128 -0.000148 0.000000
  outer loop
    vertex 0.825990 -1.821188 0.050000
    vertex 0.824505 -1.822464 0.050000
    vertex 0.824505 -1.822464 -0.050000
  endloop
endfacet
facet normal 0.000128 -0.000148 0.000000
  outer loop
    vertex 0.825990 -1.821188 0.050000
    vertex 0.824505 -1.822464 -0.050000
    vertex 0.825990 -1.821188 -0.050000
  endloop
endfacet
facet normal 0.000128 -0.000148 0.000000
  outer loop
    vertex 0.824505 -1.822464 0.050000
    vertex 0.823022 -1.823742 0.050000
    vertex 0.823022 -1.823742 -0.050000
  endloop
endfacet
facet normal 0.000128 -0.000148 0.000000
  outer loop
    vertex 0.824505 -1.822464 0.050000
    vertex 0.823022 -1.823742 -0.050000
    vertex 0.824505 -1.822464 -0.050000
  endloop
endfacet
facet normal 0.000128 -0.000148 0.000000
  outer loop
    vertex 0.823022 -1.823742 0.050000
    vertex 0.821539 -1.825022 0.050000
    vertex 0.821539 -1.825022 -0.050000
  endloop
endfacet
facet normal 0.000128 -0.000148 0.000000
  outer loop
    vertex 0.823022 -1.823742 0.050000
    vertex 0.821539 -1.825022 -0.050000
    vertex 0.823022 -1.823742 -0.050000
  endloop
endfacet
facet normal 0.000128 -0.000148 0.000000
  outer loop
    vertex 0.821539 -1.825022 0.050000
    vertex 0.820057 -1.826302 0.050000
    vertex 0.820057 -1.826302 -0.050000
  endloop
endfacet
facet normal 0.000128 -0.000148 0.000000
  outer loop
    vertex 0.821539 -1.825022 0.050000
    vertex 0.820057 -1.826302 -0.050000
    vertex 0.821539 -1.825022 -0.050000
  endloop
endfacet
facet normal 0.000128 -0.000148 0.000000
  outer loop
    vertex 0.820057 -1.826302 0.050000
    vertex 0.818576 -1.827585 0.050000
    vertex 0.818576 -1.827585 -0.050000
  endloop
endfacet
facet normal 0.000128 -0.000148 0.000000
  outer loop
    vertex 0.820057 -1.826302 0.050000
    vertex 0.818576 -1.827585 -0.050000
    vertex 0.820057 -1.826302 -0.050000
  endloop
endfacet
facet normal 0.000128 -0.000148 0.000000
  outer loop
    vertex 0.818576 -1.827585 0.050000
    vertex 0.817095 -1.828868 0.050000
    vertex 0.817095 -1.828868 -0.050000
  endloop
endfacet
facet normal 0.000128 -0.000148 0.000000
  outer loop
    vertex 0.818576 -1.827585 0.050000
    vertex 0.817095 -1.828868 -0.050000
    vertex 0.818576 -1.827585 -0.050000
  endloop
endfacet
facet normal 0.000129 -0.000148 0.000000
  outer loop
    vertex 0.817095 -1.828868 0.050000
    vertex 0.815616 -1.830154 0.050000
    vertex 0.815616 -1.830154 -0.050000
  endloop
endfacet
facet normal 0.000129 -0.000148 0.000000
  outer loop
    vertex 0.817095 -1.828868 0.050000
    vertex 0.815616 -1.830154 -0.050000
    vertex 0.817095 -1.828868 -0.050000
  endloop
endfacet
facet normal 0.000129 -0.000148 0.000000
  outer loop
    vertex 0.815616 -1.830154 0.050000
    vertex 0.814137 -1.831440 0.050000
    vertex 0.814137 -1.831440 -0.050000
  endloop
endfacet
facet normal 0.000129 -0.000148 0.000000
  outer loop
    vertex 0.815616 -1.830154 0.050000
    vertex 0.814137 -1.831440 -0.050000
    vertex 0.815616 -1.830154 -0.050000
  endloop
endfacet
facet normal 0.000129 -0.000148 0.000000
  outer loop
    vertex 0.814137 -1.831440 0.050000
    vertex 0.812660 -1.832729 0.050000
    vertex 0.812660 -1.832729 -0.050000
  endloop
endfacet
facet normal 0.000129 -0.000148 0.000000
  outer loop
    vertex 0.814137 -1.831440 0.050000
    vertex 0.812660 -1.832729 -0.050000
    vertex 0.814137 -1.831440 -0.050000
  endloop
endfacet
facet normal 0.000129 -0.000148 0.000000
  outer loop
    vertex 0.812660 -1.832729 0.050000
    vertex 0.811183 -1.834019 0.050000
    vertex 0.811183 -1.834019 -0.050000
  endloop
endfacet
facet normal 0.000129 -0.000148 0.000000
  outer loop
    vertex 0.812660 -1.832729 0.050000
    vertex 0.811183 -1.834019 -0.050000
    vertex 0.812660 -1.832729 -0.050000
  endloop
endfacet
facet normal 0.000129 -0.000148 0.000000
  outer loop
    vertex 0.811183 -1.834019 0.050000
    vertex 0.809707 -1.835310 0.050000
    vertex 0.809707 -1.835310 -0.050000
  endloop
endfacet
facet normal 0.000129 -0.000148 0.000000
  outer loop
    vertex 0.811183 -1.834019 0.050000
    vertex 0.809707 -1.835310 -0.050000
    vertex 0.811183 -1.834019 -0.050000
  endloop
endfacet
facet normal 0.000129 -0.000147 0.000000
  outer loop
    vertex 0.809707 -1.835310 0.050000
    vertex 0.808232 -1.836603 0.050000
    vertex 0.808232 -1.836603 -0.050000
  endloop
endfacet
facet normal 0.000129 -0.000147 0.000000
  outer loop
    vertex 0.809707 -1.835310 0.050000
    vertex 0.808232 -1.836603 -0.050000
    vertex 0.809707 -1.835310 -0.050000
  endloop
endfacet
facet normal 0.000129 -0.000147 0.000000
  outer loop
    vertex 0.808232 -1.836603 0.050000
    vertex 0.806758 -1.837898 0.050000
    vertex 0.806758 -1.837898 -0.050000
  endloop
endfacet
facet normal 0.000129 -0.000147 0.000000
  outer loop
    vertex 0.808232 -1.836603 0.050000
    vertex 0.806758 -1.837898 -0.050000
    vertex 0.808232 -1.836603 -0.050000
  endloop
endfacet
facet normal 0.000130 -0.000147 0.000000
  outer loop
    vertex 0.806758 -1.837898 0.050000
    vertex 0.805285 -1.839194 0.050000
    vertex 0.805285 -1.839194 -0.050000
  endloop
endfacet
facet normal 0.000130 -0.000147 0.000000
  outer loop
    vertex 0.806758 -1.837898 0.050000
    vertex 0.805285 -1.839194 -0.050000
    vertex 0.806758 -1.837898 -0.050000
  endloop
endfacet
facet normal 0.000130 -0.000147 0.000000
  outer loop
    vertex 0.805285 -1.839194 0.050000
    vertex 0.803813 -1.840492 0.050000
    vertex 0.803813 -1.840492 -0.050000
  endloop
endfacet
facet normal 0.000130 -0.000147 0.000000
  outer loop
    vertex 0.805285 -1.839194 0.050000
    vertex 0.803813 -1.840492 -0.050000
    vertex 0.805285 -1.839194 -0.050000
  endloop
endfacet
facet normal 0.000130 -0.000147 0.000000
  outer loop
    vertex 0.803813 -1.840492 0.050000
    vertex 0.802342 -1.841792 0.050000
    vertex 0.802342 -1.841792 -0.050000
  endloop
endfacet
facet normal 0.000130 -0.000147 0.000000
  outer loop
    vertex 0.803813 -1.840492 0.050000
    vertex 0.802342 -1.841792 -0.050000
    vertex 0.803813 -1.840492 -0.050000
  endloop
endfacet
facet normal 0.000130 -0.000147 0.000000
  outer loop
    vertex 0.802342 -1.841792 0.050000
    vertex 0.800872 -1.843093 0.050000
    vertex 0.800872 -1.843093 -0.050000
  endloop
endfacet
facet normal 0.000130 -0.000147 0.000000
  outer loop
    vertex 0.802342 -1.841792 0.050000
    vertex 0.800872 -1.843093 -0.050000
    vertex 0.802342 -1.841792 -0.050000
  endloop
endfacet
facet normal 0.000130 -0.000147 0.000000
  outer loop
    vertex 0.800872 -1.843093 0.050000
    vertex 0.799403 -1.844396 0.050000
    vertex 0.799403 -1.844396 -0.050000
  endloop
endfacet
facet normal 0.000130 -0.000147 0.000000
  outer loop
    vertex 0.800872 -1.843093 0.050000
    vertex 0.799403 -1.844396 -0.050000
    vertex 0.800872 -1.843093 -0.050000
  endloop
endfacet
facet normal 0.000130 -0.000147 0.000000
  outer loop
    vertex 0.799403 -1.844396 0.050000
    vertex 0.797934 -1.845700 0.050000
    vertex 0.797934 -1.845700 -0.050000
  endloop
endfacet
facet normal 0.000130 -0.000147 0.000000
  outer loop
    vertex 0.799403 -1.844396 0.050000
    vertex 0.797934 -1.845700 -0.050000
    vertex 0.799403 -1.844396 -0.050000
  endloop
endfacet
facet normal 0.000131 -0.000147 0.000000
  outer loop
    vertex 0.797934 -1.845700 0.050000
    vertex 0.796467 -1.847006 0.050000
    vertex 0.796467 -1.847006 -0.050000
  endloop
endfacet
facet normal 0.000131 -0.000147 0.000000
  outer loop
    vertex 0.797934 -1.845700 0.050000
    vertex 0.796467 -1.847006 -0.050000
    vertex 0.797934 -1.845700 -0.050000
  endloop
endfacet
facet normal 0.000131 -0.000147 0.000000
  outer loop
    vertex 0.796467 -1.847006 0.050000
    vertex 0.795000 -1.848314 0.050000
    vertex 0.795000 -1.848314 -0.050000
  endloop
endfacet
facet normal 0.000131 -0.000147 0.000000
  outer loop
    vertex 0.796467 -1.847006 0.050000
    vertex 0.795000 -1.848314 -0.050000
    vertex 0.796467 -1.847006 -0.050000
  endloop
endfacet
facet normal 0.000131 -0.000147 0.000000
  outer loop
    vertex 0.795000 -1.848314 0.050000
    vertex 0.793535 -1.849624 0.050000
    vertex 0.793535 -1.849624 -0.050000
  endloop
endfacet
facet normal 0.000131 -0.000147 0.000000
  outer loop
    vertex 0.795000 -1.848314 0.050000
    vertex 0.793535 -1.849624 -0.050000
    vertex 0.795000 -1.848314 -0.050000
  endloop
endfacet
facet normal 0.000118 -0.000110 0.000000
  outer loop
    vertex 0.793535 -1.849624 0.050000
    vertex 0.792433 -1.850799 0.050000
    vertex 0.792433 -1.850799 -0.050000
  endloop
endfacet
facet normal 0.000118 -0.000110 0.000000
  outer loop
    vertex 0.793535 -1.849624 0.050000
    vertex 0.792433 -1.850799 -0.050000
    vertex 0.793535 -1.849624 -0.050000
  endloop
endfacet
facet normal 0.000090 -0.000037 0.000000
  outer loop
    vertex 0.792433 -1.850799 0.050000
    vertex 0.792064 -1.851702 0.050000
    vertex 0.792064 -1.851702 -0.050000
  endloop
endfacet
facet normal 0.000090 -0.000037 0.000000
  outer loop
    vertex 0.792433 -1.850799 0.050000
    vertex 0.792064 -1.851702 -0.050000
    vertex 0.792433 -1.850799 -0.050000
  endloop
endfacet
facet normal 0.000060 0.000035 0.000000
  outer loop
    vertex 0.792064 -1.851702 0.050000
    vertex 0.792411 -1.852303 0.050000
    vertex 0.792411 -1.852303 -0.050000
  endloop
endfacet
facet normal 0.000060 0.000035 0.000000
  outer loop
    vertex 0.792064 -1.851702 0.050000
    vertex 0.792411 -1.852303 -0.050000
    vertex 0.792064 -1.851702 -0.050000
  endloop
endfacet
facet normal 0.000013 0.000097 0.000000
  outer loop
    vertex 0.792411 -1.852303 0.050000
    vertex 0.793377 -1.852435 0.050000
    vertex 0.793377 -1.852435 -0.050000
  endloop
endfacet
facet normal 0.000013 0.000097 0.000000
  outer loop
    vertex 0.792411 -1.852303 0.050000
    vertex 0.793377 -1.852435 -0.050000
    vertex 0.792411 -1.852303 -0.050000
  endloop
endfacet
facet normal -0.000037 0.000157 0.000000
  outer loop
    vertex 0.793377 -1.852435 0.050000
    vertex 0.794946 -1.852068 0.050000
    vertex 0.794946 -1.852068 -0.050000
  endloop
endfacet
facet normal -0.000037 0.000157 0.000000
  outer loop
    vertex 0.793377 -1.852435 0.050000
    vertex 0.794946 -1.852068 -0.050000
    vertex 0.793377 -1.852435 -0.050000
  endloop
endfacet
facet normal -0.000061 0.000187 0.000000
  outer loop
    vertex 0.794946 -1.852068 0.050000
    vertex 0.796813 -1.851454 0.050000
    vertex 0.796813 -1.851454 -0.050000
  endloop
endfacet
facet normal -0.000061 0.000187 0.000000
  outer loop
    vertex 0.794946 -1.852068 0.050000
    vertex 0.796813 -1.851454 -0.050000
    vertex 0.794946 -1.852068 -0.050000
  endloop
endfacet
facet normal -0.000062 0.000187 0.000000
  outer loop
    vertex 0.796813 -1.851454 0.050000
    vertex 0.798679 -1.850838 0.050000
    vertex 0.798679 -1.850838 -0.050000
  endloop
endfacet
facet normal -0.000062 0.000187 0.000000
  outer loop
    vertex 0.796813 -1.851454 0.050000
    vertex 0.798679 -1.850838 -0.050000
    vertex 0.796813 -1.851454 -0.050000
  endloop
endfacet
facet normal -0.000062 0.000186 0.000000
  outer loop
    vertex 0.798679 -1.850838 0.050000
    vertex 0.800544 -1.850220 0.050000
    vertex 0.800544 -1.850220 -0.050000
  endloop
endfacet
facet normal -0.000062 0.000186 0.000000
  outer loop
    vertex 0.798679 -1.850838 0.050000
    vertex 0.800544 -1.850220 -0.050000
    vertex 0.798679 -1.850838 -0.050000
  endloop
endfacet
facet normal -0.000062 0.000186 0.000000
  outer loop
    vertex 0.800544 -1.850220 0.050000
    vertex 0.802408 -1.849601 0.050000
    vertex 0.802408 -1.849601 -0.050000
  endloop
endfacet
facet normal -0.000062 0.000186 0.000000
  outer loop
    vertex 0.800544 -1.850220 0.050000
    vertex 0.802408 -1.849601 -0.050000
    vertex 0.800544 -1.850220 -0.050000
  endloop
endfacet
facet normal -0.000062 0.000186 0.000000
  outer loop
    vertex 0.802408 -1.849601 0.050000
    vertex 0.804271 -1.848980 0.050000
    vertex 0.804271 -1.848980 -0.050000
  endloop
endfacet
facet normal -0.000062 0.000186 0.000000
  outer loop
    vertex 0.802408 -1.849601 0.050000
    vertex 0.804271 -1.848980 -0.050000
    vertex 0.802408 -1.849601 -0.050000
  endloop
endfacet
facet normal -0.000062 0.000186 0.000000
  outer loop
    vertex 0.804271 -1.848980 0.050000
    vertex 0.806133 -1.848357 0.050000
    vertex 0.806133 -1.848357 -0.050000
  endloop
endfacet
facet normal -0.000062 0.000186 0.000000
  outer loop
    vertex 0.804271 -1.848980 0.050000
    vertex 0.806133 -1.848357 -0.050000
    vertex 0.804271 -1.848980 -0.050000
  endloop
endfacet
facet normal -0.000062 0.000186 0.000000
  outer loop
    vertex 0.806133 -1.848357 0.050000
    vertex 0.807994 -1.847733 0.050000
    vertex 0.807994 -1.847733 -0.050000
  endloop
endfacet
facet normal -0.000062 0.000186 0.000000
  outer loop
    vertex 0.806133 -1.848357 0.050000
    vertex 0.807994 -1.847733 -0.050000
    vertex 0.806133 -1.848357 -0.050000
  endloop
endfacet
facet normal -0.000063 0.000186 0.000000
  outer loop
    vertex 0.807994 -1.847733 0.050000
    vertex 0.809854 -1.847107 0.050000
    vertex 0.809854 -1.847107 -0.050000
  endloop
endfacet
facet normal -0.000063 0.000186 0.000000
  outer loop
    vertex 0.807994 -1.847733 0.050000
    vertex 0.809854 -1.847107 -0.050000
    vertex 0.807994 -1.847733 -0.050000
  endloop
endfacet
facet normal -0.000063 0.000186 0.000000
  outer loop
    vertex 0.809854 -1.847107 0.050000
    vertex 0.811713 -1.846479 0.050000
    vertex 0.811713 -1.846479 -0.050000
  endloop
endfacet
facet normal -0.000063 0.000186 0.000000
  outer loop
    vertex 0.809854 -1.847107 0.050000
    vertex 0.811713 -1.846479 -0.050000
    vertex 0.809854 -1.847107 -0.050000
  endloop
endfacet
facet normal -0.000063 0.000186 0.000000
  outer loop
    vertex 0.811713 -1.846479 0.050000
    vertex 0.813571 -1.845850 0.050000
    vertex 0.813571 -1.845850 -0.050000
  endloop
endfacet
facet normal -0.000063 0.000186 0.000000
  outer loop
    vertex 0.811713 -1.846479 0.050000
    vertex 0.813571 -1.845850 -0.050000
    vertex 0.811713 -1.846479 -0.050000
  endloop
endfacet
facet normal -0.000063 0.000186 0.000000
  outer loop
    vertex 0.813571 -1.845850 0.050000
    vertex 0.815428 -1.845219 0.050000
    vertex 0.815428 -1.845219 -0.050000
  endloop
endfacet
facet normal -0.000063 0.000186 0.000000
  outer loop
    vertex 0.813571 -1.845850 0.050000
    vertex 0.815428 -1.845219 -0.050000
    vertex 0.813571 -1.845850 -0.050000
  endloop
endfacet
facet normal -0.000063 0.000186 0.000000
  outer loop
    vertex 0.815428 -1.845219 0.050000
    vertex 0.817285 -1.844587 0.050000
    vertex 0.817285 -1.844587 -0.050000
  endloop
endfacet
facet normal -0.000063 0.000186 0.000000
  outer loop
    vertex 0.815428 -1.845219 0.050000
    vertex 0.817285 -1.844587 -0.050000
    vertex 0.815428 -1.845219 -0.050000
  endloop
endfacet
facet normal -0.000063 0.000186 0.000000
  outer loop
    vertex 0.817285 -1.844587 0.050000
    vertex 0.819140 -1.843953 0.050000
    vertex 0.819140 -1.843953 -0.050000
  endloop
endfacet
facet normal -0.000063 0.000186 0.000000
  outer loop
    vertex 0.817285 -1.844587 0.050000
    vertex 0.819140 -1.843953 -0.050000
    vertex 0.817285 -1.844587 -0.050000
  endloop
endfacet
facet normal -0.000064 0.000185 0.000000
  outer loop
    vertex 0.819140 -1.843953 0.050000
    vertex 0.820995 -1.843318 0.050000
    vertex 0.820995 -1.843318 -0.050000
  endloop
endfacet
facet normal -0.000064 0.000185 0.000000
  outer loop
    vertex 0.819140 -1.843953 0.050000
    vertex 0.820995 -1.843318 -0.050000
    vertex 0.819140 -1.843953 -0.050000
  endloop
endfacet
facet normal -0.000064 0.000185 0.000000
  outer loop
    vertex 0.820995 -1.843318 0.050000
    vertex 0.822848 -1.842681 0.050000
    vertex 0.822848 -1.842681 -0.050000
  endloop
endfacet
facet normal -0.000064 0.000185 0.000000
  outer loop
    vertex 0.820995 -1.843318 0.050000
    vertex 0.822848 -1.842681 -0.050000
    vertex 0.820995 -1.843318 -0.050000
  endloop
endfacet
facet normal -0.000064 0.000185 0.000000
  outer loop
    vertex 0.822848 -1.842681 0.050000
    vertex 0.824701 -1.842042 0.050000
    vertex 0.824701 -1.842042 -0.050000
  endloop
endfacet
facet normal -0.000064 0.000185 0.000000
  outer loop
    vertex 0.822848 -1.842681 0.050000
    vertex 0.824701 -1.842042 -0.050000
    vertex 0.822848 -1.842681 -0.050000
  endloop
endfacet
facet normal -0.000064 0.000185 0.000000
  outer loop
    vertex 0.824701 -1.842042 0.050000
    vertex 0.826553 -1.841402 0.050000
    vertex 0.826553 -1.841402 -0.050000
  endloop
endfacet
facet normal -0.000064 0.000185 0.000000
  outer loop
    vertex 0.824701 -1.842042 0.050000
    vertex 0.826553 -1.841402 -0.050000
    vertex 0.824701 -1.842042 -0.050000
  endloop
endfacet
facet normal -0.000064 0.000185 0.000000
  outer loop
    vertex 0.826553 -1.841402 0.050000
    vertex 0.828404 -1.840760 0.050000
    vertex 0.828404 -1.840760 -0.050000
  endloop
endfacet
facet normal -0.000064 0.000185 0.000000
  outer loop
    vertex 0.826553 -1.841402 0.050000
    vertex 0.828404 -1.840760 -0.050000
    vertex 0.826553 -1.841402 -0.050000
  endloop
endfacet
facet normal -0.000064 0.000185 0.000000
  outer loop
    vertex 0.828404 -1.840760 0.050000
    vertex 0.830254 -1.840117 0.050000
    vertex 0.830254 -1.840117 -0.050000
  endloop
endfacet
facet normal -0.000064 0.000185 0.000000
  outer loop
    vertex 0.828404 -1.840760 0.050000
    vertex 0.830254 -1.840117 -0.050000
    vertex 0.828404 -1.840760 -0.050000
  endloop
endfacet
facet normal -0.000064 0.000185 0.000000
  outer loop
    vertex 0.830254 -1.840117 0.050000
    vertex 0.832104 -1.839473 0.050000
    vertex 0.832104 -1.839473 -0.050000
  endloop
endfacet
facet normal -0.000064 0.000185 0.000000
  outer loop
    vertex 0.830254 -1.840117 0.050000
    vertex 0.832104 -1.839473 -0.050000
    vertex 0.830254 -1.840117 -0.050000
  endloop
endfacet
facet normal -0.000065 0.000185 0.000000
  outer loop
    vertex 0.832104 -1.839473 0.050000
    vertex 0.833952 -1.838827 0.050000
    vertex 0.833952 -1.838827 -0.050000
  endloop
endfacet
facet normal -0.000065 0.000185 0.000000
  outer loop
    vertex 0.832104 -1.839473 0.050000
    vertex 0.833952 -1.838827 -0.050000
    vertex 0.832104 -1.839473 -0.050000
  endloop
endfacet
facet normal -0.000065 0.000185 0.000000
  outer loop
    vertex 0.833952 -1.838827 0.050000
    vertex 0.835800 -1.838179 0.050000
    vertex 0.835800 -1.838179 -0.050000
  endloop
endfacet
facet normal -0.000065 0.000185 0.000000
  outer loop
    vertex 0.833952 -1.838827 0.050000
    vertex 0.835800 -1.838179 -0.050000
    vertex 0.833952 -1.838827 -0.050000
  endloop
endfacet
facet normal -0.000065 0.000185 0.000000
  outer loop
    vertex 0.835800 -1.838179 0.050000
    vertex 0.837647 -1.837530 0.050000
    vertex 0.837647 -1.837530 -0.050000
  endloop
endfacet
facet normal -0.000065 0.000185 0.000000
  outer loop
    vertex 0.835800 -1.838179 0.050000
    vertex 0.837647 -1.837530 -0.050000
    vertex 0.835800 -1.838179 -0.050000
  endloop
endfacet
facet normal -0.000065 0.000185 0.000000
  outer loop
    vertex 0.837647 -1.837530 0.050000
    vertex 0.839493 -1.836880 0.050000
    vertex 0.839493 -1.836880 -0.050000
  endloop
endfacet
facet normal -0.000065 0.000185 0.000000
  outer loop
    vertex 0.837647 -1.837530 0.050000
    vertex 0.839493 -1.836880 -0.050000
    vertex 0.837647 -1.837530 -0.050000
  endloop
endfacet
facet normal -0.000065 0.000185 0.000000
  outer loop
    vertex 0.839493 -1.836880 0.050000
    vertex 0.841338 -1.836228 0.050000
    vertex 0.841338 -1.836228 -0.050000
  endloop
endfacet
facet normal -0.000065 0.000185 0.000000
  outer loop
    vertex 0.839493 -1.836880 0.050000
    vertex 0.841338 -1.836228 -0.050000
    vertex 0.839493 -1.836880 -0.050000
  endloop
endfacet
facet normal -0.000065 0.000184 0.000000
  outer loop
    vertex 0.841338 -1.836228 0.050000
    vertex 0.843182 -1.835575 0.050000
    vertex 0.843182 -1.835575 -0.050000
  endloop
endfacet
facet normal -0.000065 0.000184 0.000000
  outer loop
    vertex 0.841338 -1.836228 0.050000
    vertex 0.843182 -1.835575 -0.050000
    vertex 0.841338 -1.836228 -0.050000
  endloop
endfacet
facet normal -0.000065 0.000184 0.000000
  outer loop
    vertex 0.843182 -1.835575 0.050000
    vertex 0.845025 -1.834920 0.050000
    vertex 0.845025 -1.834920 -0.050000
  endloop
endfacet
facet normal -0.000065 0.000184 0.000000
  outer loop
    vertex 0.843182 -1.835575 0.050000
    vertex 0.845025 -1.834920 -0.050000
    vertex 0.843182 -1.835575 -0.050000
  endloop
endfacet
facet normal -0.000066 0.000184 0.000000
  outer loop
    vertex 0.845025 -1.834920 0.050000
    vertex 0.846868 -1.834264 0.050000
    vertex 0.846868 -1.834264 -0.050000
  endloop
endfacet
facet normal -0.000066 0.000184 0.000000
  outer loop
    vertex 0.845025 -1.834920 0.050000
    vertex 0.846868 -1.834264 -0.050000
    vertex 0.845025 -1.834920 -0.050000
  endloop
endfacet
facet normal -0.000066 0.000184 0.000000
  outer loop
    vertex 0.846868 -1.834264 0.050000
    vertex 0.848710 -1.833606 0.050000
    vertex 0.848710 -1.833606 -0.050000
  endloop
endfacet
facet normal -0.000066 0.000184 0.000000
  outer loop
    vertex 0.846868 -1.834264 0.050000
    vertex 0.848710 -1.833606 -0.050000
    vertex 0.846868 -1.834264 -0.050000
  endloop
endfacet
facet normal -0.000066 0.000184 0.000000
  outer loop
    vertex 0.848710 -1.833606 0.050000
    vertex 0.850551 -1.832947 0.050000
    vertex 0.850551 -1.832947 -0.050000
  endloop
endfacet
facet normal -0.000066 0.000184 0.000000
  outer loop
    vertex 0.848710 -1.833606 0.050000
    vertex 0.850551 -1.832947 -0.050000
    vertex 0.848710 -1.833606 -0.050000
  endloop
endfacet
facet normal -0.000066 0.000184 0.000000
  outer loop
    vertex 0.850551 -1.832947 0.050000
    vertex 0.852391 -1.832287 0.050000
    vertex 0.852391 -1.832287 -0.050000
  endloop
endfacet
facet normal -0.000066 0.000184 0.000000
  outer loop
    vertex 0.850551 -1.832947 0.050000
    vertex 0.852391 -1.832287 -0.050000
    vertex 0.850551 -1.832947 -0.050000
  endloop
endfacet
facet normal -0.000066 0.000184 0.000000
  outer loop
    vertex 0.852391 -1.832287 0.050000
    vertex 0.854230 -1.831625 0.050000
    vertex 0.854230 -1.831625 -0.050000
  endloop
endfacet
facet normal -0.000066 0.000184 0.000000
  outer loop
    vertex 0.852391 -1.832287 0.050000
    vertex 0.854230 -1.831625 -0.050000
    vertex 0.852391 -1.832287 -0.050000
  endloop
endfacet
facet normal -0.000066 0.000184 0.000000
  outer loop
    vertex 0.854230 -1.831625 0.050000
    vertex 0.856069 -1.830961 0.050000
    vertex 0.856069 -1.830961 -0.050000
  endloop
endfacet
facet normal -0.000066 0.000184 0.000000
  outer loop
    vertex 0.854230 -1.831625 0.050000
    vertex 0.856069 -1.830961 -0.050000
    vertex 0.854230 -1.831625 -0.050000
  endloop
endfacet
facet normal -0.000066 0.000184 0.000000
  outer loop
    vertex 0.856069 -1.830961 0.050000
    vertex 0.857907 -1.830297 0.050000
    vertex 0.857907 -1.830297 -0.050000
  endloop
endfacet
facet normal -0.000066 0.000184 0.000000
  outer loop
    vertex 0.856069 -1.830961 0.050000
    vertex 0.857907 -1.830297 -0.050000
    vertex 0.856069 -1.830961 -0.050000
  endloop
endfacet
facet normal -0.000067 0.000184 0.000000
  outer loop
    vertex 0.857907 -1.830297 0.050000
    vertex 0.859744 -1.829631 0.050000
    vertex 0.859744 -1.829631 -0.050000
  endloop
endfacet
facet normal -0.000067 0.000184 0.000000
  outer loop
    vertex 0.857907 -1.830297 0.050000
    vertex 0.859744 -1.829631 -0.050000
    vertex 0.857907 -1.830297 -0.050000
  endloop
endfacet
facet normal -0.000067 0.000184 0.000000
  outer loop
    vertex 0.859744 -1.829631 0.050000
    vertex 0.861580 -1.828964 0.050000
    vertex 0.861580 -1.828964 -0.050000
  endloop
endfacet
facet normal -0.000067 0.000184 0.000000
  outer loop
    vertex 0.859744 -1.829631 0.050000
    vertex 0.861580 -1.828964 -0.050000
    vertex 0.859744 -1.829631 -0.050000
  endloop
endfacet
facet normal -0.000067 0.000184 0.000000
  outer loop
    vertex 0.861580 -1.828964 0.050000
    vertex 0.863415 -1.828295 0.050000
    vertex 0.863415 -1.828295 -0.050000
  endloop
endfacet
facet normal -0.000067 0.000184 0.000000
  outer loop
    vertex 0.861580 -1.828964 0.050000
    vertex 0.863415 -1.828295 -0.050000
    vertex 0.861580 -1.828964 -0.050000
  endloop
endfacet
facet normal -0.000067 0.000183 0.000000
  outer loop
    vertex 0.863415 -1.828295 0.050000
    vertex 0.865250 -1.827625 0.050000
    vertex 0.865250 -1.827625 -0.050000
  endloop
endfacet
facet normal -0.000067 0.000183 0.000000
  outer loop
    vertex 0.863415 -1.828295 0.050000
    vertex 0.865250 -1.827625 -0.050000
    vertex 0.863415 -1.828295 -0.050000
  endloop
endfacet
facet normal -0.000067 0.000183 0.000000
  outer loop
    vertex 0.865250 -1.827625 0.050000
    vertex 0.867083 -1.826953 0.050000
    vertex 0.867083 -1.826953 -0.050000
  endloop
endfacet
facet normal -0.000067 0.000183 0.000000
  outer loop
    vertex 0.865250 -1.827625 0.050000
    vertex 0.867083 -1.826953 -0.050000
    vertex 0.865250 -1.827625 -0.050000
  endloop
endfacet
facet normal -0.000067 0.000183 0.000000
  outer loop
    vertex 0.867083 -1.826953 0.050000
    vertex 0.868916 -1.826280 0.050000
    vertex 0.868916 -1.826280 -0.050000
  endloop
endfacet
facet normal -0.000067 0.000183 0.000000
  outer loop
    vertex 0.867083 -1.826953 0.050000
    vertex 0.868916 -1.826280 -0.050000
    vertex 0.867083 -1.826953 -0.050000
  endloop
endfacet
facet normal -0.000067 0.000183 0.000000
  outer loop
    vertex 0.868916 -1.826280 0.050000
    vertex 0.870749 -1.825606 0.050000
    vertex 0.870749 -1.825606 -0.050000
  endloop
endfacet
facet normal -0.000067 0.000183 0.000000
  outer loop
    vertex 0.868916 -1.826280 0.050000
    vertex 0.870749 -1.825606 -0.050000
    vertex 0.868916 -1.826280 -0.050000
  endloop
endfacet
facet normal -0.000068 0.000183 0.000000
  outer loop
    vertex 0.870749 -1.825606 0.050000
    vertex 0.872580 -1.824931 0.050000
    vertex 0.872580 -1.824931 -0.050000
  endloop
endfacet
facet normal -0.000068 0.000183 0.000000
  outer loop
    vertex 0.870749 -1.825606 0.050000
    vertex 0.872580 -1.824931 -0.050000
    vertex 0.870749 -1.825606 -0.050000
  endloop
endfacet
facet normal -0.000068 0.000183 0.000000
  outer loop
    vertex 0.872580 -1.824931 0.050000
    vertex 0.874411 -1.824254 0.050000
    vertex 0.874411 -1.824254 -0.050000
  endloop
endfacet
facet normal -0.000068 0.000183 0.000000
  outer loop
    vertex 0.872580 -1.824931 0.050000
    vertex 0.874411 -1.824254 -0.050000
    vertex 0.872580 -1.824931 -0.050000
  endloop
endfacet
facet normal -0.000068 0.000183 0.000000
  outer loop
    vertex 0.874411 -1.824254 0.050000
    vertex 0.876241 -1.823575 0.050000
    vertex 0.876241 -1.823575 -0.050000
  endloop
endfacet
facet normal -0.000068 0.000183 0.000000
  outer loop
    vertex 0.874411 -1.824254 0.050000
    vertex 0.876241 -1.823575 -0.050000
    vertex 0.874411 -1.824254 -0.050000
  endloop
endfacet
facet normal -0.000068 0.000183 0.000000
  outer loop
    vertex 0.876241 -1.823575 0.050000
    vertex 0.878070 -1.822896 0.050000
    vertex 0.878070 -1.822896 -0.050000
  endloop
endfacet
facet normal -0.000068 0.000183 0.000000
  outer loop
    vertex 0.876241 -1.823575 0.050000
    vertex 0.878070 -1.822896 -0.050000
    vertex 0.876241 -1.823575 -0.050000
  endloop
endfacet
facet normal -0.000068 0.000183 0.000000
  outer loop
    vertex 0.878070 -1.822896 0.050000
    vertex 0.879898 -1.822215 0.050000
    vertex 0.879898 -1.822215 -0.050000
  endloop
endfacet
facet normal -0.000068 0.000183 0.000000
  outer loop
    vertex 0.878070 -1.822896 0.050000
    vertex 0.879898 -1.822215 -0.050000
    vertex 0.878070 -1.822896 -0.050000
  endloop
endfacet
facet normal -0.000068 0.000183 0.000000
  outer loop
    vertex 0.879898 -1.822215 0.050000
    vertex 0.881726 -1.821533 0.050000
    vertex 0.881726 -1.821533 -0.050000
  endloop
endfacet
facet normal -0.000068 0.000183 0.000000
  outer loop
    vertex 0.879898 -1.822215 0.050000
    vertex 0.881726 -1.821533 -0.050000
    vertex 0.879898 -1.822215 -0.050000
  endloop
endfacet
facet normal -0.000068 0.000183 0.000000
  outer loop
    vertex 0.881726 -1.821533 0.050000
    vertex 0.883553 -1.820849 0.050000
    vertex 0.883553 -1.820849 -0.050000
  endloop
endfacet
facet normal -0.000068 0.000183 0.000000
  outer loop
    vertex 0.881726 -1.821533 0.050000
    vertex 0.883553 -1.820849 -0.050000
    vertex 0.881726 -1.821533 -0.050000
  endloop
endfacet
facet normal -0.000068 0.000183 0.000000
  outer loop
    vertex 0.883553 -1.820849 0.050000
    vertex 0.885379 -1.820164 0.050000
    vertex 0.885379 -1.820164 -0.050000
  endloop
endfacet
facet normal -0.000068 0.000183 0.000000
  outer loop
    vertex 0.883553 -1.820849 0.050000
    vertex 0.885379 -1.820164 -0.050000
    vertex 0.883553 -1.820849 -0.050000
  endloop
endfacet
facet normal -0.000069 0.000183 0.000000
  outer loop
    vertex 0.885379 -1.820164 0.050000
    vertex 0.887204 -1.819478 0.050000
    vertex 0.887204 -1.819478 -0.050000
  endloop
endfacet
facet normal -0.000069 0.000183 0.000000
  outer loop
    vertex 0.885379 -1.820164 0.050000
    vertex 0.887204 -1.819478 -0.050000
    vertex 0.885379 -1.820164 -0.050000
  endloop
endfacet
facet normal -0.000069 0.000182 0.000000
  outer loop
    vertex 0.887204 -1.819478 0.050000
    vertex 0.889028 -1.818791 0.050000
    vertex 0.889028 -1.818791 -0.050000
  endloop
endfacet
facet normal -0.000069 0.000182 0.000000
  outer loop
    vertex 0.887204 -1.819478 0.050000
    vertex 0.889028 -1.818791 -0.050000
    vertex 0.887204 -1.819478 -0.050000
  endloop
endfacet
facet normal -0.000069 0.000182 0.000000
  outer loop
    vertex 0.889028 -1.818791 0.050000
    vertex 0.890852 -1.818102 0.050000
    vertex 0.890852 -1.818102 -0.050000
  endloop
endfacet
facet normal -0.000069 0.000182 0.000000
  outer loop
    vertex 0.889028 -1.818791 0.050000
    vertex 0.890852 -1.818102 -0.050000
    vertex 0.889028 -1.818791 -0.050000
  endloop
endfacet
facet normal -0.000069 0.000182 0.000000
  outer loop
    vertex 0.890852 -1.818102 0.050000
    vertex 0.892675 -1.817411 0.050000
    vertex 0.892675 -1.817411 -0.050000
  endloop
endfacet
facet normal -0.000069 0.000182 0.000000
  outer loop
    vertex 0.890852 -1.818102 0.050000
    vertex 0.892675 -1.817411 -0.050000
    vertex 0.890852 -1.818102 -0.050000
  endloop
endfacet
facet normal -0.000069 0.000182 0.000000
  outer loop
    vertex 0.892675 -1.817411 0.050000
    vertex 0.894497 -1.816720 0.050000
    vertex 0.894497 -1.816720 -0.050000
  endloop
endfacet
facet normal -0.000069 0.000182 0.000000
  outer loop
    vertex 0.892675 -1.817411 0.050000
    vertex 0.894497 -1.816720 -0.050000
    vertex 0.892675 -1.817411 -0.050000
  endloop
endfacet
facet normal -0.000069 0.000182 0.000000
  outer loop
    vertex 0.894497 -1.816720 0.050000
    vertex 0.896319 -1.816027 0.050000
    vertex 0.896319 -1.816027 -0.050000
  endloop
endfacet
facet normal -0.000069 0.000182 0.000000
  outer loop
    vertex 0.894497 -1.816720 0.050000
    vertex 0.896319 -1.816027 -0.050000
    vertex 0.894497 -1.816720 -0.050000
  endloop
endfacet
facet normal -0.000069 0.000182 0.000000
  outer loop
    vertex 0.896319 -1.816027 0.050000
    vertex 0.898139 -1.815333 0.050000
    vertex 0.898139 -1.815333 -0.050000
  endloop
endfacet
facet normal -0.000069 0.000182 0.000000
  outer loop
    vertex 0.896319 -1.816027 0.050000
    vertex 0.898139 -1.815333 -0.050000
    vertex 0.896319 -1.816027 -0.050000
  endloop
endfacet
facet normal -0.000070 0.000182 0.000000
  outer loop
    vertex 0.898139 -1.815333 0.050000
    vertex 0.899959 -1.814637 0.050000
    vertex 0.899959 -1.814637 -0.050000
  endloop
endfacet
facet normal -0.000070 0.000182 0.000000
  outer loop
    vertex 0.898139 -1.815333 0.050000
    vertex 0.899959 -1.814637 -0.050000
    vertex 0.898139 -1.815333 -0.050000
  endloop
endfacet
facet normal -0.000070 0.000182 0.000000
  outer loop
    vertex 0.899959 -1.814637 0.050000
    vertex 0.901778 -1.813940 0.050000
    vertex 0.901778 -1.813940 -0.050000
  endloop
endfacet
facet normal -0.000070 0.000182 0.000000
  outer loop
    vertex 0.899959 -1.814637 0.050000
    vertex 0.901778 -1.813940 -0.050000
    vertex 0.899959 -1.814637 -0.050000
  endloop
endfacet
facet normal -0.000070 0.000182 0.000000
  outer loop
    vertex 0.901778 -1.813940 0.050000
    vertex 0.903597 -1.813242 0.050000
    vertex 0.903597 -1.813242 -0.050000
  endloop
endfacet
facet normal -0.000070 0.000182 0.000000
  outer loop
    vertex 0.901778 -1.813940 0.050000
    vertex 0.903597 -1.813242 -0.050000
    vertex 0.901778 -1.813940 -0.050000
  endloop
endfacet
facet normal -0.000070 0.000182 0.000000
  outer loop
    vertex 0.903597 -1.813242 0.050000
    vertex 0.905414 -1.812542 0.050000
    vertex 0.905414 -1.812542 -0.050000
  endloop
endfacet
facet normal -0.000070 0.000182 0.000000
  outer loop
    vertex 0.903597 -1.813242 0.050000
    vertex 0.905414 -1.812542 -0.050000
    vertex 0.903597 -1.813242 -0.050000
  endloop
endfacet
facet normal -0.000070 0.000182 0.000000
  outer loop
    vertex 0.905414 -1.812542 0.050000
    vertex 0.907231 -1.811841 0.050000
    vertex 0.907231 -1.811841 -0.050000
  endloop
endfacet
facet normal -0.000070 0.000182 0.000000
  outer loop
    vertex 0.905414 -1.812542 0.050000
    vertex 0.907231 -1.811841 -0.050000
    vertex 0.905414 -1.812542 -0.050000
  endloop
endfacet
facet normal -0.000070 0.000182 0.000000
  outer loop
    vertex 0.907231 -1.811841 0.050000
    vertex 0.909047 -1.811139 0.050000
    vertex 0.909047 -1.811139 -0.050000
  endloop
endfacet
facet normal -0.000070 0.000182 0.000000
  outer loop
    vertex 0.907231 -1.811841 0.050000
    vertex 0.909047 -1.811139 -0.050000
    vertex 0.907231 -1.811841 -0.050000
  endloop
endfacet
facet normal -0.000070 0.000182 0.000000
  outer loop
    vertex 0.909047 -1.811139 0.050000
    vertex 0.910862 -1.810436 0.050000
    vertex 0.910862 -1.810436 -0.050000
  endloop
endfacet
facet normal -0.000070 0.000182 0.000000
  outer loop
    vertex 0.909047 -1.811139 0.050000
    vertex 0.910862 -1.810436 -0.050000
    vertex 0.909047 -1.811139 -0.050000
  endloop
endfacet
facet normal -0.000070 0.000181 0.000000
  outer loop
    vertex 0.910862 -1.810436 0.050000
    vertex 0.912677 -1.809731 0.050000
    vertex 0.912677 -1.809731 -0.050000
  endloop
endfacet
facet normal -0.000070 0.000181 0.000000
  outer loop
    vertex 0.910862 -1.810436 0.050000
    vertex 0.912677 -1.809731 -0.050000
    vertex 0.910862 -1.810436 -0.050000
  endloop
endfacet
facet normal -0.000071 0.000181 0.000000
  outer loop
    vertex 0.912677 -1.809731 0.050000
    vertex 0.914490 -1.809024 0.050000
    vertex 0.914490 -1.809024 -0.050000
  endloop
endfacet
facet normal -0.000071 0.000181 0.000000
  outer loop
    vertex 0.912677 -1.809731 0.050000
    vertex 0.914490 -1.809024 -0.050000
    vertex 0.912677 -1.809731 -0.050000
  endloop
endfacet
facet normal -0.000071 0.000181 0.000000
  outer loop
    vertex 0.914490 -1.809024 0.050000
    vertex 0.916303 -1.808317 0.050000
    vertex 0.916303 -1.808317 -0.050000
  endloop
endfacet
facet normal -0.000071 0.000181 0.000000
  outer loop
    vertex 0.914490 -1.809024 0.050000
    vertex 0.916303 -1.808317 -0.050000
    vertex 0.914490 -1.809024 -0.050000
  endloop
endfacet
facet normal -0.000071 0.000181 0.000000
  outer loop
    vertex 0.916303 -1.808317 0.050000
    vertex 0.918115 -1.807608 0.050000
    vertex 0.918115 -1.807608 -0.050000
  endloop
endfacet
facet normal -0.000071 0.000181 0.000000
  outer loop
    vertex 0.916303 -1.808317 0.050000
    vertex 0.918115 -1.807608 -0.050000
    vertex 0.916303 -1.808317 -0.050000
  endloop
endfacet
facet normal -0.000071 0.000181 0.000000
  outer loop
    vertex 0.918115 -1.807608 0.050000
    vertex 0.919927 -1.806897 0.050000
    vertex 0.919927 -1.806897 -0.050000
  endloop
endfacet
facet normal -0.000071 0.000181 0.000000
  outer loop
    vertex 0.918115 -1.807608 0.050000
    vertex 0.919927 -1.806897 -0.050000
    vertex 0.918115 -1.807608 -0.050000
  endloop
endfacet
facet normal -0.000071 0.000181 0.000000
  outer loop
    vertex 0.919927 -1.806897 0.050000
    vertex 0.921737 -1.806186 0.050000
    vertex 0.921737 -1.806186 -0.050000
  endloop
endfacet
facet normal -0.000071 0.000181 0.000000
  outer loop
    vertex 0.919927 -1.806897 0.050000
    vertex 0.921737 -1.806186 -0.050000
    vertex 0.919927 -1.806897 -0.050000
  endloop
endfacet
facet normal -0.000071 0.000181 0.000000
  outer loop
    vertex 0.921737 -1.806186 0.050000
    vertex 0.923547 -1.805472 0.050000
    vertex 0.923547 -1.805472 -0.050000
  endloop
endfacet
facet normal -0.000071 0.000181 0.000000
  outer loop
    vertex 0.921737 -1.806186 0.050000
    vertex 0.923547 -1.805472 -0.050000
    vertex 0.921737 -1.806186 -0.050000
  endloop
endfacet
facet normal -0.000071 0.000181 0.000000
  outer loop
    vertex 0.923547 -1.805472 0.050000
    vertex 0.925356 -1.804758 0.050000
    vertex 0.925356 -1.804758 -0.050000
  endloop
endfacet
facet normal -0.000071 0.000181 0.000000
  outer loop
    vertex 0.923547 -1.805472 0.050000
    vertex 0.925356 -1.804758 -0.050000
    vertex 0.923547 -1.805472 -0.050000
  endloop
endfacet
facet normal -0.000072 0.000181 0.000000
  outer loop
    vertex 0.925356 -1.804758 0.050000
    vertex 0.927164 -1.804042 0.050000
    vertex 0.927164 -1.804042 -0.050000
  endloop
endfacet
facet normal -0.000072 0.000181 0.000000
  outer loop
    vertex 0.925356 -1.804758 0.050000
    vertex 0.927164 -1.804042 -0.050000
    vertex 0.925356 -1.804758 -0.050000
  endloop
endfacet
facet normal -0.000072 0.000181 0.000000
  outer loop
    vertex 0.927164 -1.804042 0.050000
    vertex 0.928971 -1.803325 0.050000
    vertex 0.928971 -1.803325 -0.050000
  endloop
endfacet
facet normal -0.000072 0.000181 0.000000
  outer loop
    vertex 0.927164 -1.804042 0.050000
    vertex 0.928971 -1.803325 -0.050000
    vertex 0.927164 -1.804042 -0.050000
  endloop
endfacet
facet normal -0.000072 0.000181 0.000000
  outer loop
    vertex 0.928971 -1.803325 0.050000
    vertex 0.930778 -1.802606 0.050000
    vertex 0.930778 -1.802606 -0.050000
  endloop
endfacet
facet normal -0.000072 0.000181 0.000000
  outer loop
    vertex 0.928971 -1.803325 0.050000
    vertex 0.930778 -1.802606 -0.050000
    vertex 0.928971 -1.803325 -0.050000
  endloop
endfacet
facet normal -0.000072 0.000181 0.000000
  outer loop
    vertex 0.930778 -1.802606 0.050000
    vertex 0.932584 -1.801886 0.050000
    vertex 0.932584 -1.801886 -0.050000
  endloop
endfacet
facet normal -0.000072 0.000181 0.000000
  outer loop
    vertex 0.930778 -1.802606 0.050000
    vertex 0.932584 -1.801886 -0.050000
    vertex 0.930778 -1.802606 -0.050000
  endloop
endfacet
facet normal -0.000072 0.000180 0.000000
  outer loop
    vertex 0.932584 -1.801886 0.050000
    vertex 0.934389 -1.801165 0.050000
    vertex 0.934389 -1.801165 -0.050000
  endloop
endfacet
facet normal -0.000072 0.000180 0.000000
  outer loop
    vertex 0.932584 -1.801886 0.050000
    vertex 0.934389 -1.801165 -0.050000
    vertex 0.932584 -1.801886 -0.050000
  endloop
endfacet
facet normal -0.000072 0.000180 0.000000
  outer loop
    vertex 0.934389 -1.801165 0.050000
    vertex 0.936193 -1.800442 0.050000
    vertex 0.936193 -1.800442 -0.050000
  endloop
endfacet
facet normal -0.000072 0.000180 0.000000
  outer loop
    vertex 0.934389 -1.801165 0.050000
    vertex 0.936193 -1.800442 -0.050000
    vertex 0.934389 -1.801165 -0.050000
  endloop
endfacet
facet normal -0.000072 0.000180 0.000000
  outer loop
    vertex 0.936193 -1.800442 0.050000
    vertex 0.937996 -1.799717 0.050000
    vertex 0.937996 -1.799717 -0.050000
  endloop
endfacet
facet normal -0.000072 0.000180 0.000000
  outer loop
    vertex 0.936193 -1.800442 0.050000
    vertex 0.937996 -1.799717 -0.050000
    vertex 0.936193 -1.800442 -0.050000
  endloop
endfacet
facet normal -0.000073 0.000180 0.000000
  outer loop
    vertex 0.937996 -1.799717 0.050000
    vertex 0.939799 -1.798992 0.050000
    vertex 0.939799 -1.798992 -0.050000
  endloop
endfacet
facet normal -0.000073 0.000180 0.000000
  outer loop
    vertex 0.937996 -1.799717 0.050000
    vertex 0.939799 -1.798992 -0.050000
    vertex 0.937996 -1.799717 -0.050000
  endloop
endfacet
facet normal -0.000073 0.000180 0.000000
  outer loop
    vertex 0.939799 -1.798992 0.050000
    vertex 0.941600 -1.798265 0.050000
    vertex 0.941600 -1.798265 -0.050000
  endloop
endfacet
facet normal -0.000073 0.000180 0.000000
  outer loop
    vertex 0.939799 -1.798992 0.050000
    vertex 0.941600 -1.798265 -0.050000
    vertex 0.939799 -1.798992 -0.050000
  endloop
endfacet
facet normal -0.000073 0.000180 0.000000
  outer loop
    vertex 0.941600 -1.798265 0.050000
    vertex 0.943401 -1.797536 0.050000
    vertex 0.943401 -1.797536 -0.050000
  endloop
endfacet
facet normal -0.000073 0.000180 0.000000
  outer loop
    vertex 0.941600 -1.798265 0.050000
    vertex 0.943401 -1.797536 -0.050000
    vertex 0.941600 -1.798265 -0.050000
  endloop
endfacet
facet normal -0.000073 0.000180 0.000000
  outer loop
    vertex 0.943401 -1.797536 0.050000
    vertex 0.945201 -1.796806 0.050000
    vertex 0.945201 -1.796806 -0.050000
  endloop
endfacet
facet normal -0.000073 0.000180 0.000000
  outer loop
    vertex 0.943401 -1.797536 0.050000
    vertex 0.945201 -1.796806 -0.050000
    vertex 0.943401 -1.797536 -0.050000
  endloop
endfacet
facet normal -0.000073 0.000180 0.000000
  outer loop
    vertex 0.945201 -1.796806 0.050000
    vertex 0.947000 -1.796074 0.050000
    vertex 0.947000 -1.796074 -0.050000
  endloop
endfacet
facet normal -0.000073 0.000180 0.000000
  outer loop
    vertex 0.945201 -1.796806 0.050000
    vertex 0.947000 -1.796074 -0.050000
    vertex 0.945201 -1.796806 -0.050000
  endloop
endfacet
facet normal -0.000073 0.000180 0.000000
  outer loop
    vertex 0.947000 -1.796074 0.050000
    vertex 0.948798 -1.795341 0.050000
    vertex 0.948798 -1.795341 -0.050000
  endloop
endfacet
facet normal -0.000073 0.000180 0.000000
  outer loop
    vertex 0.947000 -1.796074 0.050000
    vertex 0.948798 -1.795341 -0.050000
    vertex 0.947000 -1.796074 -0.050000
  endloop
endfacet
facet normal -0.000073 0.000180 0.000000
  outer loop
    vertex 0.948798 -1.795341 0.050000
    vertex 0.950596 -1.794607 0.050000
    vertex 0.950596 -1.794607 -0.050000
  endloop
endfacet
facet normal -0.000073 0.000180 0.000000
  outer loop
    vertex 0.948798 -1.795341 0.050000
    vertex 0.950596 -1.794607 -0.050000
    vertex 0.948798 -1.795341 -0.050000
  endloop
endfacet
facet normal -0.000074 0.000180 0.000000
  outer loop
    vertex 0.950596 -1.794607 0.050000
    vertex 0.952392 -1.793871 0.050000
    vertex 0.952392 -1.793871 -0.050000
  endloop
endfacet
facet normal -0.000074 0.000180 0.000000
  outer loop
    vertex 0.950596 -1.794607 0.050000
    vertex 0.952392 -1.793871 -0.050000
    vertex 0.950596 -1.794607 -0.050000
  endloop
endfacet
facet normal -0.000074 0.000180 0.000000
  outer loop
    vertex 0.952392 -1.793871 0.050000
    vertex 0.954188 -1.793133 0.050000
    vertex 0.954188 -1.793133 -0.050000
  endloop
endfacet
facet normal -0.000074 0.000180 0.000000
  outer loop
    vertex 0.952392 -1.793871 0.050000
    vertex 0.954188 -1.793133 -0.050000
    vertex 0.952392 -1.793871 -0.050000
  endloop
endfacet
facet normal -0.000074 0.000179 0.000000
  outer loop
    vertex 0.954188 -1.793133 0.050000
    vertex 0.955983 -1.792394 0.050000
    vertex 0.955983 -1.792394 -0.050000
  endloop
endfacet
facet normal -0.000074 0.000179 0.000000
  outer loop
    vertex 0.954188 -1.793133 0.050000
    vertex 0.955983 -1.792394 -0.050000
    vertex 0.954188 -1.793133 -0.050000
  endloop
endfacet
facet normal -0.000074 0.000179 0.000000
  outer loop
    vertex 0.955983 -1.792394 0.050000
    vertex 0.957777 -1.791654 0.050000
    vertex 0.957777 -1.791654 -0.050000
  endloop
endfacet
facet normal -0.000074 0.000179 0.000000
  outer loop
    vertex 0.955983 -1.792394 0.050000
    vertex 0.957777 -1.791654 -0.050000
    vertex 0.955983 -1.792394 -0.050000
  endloop
endfacet
facet normal -0.000074 0.000179 0.000000
  outer loop
    vertex 0.957777 -1.791654 0.050000
    vertex 0.959570 -1.790912 0.050000
    vertex 0.959570 -1.790912 -0.050000
  endloop
endfacet
facet normal -0.000074 0.000179 0.000000
  outer loop
    vertex 0.957777 -1.791654 0.050000
    vertex 0.959570 -1.790912 -0.050000
    vertex 0.957777 -1.791654 -0.050000
  endloop
endfacet
facet normal -0.000074 0.000179 0.000000
  outer loop
    vertex 0.959570 -1.790912 0.050000
    vertex 0.961362 -1.790168 0.050000
    vertex 0.961362 -1.790168 -0.050000
  endloop
endfacet
facet normal -0.000074 0.000179 0.000000
  outer loop
    vertex 0.959570 -1.790912 0.050000
    vertex 0.961362 -1.790168 -0.050000
    vertex 0.959570 -1.790912 -0.050000
  endloop
endfacet
facet normal -0.000075 0.000179 0.000000
  outer loop
    vertex 0.961362 -1.790168 0.050000
    vertex 0.963153 -1.789423 0.050000
    vertex 0.963153 -1.789423 -0.050000
  endloop
endfacet
facet normal -0.000075 0.000179 0.000000
  outer loop
    vertex 0.961362 -1.790168 0.050000
    vertex 0.963153 -1.789423 -0.050000
    vertex 0.961362 -1.790168 -0.050000
  endloop
endfacet
facet normal -0.000075 0.000179 0.000000
  outer loop
    vertex 0.963153 -1.789423 0.050000
    vertex 0.964943 -1.788676 0.050000
    vertex 0.964943 -1.788676 -0.050000
  endloop
endfacet
facet normal -0.000075 0.000179 0.000000
  outer loop
    vertex 0.963153 -1.789423 0.050000
    vertex 0.964943 -1.788676 -0.050000
    vertex 0.963153 -1.789423 -0.050000
  endloop
endfacet
facet normal -0.000075 0.000179 0.000000
  outer loop
    vertex 0.964943 -1.788676 0.050000
    vertex 0.966733 -1.787928 0.050000
    vertex 0.966733 -1.787928 -0.050000
  endloop
endfacet
facet normal -0.000075 0.000179 0.000000
  outer loop
    vertex 0.964943 -1.788676 0.050000
    vertex 0.966733 -1.787928 -0.050000
    vertex 0.964943 -1.788676 -0.050000
  endloop
endfacet
facet normal -0.000075 0.000179 0.000000
  outer loop
    vertex 0.966733 -1.787928 0.050000
    vertex 0.968521 -1.787178 0.050000
    vertex 0.968521 -1.787178 -0.050000
  endloop
endfacet
facet normal -0.000075 0.000179 0.000000
  outer loop
    vertex 0.966733 -1.787928 0.050000
    vertex 0.968521 -1.787178 -0.050000
    vertex 0.966733 -1.787928 -0.050000
  endloop
endfacet
facet normal -0.000075 0.000179 0.000000
  outer loop
    vertex 0.968521 -1.787178 0.050000
    vertex 0.970309 -1.786426 0.050000
    vertex 0.970309 -1.786426 -0.050000
  endloop
endfacet
facet normal -0.000075 0.000179 0.000000
  outer loop
    vertex 0.968521 -1.787178 0.050000
    vertex 0.970309 -1.786426 -0.050000
    vertex 0.968521 -1.787178 -0.050000
  endloop
endfacet
facet normal -0.000075 0.000179 0.000000
  outer loop
    vertex 0.970309 -1.786426 0.050000
    vertex 0.972095 -1.785673 0.050000
    vertex 0.972095 -1.785673 -0.050000
  endloop
endfacet
facet normal -0.000075 0.000179 0.000000
  outer loop
    vertex 0.970309 -1.786426 0.050000
    vertex 0.972095 -1.785673 -0.050000
    vertex 0.970309 -1.786426 -0.050000
  endloop
endfacet
facet normal -0.000075 0.000179 0.000000
  outer loop
    vertex 0.972095 -1.785673 0.050000
    vertex 0.973881 -1.784918 0.050000
    vertex 0.973881 -1.784918 -0.050000
  endloop
endfacet
facet normal -0.000075 0.000179 0.000000
  outer loop
    vertex 0.972095 -1.785673 0.050000
    vertex 0.973881 -1.784918 -0.050000
    vertex 0.972095 -1.785673 -0.050000
  endloop
endfacet
facet normal -0.000076 0.000178 0.000000
  outer loop
    vertex 0.973881 -1.784918 0.050000
    vertex 0.975666 -1.784161 0.050000
    vertex 0.975666 -1.784161 -0.050000
  endloop
endfacet
facet normal -0.000076 0.000178 0.000000
  outer loop
    vertex 0.973881 -1.784918 0.050000
    vertex 0.975666 -1.784161 -0.050000
    vertex 0.973881 -1.784918 -0.050000
  endloop
endfacet
facet normal -0.000076 0.000178 0.000000
  outer loop
    vertex 0.975666 -1.784161 0.050000
    vertex 0.977449 -1.783403 0.050000
    vertex 0.977449 -1.783403 -0.050000
  endloop
endfacet
facet normal -0.000076 0.000178 0.000000
  outer loop
    vertex 0.975666 -1.784161 0.050000
    vertex 0.977449 -1.783403 -0.050000
    vertex 0.975666 -1.784161 -0.050000
  endloop
endfacet
facet normal -0.000076 0.000178 0.000000
  outer loop
    vertex 0.977449 -1.783403 0.050000
    vertex 0.979232 -1.782643 0.050000
    vertex 0.979232 -1.782643 -0.050000
  endloop
endfacet
facet normal -0.000076 0.000178 0.000000
  outer loop
    vertex 0.977449 -1.783403 0.050000
    vertex 0.979232 -1.782643 -0.050000
    vertex 0.977449 -1.783403 -0.050000
  endloop
endfacet
facet normal -0.000076 0.000178 0.000000
  outer loop
    vertex 0.979232 -1.782643 0.050000
    vertex 0.981014 -1.781882 0.050000
    vertex 0.981014 -1.781882 -0.050000
  endloop
endfacet
facet normal -0.000076 0.000178 0.000000
  outer loop
    vertex 0.979232 -1.782643 0.050000
    vertex 0.981014 -1.781882 -0.050000
    vertex 0.979232 -1.782643 -0.050000
  endloop
endfacet
facet normal -0.000076 0.000178 0.000000
  outer loop
    vertex 0.981014 -1.781882 0.050000
    vertex 0.982795 -1.781118 0.050000
    vertex 0.982795 -1.781118 -0.050000
  endloop
endfacet
facet normal -0.000076 0.000178 0.000000
  outer loop
    vertex 0.981014 -1.781882 0.050000
    vertex 0.982795 -1.781118 -0.050000
    vertex 0.981014 -1.781882 -0.050000
  endloop
endfacet
facet normal -0.000077 0.000178 0.000000
  outer loop
    vertex 0.982795 -1.781118 0.050000
    vertex 0.984574 -1.780353 0.050000
    vertex 0.984574 -1.780353 -0.050000
  endloop
endfacet
facet normal -0.000077 0.000178 0.000000
  outer loop
    vertex 0.982795 -1.781118 0.050000
    vertex 0.984574 -1.780353 -0.050000
    vertex 0.982795 -1.781118 -0.050000
  endloop
endfacet
facet normal -0.000077 0.000178 0.000000
  outer loop
    vertex 0.984574 -1.780353 0.050000
    vertex 0.986353 -1.779586 0.050000
    vertex 0.986353 -1.779586 -0.050000
  endloop
endfacet
facet normal -0.000077 0.000178 0.000000
  outer loop
    vertex 0.984574 -1.780353 0.050000
    vertex 0.986353 -1.779586 -0.050000
    vertex 0.984574 -1.780353 -0.050000
  endloop
endfacet
facet normal -0.000077 0.000178 0.000000
  outer loop
    vertex 0.986353 -1.779586 0.050000
    vertex 0.988131 -1.778818 0.050000
    vertex 0.988131 -1.778818 -0.050000
  endloop
endfacet
facet normal -0.000077 0.000178 0.000000
  outer loop
    vertex 0.986353 -1.779586 0.050000
    vertex 0.988131 -1.778818 -0.050000
    vertex 0.986353 -1.779586 -0.050000
  endloop
endfacet
facet normal -0.000077 0.000178 0.000000
  outer loop
    vertex 0.988131 -1.778818 0.050000
    vertex 0.989907 -1.778047 0.050000
    vertex 0.989907 -1.778047 -0.050000
  endloop
endfacet
facet normal -0.000077 0.000178 0.000000
  outer loop
    vertex 0.988131 -1.778818 0.050000
    vertex 0.989907 -1.778047 -0.050000
    vertex 0.988131 -1.778818 -0.050000
  endloop
endfacet
facet normal -0.000077 0.000178 0.000000
  outer loop
    vertex 0.989907 -1.778047 0.050000
    vertex 0.991683 -1.777275 0.050000
    vertex 0.991683 -1.777275 -0.050000
  endloop
endfacet
facet normal -0.000077 0.000178 0.000000
  outer loop
    vertex 0.989907 -1.778047 0.050000
    vertex 0.991683 -1.777275 -0.050000
    vertex 0.989907 -1.778047 -0.050000
  endloop
endfacet
facet normal -0.000077 0.000177 0.000000
  outer loop
    vertex 0.991683 -1.777275 0.050000
    vertex 0.993458 -1.776501 0.050000
    vertex 0.993458 -1.776501 -0.050000
  endloop
endfacet
facet normal -0.000077 0.000177 0.000000
  outer loop
    vertex 0.991683 -1.777275 0.050000
    vertex 0.993458 -1.776501 -0.050000
    vertex 0.991683 -1.777275 -0.050000
  endloop
endfacet
facet normal -0.000078 0.000177 0.000000
  outer loop
    vertex 0.993458 -1.776501 0.050000
    vertex 0.995231 -1.775725 0.050000
    vertex 0.995231 -1.775725 -0.050000
  endloop
endfacet
facet normal -0.000078 0.000177 0.000000
  outer loop
    vertex 0.993458 -1.776501 0.050000
    vertex 0.995231 -1.775725 -0.050000
    vertex 0.993458 -1.776501 -0.050000
  endloop
endfacet
facet normal -0.000078 0.000177 0.000000
  outer loop
    vertex 0.995231 -1.775725 0.050000
    vertex 0.997003 -1.774947 0.050000
    vertex 0.997003 -1.774947 -0.050000
  endloop
endfacet
facet normal -0.000078 0.000177 0.000000
  outer loop
    vertex 0.995231 -1.775725 0.050000
    vertex 0.997003 -1.774947 -0.050000
    vertex 0.995231 -1.775725 -0.050000
  endloop
endfacet
facet normal -0.000078 0.000177 0.000000
  outer loop
    vertex 0.997003 -1.774947 0.050000
    vertex 0.998775 -1.774167 0.050000
    vertex 0.998775 -1.774167 -0.050000
  endloop
endfacet
facet normal -0.000078 0.000177 0.000000
  outer loop
    vertex 0.997003 -1.774947 0.050000
    vertex 0.998775 -1.774167 -0.050000
    vertex 0.997003 -1.774947 -0.050000
  endloop
endfacet
facet normal -0.000078 0.000177 0.000000
  outer loop
    vertex 0.998775 -1.774167 0.050000
    vertex 1.000545 -1.773386 0.050000
    vertex 1.000545 -1.773386 -0.050000
  endloop
endfacet
facet normal -0.000078 0.000177 0.000000
  outer loop
    vertex 0.998775 -1.774167 0.050000
    vertex 1.000545 -1.773386 -0.050000
    vertex 0.998775 -1.774167 -0.050000
  endloop
endfacet
facet normal -0.000078 0.000177 0.000000
  outer loop
    vertex 1.000545 -1.773386 0.050000
    vertex 1.002314 -1.772602 0.050000
    vertex 1.002314 -1.772602 -0.050000
  endloop
endfacet
facet normal -0.000078 0.000177 0.000000
  outer loop
    vertex 1.000545 -1.773386 0.050000
    vertex 1.002314 -1.772602 -0.050000
    vertex 1.000545 -1.773386 -0.050000
  endloop
endfacet
facet normal -0.000079 0.000177 0.000000
  outer loop
    vertex 1.002314 -1.772602 0.050000
    vertex 1.004082 -1.771817 0.050000
    vertex 1.004082 -1.771817 -0.050000
  endloop
endfacet
facet normal -0.000079 0.000177 0.000000
  outer loop
    vertex 1.002314 -1.772602 0.050000
    vertex 1.004082 -1.771817 -0.050000
    vertex 1.002314 -1.772602 -0.050000
  endloop
endfacet
facet normal -0.000079 0.000177 0.000000
  outer loop
    vertex 1.004082 -1.771817 0.050000
    vertex 1.005849 -1.771029 0.050000
    vertex 1.005849 -1.771029 -0.050000
  endloop
endfacet
facet normal -0.000079 0.000177 0.000000
  outer loop
    vertex 1.004082 -1.771817 0.050000
    vertex 1.005849 -1.771029 -0.050000
    vertex 1.004082 -1.771817 -0.050000
  endloop
endfacet
facet normal -0.000079 0.000177 0.000000
  outer loop
    vertex 1.005849 -1.771029 0.050000
    vertex 1.007614 -1.770240 0.050000
    vertex 1.007614 -1.770240 -0.050000
  endloop
endfacet
facet normal -0.000079 0.000177 0.000000
  outer loop
    vertex 1.005849 -1.771029 0.050000
    vertex 1.007614 -1.770240 -0.050000
    vertex 1.005849 -1.771029 -0.050000
  endloop
endfacet
facet normal -0.000079 0.000176 0.000000
  outer loop
    vertex 1.007614 -1.770240 0.050000
    vertex 1.009379 -1.769448 0.050000
    vertex 1.009379 -1.769448 -0.050000
  endloop
endfacet
facet normal -0.000079 0.000176 0.000000
  outer loop
    vertex 1.007614 -1.770240 0.050000
    vertex 1.009379 -1.769448 -0.050000
    vertex 1.007614 -1.770240 -0.050000
  endloop
endfacet
facet normal -0.000079 0.000176 0.000000
  outer loop
    vertex 1.009379 -1.769448 0.050000
    vertex 1.011142 -1.768655 0.050000
    vertex 1.011142 -1.768655 -0.050000
  endloop
endfacet
facet normal -0.000079 0.000176 0.000000
  outer loop
    vertex 1.009379 -1.769448 0.050000
    vertex 1.011142 -1.768655 -0.050000
    vertex 1.009379 -1.769448 -0.050000
  endloop
endfacet
facet normal -0.000080 0.000176 0.000000
  outer loop
    vertex 1.011142 -1.768655 0.050000
    vertex 1.012904 -1.767859 0.050000
    vertex 1.012904 -1.767859 -0.050000
  endloop
endfacet
facet normal -0.000080 0.000176 0.000000
  outer loop
    vertex 1.011142 -1.768655 0.050000
    vertex 1.012904 -1.767859 -0.050000
    vertex 1.011142 -1.768655 -0.050000
  endloop
endfacet
facet normal -0.000080 0.000176 0.000000
  outer loop
    vertex 1.012904 -1.767859 0.050000
    vertex 1.014665 -1.767061 0.050000
    vertex 1.014665 -1.767061 -0.050000
  endloop
endfacet
facet normal -0.000080 0.000176 0.000000
  outer loop
    vertex 1.012904 -1.767859 0.050000
    vertex 1.014665 -1.767061 -0.050000
    vertex 1.012904 -1.767859 -0.050000
  endloop
endfacet
facet normal -0.000080 0.000176 0.000000
  outer loop
    vertex 1.014665 -1.767061 0.050000
    vertex 1.016425 -1.766261 0.050000
    vertex 1.016425 -1.766261 -0.050000
  endloop
endfacet
facet normal -0.000080 0.000176 0.000000
  outer loop
    vertex 1.014665 -1.767061 0.050000
    vertex 1.016425 -1.766261 -0.050000
    vertex 1.014665 -1.767061 -0.050000
  endloop
endfacet
facet normal -0.000080 0.000176 0.000000
  outer loop
    vertex 1.016425 -1.766261 0.050000
    vertex 1.018183 -1.765459 0.050000
    vertex 1.018183 -1.765459 -0.050000
  endloop
endfacet
facet normal -0.000080 0.000176 0.000000
  outer loop
    vertex 1.016425 -1.766261 0.050000
    vertex 1.018183 -1.765459 -0.050000
    vertex 1.016425 -1.766261 -0.050000
  endloop
endfacet
facet normal -0.000080 0.000176 0.000000
  outer loop
    vertex 1.018183 -1.765459 0.050000
    vertex 1.019940 -1.764655 0.050000
    vertex 1.019940 -1.764655 -0.050000
  endloop
endfacet
facet normal -0.000080 0.000176 0.000000
  outer loop
    vertex 1.018183 -1.765459 0.050000
    vertex 1.019940 -1.764655 -0.050000
    vertex 1.018183 -1.765459 -0.050000
  endloop
endfacet
facet normal -0.000081 0.000176 0.000000
  outer loop
    vertex 1.019940 -1.764655 0.050000
    vertex 1.021696 -1.763849 0.050000
    vertex 1.021696 -1.763849 -0.050000
  endloop
endfacet
facet normal -0.000081 0.000176 0.000000
  outer loop
    vertex 1.019940 -1.764655 0.050000
    vertex 1.021696 -1.763849 -0.050000
    vertex 1.019940 -1.764655 -0.050000
  endloop
endfacet
facet normal -0.000081 0.000175 0.000000
  outer loop
    vertex 1.021696 -1.763849 0.050000
    vertex 1.023451 -1.763040 0.050000
    vertex 1.023451 -1.763040 -0.050000
  endloop
endfacet
facet normal -0.000081 0.000175 0.000000
  outer loop
    vertex 1.021696 -1.763849 0.050000
    vertex 1.023451 -1.763040 -0.050000
    vertex 1.021696 -1.763849 -0.050000
  endloop
endfacet
facet normal -0.000081 0.000175 0.000000
  outer loop
    vertex 1.023451 -1.763040 0.050000
    vertex 1.025204 -1.762229 0.050000
    vertex 1.025204 -1.762229 -0.050000
  endloop
endfacet
facet normal -0.000081 0.000175 0.000000
  outer loop
    vertex 1.023451 -1.763040 0.050000
    vertex 1.025204 -1.762229 -0.050000
    vertex 1.023451 -1.763040 -0.050000
  endloop
endfacet
facet normal -0.000081 0.000175 0.000000
  outer loop
    vertex 1.025204 -1.762229 0.050000
    vertex 1.026956 -1.761416 0.050000
    vertex 1.026956 -1.761416 -0.050000
  endloop
endfacet
facet normal -0.000081 0.000175 0.000000
  outer loop
    vertex 1.025204 -1.762229 0.050000
    vertex 1.026956 -1.761416 -0.050000
    vertex 1.025204 -1.762229 -0.050000
  endloop
endfacet
facet normal -0.000082 0.000175 0.000000
  outer loop
    vertex 1.026956 -1.761416 0.050000
    vertex 1.028707 -1.760600 0.050000
    vertex 1.028707 -1.760600 -0.050000
  endloop
endfacet
facet normal -0.000082 0.000175 0.000000
  outer loop
    vertex 1.026956 -1.761416 0.050000
    vertex 1.028707 -1.760600 -0.050000
    vertex 1.026956 -1.761416 -0.050000
  endloop
endfacet
facet normal -0.000082 0.000175 0.000000
  outer loop
    vertex 1.028707 -1.760600 0.050000
    vertex 1.030456 -1.759782 0.050000
    vertex 1.030456 -1.759782 -0.050000
  endloop
endfacet
facet normal -0.000082 0.000175 0.000000
  outer loop
    vertex 1.028707 -1.760600 0.050000
    vertex 1.030456 -1.759782 -0.050000
    vertex 1.028707 -1.760600 -0.050000
  endloop
endfacet
facet normal -0.000082 0.000175 0.000000
  outer loop
    vertex 1.030456 -1.759782 0.050000
    vertex 1.032204 -1.758962 0.050000
    vertex 1.032204 -1.758962 -0.050000
  endloop
endfacet
facet normal -0.000082 0.000175 0.000000
  outer loop
    vertex 1.030456 -1.759782 0.050000
    vertex 1.032204 -1.758962 -0.050000
    vertex 1.030456 -1.759782 -0.050000
  endloop
endfacet
facet normal -0.000082 0.000175 0.000000
  outer loop
    vertex 1.032204 -1.758962 0.050000
    vertex 1.033950 -1.758139 0.050000
    vertex 1.033950 -1.758139 -0.050000
  endloop
endfacet
facet normal -0.000082 0.000175 0.000000
  outer loop
    vertex 1.032204 -1.758962 0.050000
    vertex 1.033950 -1.758139 -0.050000
    vertex 1.032204 -1.758962 -0.050000
  endloop
endfacet
facet normal -0.000083 0.000175 0.000000
  outer loop
    vertex 1.033950 -1.758139 0.050000
    vertex 1.035695 -1.757314 0.050000
    vertex 1.035695 -1.757314 -0.050000
  endloop
endfacet
facet normal -0.000083 0.000175 0.000000
  outer loop
    vertex 1.033950 -1.758139 0.050000
    vertex 1.035695 -1.757314 -0.050000
    vertex 1.033950 -1.758139 -0.050000
  endloop
endfacet
facet normal -0.000083 0.000174 0.000000
  outer loop
    vertex 1.035695 -1.757314 0.050000
    vertex 1.037439 -1.756487 0.050000
    vertex 1.037439 -1.756487 -0.050000
  endloop
endfacet
facet normal -0.000083 0.000174 0.000000
  outer loop
    vertex 1.035695 -1.757314 0.050000
    vertex 1.037439 -1.756487 -0.050000
    vertex 1.035695 -1.757314 -0.050000
  endloop
endfacet
facet normal -0.000083 0.000174 0.000000
  outer loop
    vertex 1.037439 -1.756487 0.050000
    vertex 1.039181 -1.755657 0.050000
    vertex 1.039181 -1.755657 -0.050000
  endloop
endfacet
facet normal -0.000083 0.000174 0.000000
  outer loop
    vertex 1.037439 -1.756487 0.050000
    vertex 1.039181 -1.755657 -0.050000
    vertex 1.037439 -1.756487 -0.050000
  endloop
endfacet
facet normal -0.000083 0.000174 0.000000
  outer loop
    vertex 1.039181 -1.755657 0.050000
    vertex 1.040922 -1.754824 0.050000
    vertex 1.040922 -1.754824 -0.050000
  endloop
endfacet
facet normal -0.000083 0.000174 0.000000
  outer loop
    vertex 1.039181 -1.755657 0.050000
    vertex 1.040922 -1.754824 -0.050000
    vertex 1.039181 -1.755657 -0.050000
  endloop
endfacet
facet normal -0.000084 0.000174 0.000000
  outer loop
    vertex 1.040922 -1.754824 0.050000
    vertex 1.042661 -1.753989 0.050000
    vertex 1.042661 -1.753989 -0.050000
  endloop
endfacet
facet normal -0.000084 0.000174 0.000000
  outer loop
    vertex 1.040922 -1.754824 0.050000
    vertex 1.042661 -1.753989 -0.050000
    vertex 1.040922 -1.754824 -0.050000
  endloop
endfacet
facet normal -0.000084 0.000174 0.000000
  outer loop
    vertex 1.042661 -1.753989 0.050000
    vertex 1.044399 -1.753151 0.050000
    vertex 1.044399 -1.753151 -0.050000
  endloop
endfacet
facet normal -0.000084 0.000174 0.000000
  outer loop
    vertex 1.042661 -1.753989 0.050000
    vertex 1.044399 -1.753151 -0.050000
    vertex 1.042661 -1.753989 -0.050000
  endloop
endfacet
facet normal -0.000084 0.000174 0.000000
  outer loop
    vertex 1.044399 -1.753151 0.050000
    vertex 1.046135 -1.752310 0.050000
    vertex 1.046135 -1.752310 -0.050000
  endloop
endfacet
facet normal -0.000084 0.000174 0.000000
  outer loop
    vertex 1.044399 -1.753151 0.050000
    vertex 1.046135 -1.752310 -0.050000
    vertex 1.044399 -1.753151 -0.050000
  endloop
endfacet
facet normal -0.000084 0.000173 0.000000
  outer loop
    vertex 1.046135 -1.752310 0.050000
    vertex 1.047870 -1.751467 0.050000
    vertex 1.047870 -1.751467 -0.050000
  endloop
endfacet
facet normal -0.000084 0.000173 0.000000
  outer loop
    vertex 1.046135 -1.752310 0.050000
    vertex 1.047870 -1.751467 -0.050000
    vertex 1.046135 -1.752310 -0.050000
  endloop
endfacet
facet normal -0.000085 0.000173 0.000000
  outer loop
    vertex 1.047870 -1.751467 0.050000
    vertex 1.049603 -1.750621 0.050000
    vertex 1.049603 -1.750621 -0.050000
  endloop
endfacet
facet normal -0.000085 0.000173 0.000000
  outer loop
    vertex 1.047870 -1.751467 0.050000
    vertex 1.049603 -1.750621 -0.050000
    vertex 1.047870 -1.751467 -0.050000
  endloop
endfacet
facet normal -0.000085 0.000173 0.000000
  outer loop
    vertex 1.049603 -1.750621 0.050000
    vertex 1.051335 -1.749773 0.050000
    vertex 1.051335 -1.749773 -0.050000
  endloop
endfacet
facet normal -0.000085 0.000173 0.000000
  outer loop
    vertex 1.049603 -1.750621 0.050000
    vertex 1.051335 -1.749773 -0.050000
    vertex 1.049603 -1.750621 -0.050000
  endloop
endfacet
facet normal -0.000085 0.000173 0.000000
  outer loop
    vertex 1.051335 -1.749773 0.050000
    vertex 1.053064 -1.748921 0.050000
    vertex 1.053064 -1.748921 -0.050000
  endloop
endfacet
facet normal -0.000085 0.000173 0.000000
  outer loop
    vertex 1.051335 -1.749773 0.050000
    vertex 1.053064 -1.748921 -0.050000
    vertex 1.051335 -1.749773 -0.050000
  endloop
endfacet
facet normal -0.000085 0.000173 0.000000
  outer loop
    vertex 1.053064 -1.748921 0.050000
    vertex 1.054793 -1.748067 0.050000
    vertex 1.054793 -1.748067 -0.050000
  endloop
endfacet
facet normal -0.000085 0.000173 0.000000
  outer loop
    vertex 1.053064 -1.748921 0.050000
    vertex 1.054793 -1.748067 -0.050000
    vertex 1.053064 -1.748921 -0.050000
  endloop
endfacet
facet normal -0.000086 0.000173 0.000000
  outer loop
    vertex 1.054793 -1.748067 0.050000
    vertex 1.056519 -1.747210 0.050000
    vertex 1.056519 -1.747210 -0.050000
  endloop
endfacet
facet normal -0.000086 0.000173 0.000000
  outer loop
    vertex 1.054793 -1.748067 0.050000
    vertex 1.056519 -1.747210 -0.050000
    vertex 1.054793 -1.748067 -0.050000
  endloop
endfacet
facet normal -0.000086 0.000172 0.000000
  outer loop
    vertex 1.056519 -1.747210 0.050000
    vertex 1.058244 -1.746350 0.050000
    vertex 1.058244 -1.746350 -0.050000
  endloop
endfacet
facet normal -0.000086 0.000172 0.000000
  outer loop
    vertex 1.056519 -1.747210 0.050000
    vertex 1.058244 -1.746350 -0.050000
    vertex 1.056519 -1.747210 -0.050000
  endloop
endfacet
facet normal -0.000086 0.000172 0.000000
  outer loop
    vertex 1.058244 -1.746350 0.050000
    vertex 1.059967 -1.745487 0.050000
    vertex 1.059967 -1.745487 -0.050000
  endloop
endfacet
facet normal -0.000086 0.000172 0.000000
  outer loop
    vertex 1.058244 -1.746350 0.050000
    vertex 1.059967 -1.745487 -0.050000
    vertex 1.058244 -1.746350 -0.050000
  endloop
endfacet
facet normal -0.000087 0.000172 0.000000
  outer loop
    vertex 1.059967 -1.745487 0.050000
    vertex 1.061689 -1.744621 0.050000
    vertex 1.061689 -1.744621 -0.050000
  endloop
endfacet
facet normal -0.000087 0.000172 0.000000
  outer loop
    vertex 1.059967 -1.745487 0.050000
    vertex 1.061689 -1.744621 -0.050000
    vertex 1.059967 -1.745487 -0.050000
  endloop
endfacet
facet normal -0.000087 0.000172 0.000000
  outer loop
    vertex 1.061689 -1.744621 0.050000
    vertex 1.063409 -1.743752 0.050000
    vertex 1.063409 -1.743752 -0.050000
  endloop
endfacet
facet normal -0.000087 0.000172 0.000000
  outer loop
    vertex 1.061689 -1.744621 0.050000
    vertex 1.063409 -1.743752 -0.050000
    vertex 1.061689 -1.744621 -0.050000
  endloop
endfacet
facet normal -0.000087 0.000172 0.000000
  outer loop
    vertex 1.063409 -1.743752 0.050000
    vertex 1.065127 -1.742880 0.050000
    vertex 1.065127 -1.742880 -0.050000
  endloop
endfacet
facet normal -0.000087 0.000172 0.000000
  outer loop
    vertex 1.063409 -1.743752 0.050000
    vertex 1.065127 -1.742880 -0.050000
    vertex 1.063409 -1.743752 -0.050000
  endloop
endfacet
facet normal -0.000088 0.000172 0.000000
  outer loop
    vertex 1.065127 -1.742880 0.050000
    vertex 1.066843 -1.742005 0.050000
    vertex 1.066843 -1.742005 -0.050000
  endloop
endfacet
facet normal -0.000088 0.000172 0.000000
  outer loop
    vertex 1.065127 -1.742880 0.050000
    vertex 1.066843 -1.742005 -0.050000
    vertex 1.065127 -1.742880 -0.050000
  endloop
endfacet
facet normal -0.000088 0.000171 0.000000
  outer loop
    vertex 1.066843 -1.742005 0.050000
    vertex 1.068557 -1.741126 0.050000
    vertex 1.068557 -1.741126 -0.050000
  endloop
endfacet
facet normal -0.000088 0.000171 0.000000
  outer loop
    vertex 1.066843 -1.742005 0.050000
    vertex 1.068557 -1.741126 -0.050000
    vertex 1.066843 -1.742005 -0.050000
  endloop
endfacet
facet normal -0.000088 0.000171 0.000000
  outer loop
    vertex 1.068557 -1.741126 0.050000
    vertex 1.070269 -1.740245 0.050000
    vertex 1.070269 -1.740245 -0.050000
  endloop
endfacet
facet normal -0.000088 0.000171 0.000000
  outer loop
    vertex 1.068557 -1.741126 0.050000
    vertex 1.070269 -1.740245 -0.050000
    vertex 1.068557 -1.741126 -0.050000
  endloop
endfacet
facet normal -0.000089 0.000171 0.000000
  outer loop
    vertex 1.070269 -1.740245 0.050000
    vertex 1.071980 -1.739359 0.050000
    vertex 1.071980 -1.739359 -0.050000
  endloop
endfacet
facet normal -0.000089 0.000171 0.000000
  outer loop
    vertex 1.070269 -1.740245 0.050000
    vertex 1.071980 -1.739359 -0.050000
    vertex 1.070269 -1.740245 -0.050000
  endloop
endfacet
facet normal -0.000089 0.000171 0.000000
  outer loop
    vertex 1.071980 -1.739359 0.050000
    vertex 1.073689 -1.738471 0.050000
    vertex 1.073689 -1.738471 -0.050000
  endloop
endfacet
facet normal -0.000089 0.000171 0.000000
  outer loop
    vertex 1.071980 -1.739359 0.050000
    vertex 1.073689 -1.738471 -0.050000
    vertex 1.071980 -1.739359 -0.050000
  endloop
endfacet
facet normal -0.000089 0.000171 0.000000
  outer loop
    vertex 1.073689 -1.738471 0.050000
    vertex 1.075395 -1.737580 0.050000
    vertex 1.075395 -1.737580 -0.050000
  endloop
endfacet
facet normal -0.000089 0.000171 0.000000
  outer loop
    vertex 1.073689 -1.738471 0.050000
    vertex 1.075395 -1.737580 -0.050000
    vertex 1.073689 -1.738471 -0.050000
  endloop
endfacet
facet normal -0.000090 0.000170 0.000000
  outer loop
    vertex 1.075395 -1.737580 0.050000
    vertex 1.077100 -1.736685 0.050000
    vertex 1.077100 -1.736685 -0.050000
  endloop
endfacet
facet normal -0.000090 0.000170 0.000000
  outer loop
    vertex 1.075395 -1.737580 0.050000
    vertex 1.077100 -1.736685 -0.050000
    vertex 1.075395 -1.737580 -0.050000
  endloop
endfacet
facet normal -0.000090 0.000170 0.000000
  outer loop
    vertex 1.077100 -1.736685 0.050000
    vertex 1.078803 -1.735786 0.050000
    vertex 1.078803 -1.735786 -0.050000
  endloop
endfacet
facet normal -0.000090 0.000170 0.000000
  outer loop
    vertex 1.077100 -1.736685 0.050000
    vertex 1.078803 -1.735786 -0.050000
    vertex 1.077100 -1.736685 -0.050000
  endloop
endfacet
facet normal -0.000090 0.000170 0.000000
  outer loop
    vertex 1.078803 -1.735786 0.050000
    vertex 1.080503 -1.734884 0.050000
    vertex 1.080503 -1.734884 -0.050000
  endloop
endfacet
facet normal -0.000090 0.000170 0.000000
  outer loop
    vertex 1.078803 -1.735786 0.050000
    vertex 1.080503 -1.734884 -0.050000
    vertex 1.078803 -1.735786 -0.050000
  endloop
endfacet
facet normal -0.000091 0.000170 0.000000
  outer loop
    vertex 1.080503 -1.734884 0.050000
    vertex 1.082202 -1.733979 0.050000
    vertex 1.082202 -1.733979 -0.050000
  endloop
endfacet
facet normal -0.000091 0.000170 0.000000
  outer loop
    vertex 1.080503 -1.734884 0.050000
    vertex 1.082202 -1.733979 -0.050000
    vertex 1.080503 -1.734884 -0.050000
  endloop
endfacet
facet normal -0.000091 0.000170 0.000000
  outer loop
    vertex 1.082202 -1.733979 0.050000
    vertex 1.083899 -1.733069 0.050000
    vertex 1.083899 -1.733069 -0.050000
  endloop
endfacet
facet normal -0.000091 0.000170 0.000000
  outer loop
    vertex 1.082202 -1.733979 0.050000
    vertex 1.083899 -1.733069 -0.050000
    vertex 1.082202 -1.733979 -0.050000
  endloop
endfacet
facet normal -0.000091 0.000169 0.000000
  outer loop
    vertex 1.083899 -1.733069 0.050000
    vertex 1.085593 -1.732156 0.050000
    vertex 1.085593 -1.732156 -0.050000
  endloop
endfacet
facet normal -0.000091 0.000169 0.000000
  outer loop
    vertex 1.083899 -1.733069 0.050000
    vertex 1.085593 -1.732156 -0.050000
    vertex 1.083899 -1.733069 -0.050000
  endloop
endfacet
facet normal -0.000092 0.000169 0.000000
  outer loop
    vertex 1.085593 -1.732156 0.050000
    vertex 1.087285 -1.731240 0.050000
    vertex 1.087285 -1.731240 -0.050000
  endloop
endfacet
facet normal -0.000092 0.000169 0.000000
  outer loop
    vertex 1.085593 -1.732156 0.050000
    vertex 1.087285 -1.731240 -0.050000
    vertex 1.085593 -1.732156 -0.050000
  endloop
endfacet
facet normal -0.000092 0.000169 0.000000
  outer loop
    vertex 1.087285 -1.731240 0.050000
    vertex 1.088975 -1.730319 0.050000
    vertex 1.088975 -1.730319 -0.050000
  endloop
endfacet
facet normal -0.000092 0.000169 0.000000
  outer loop
    vertex 1.087285 -1.731240 0.050000
    vertex 1.088975 -1.730319 -0.050000
    vertex 1.087285 -1.731240 -0.050000
  endloop
endfacet
facet normal -0.000092 0.000169 0.000000
  outer loop
    vertex 1.088975 -1.730319 0.050000
    vertex 1.090663 -1.729395 0.050000
    vertex 1.090663 -1.729395 -0.050000
  endloop
endfacet
facet normal -0.000092 0.000169 0.000000
  outer loop
    vertex 1.088975 -1.730319 0.050000
    vertex 1.090663 -1.729395 -0.050000
    vertex 1.088975 -1.730319 -0.050000
  endloop
endfacet
facet normal -0.000093 0.000169 0.000000
  outer loop
    vertex 1.090663 -1.729395 0.050000
    vertex 1.092348 -1.728466 0.050000
    vertex 1.092348 -1.728466 -0.050000
  endloop
endfacet
facet normal -0.000093 0.000169 0.000000
  outer loop
    vertex 1.090663 -1.729395 0.050000
    vertex 1.092348 -1.728466 -0.050000
    vertex 1.090663 -1.729395 -0.050000
  endloop
endfacet
facet normal -0.000093 0.000168 0.000000
  outer loop
    vertex 1.092348 -1.728466 0.050000
    vertex 1.094032 -1.727534 0.050000
    vertex 1.094032 -1.727534 -0.050000
  endloop
endfacet
facet normal -0.000093 0.000168 0.000000
  outer loop
    vertex 1.092348 -1.728466 0.050000
    vertex 1.094032 -1.727534 -0.050000
    vertex 1.092348 -1.728466 -0.050000
  endloop
endfacet
facet normal -0.000094 0.000168 0.000000
  outer loop
    vertex 1.094032 -1.727534 0.050000
    vertex 1.095713 -1.726598 0.050000
    vertex 1.095713 -1.726598 -0.050000
  endloop
endfacet
facet normal -0.000094 0.000168 0.000000
  outer loop
    vertex 1.094032 -1.727534 0.050000
    vertex 1.095713 -1.726598 -0.050000
    vertex 1.094032 -1.727534 -0.050000
  endloop
endfacet
facet normal -0.000094 0.000168 0.000000
  outer loop
    vertex 1.095713 -1.726598 0.050000
    vertex 1.097391 -1.725657 0.050000
    vertex 1.097391 -1.725657 -0.050000
  endloop
endfacet
facet normal -0.000094 0.000168 0.000000
  outer loop
    vertex 1.095713 -1.726598 0.050000
    vertex 1.097391 -1.725657 -0.050000
    vertex 1.095713 -1.726598 -0.050000
  endloop
endfacet
facet normal -0.000094 0.000168 0.000000
  outer loop
    vertex 1.097391 -1.725657 0.050000
    vertex 1.099067 -1.724712 0.050000
    vertex 1.099067 -1.724712 -0.050000
  endloop
endfacet
facet normal -0.000094 0.000168 0.000000
  outer loop
    vertex 1.097391 -1.725657 0.050000
    vertex 1.099067 -1.724712 -0.050000
    vertex 1.097391 -1.725657 -0.050000
  endloop
endfacet
facet normal -0.000095 0.000167 0.000000
  outer loop
    vertex 1.099067 -1.724712 0.050000
    vertex 1.100741 -1.723763 0.050000
    vertex 1.100741 -1.723763 -0.050000
  endloop
endfacet
facet normal -0.000095 0.000167 0.000000
  outer loop
    vertex 1.099067 -1.724712 0.050000
    vertex 1.100741 -1.723763 -0.050000
    vertex 1.099067 -1.724712 -0.050000
  endloop
endfacet
facet normal -0.000095 0.000167 0.000000
  outer loop
    vertex 1.100741 -1.723763 0.050000
    vertex 1.102412 -1.722810 0.050000
    vertex 1.102412 -1.722810 -0.050000
  endloop
endfacet
facet normal -0.000095 0.000167 0.000000
  outer loop
    vertex 1.100741 -1.723763 0.050000
    vertex 1.102412 -1.722810 -0.050000
    vertex 1.100741 -1.723763 -0.050000
  endloop
endfacet
facet normal -0.000096 0.000167 0.000000
  outer loop
    vertex 1.102412 -1.722810 0.050000
    vertex 1.104080 -1.721852 0.050000
    vertex 1.104080 -1.721852 -0.050000
  endloop
endfacet
facet normal -0.000096 0.000167 0.000000
  outer loop
    vertex 1.102412 -1.722810 0.050000
    vertex 1.104080 -1.721852 -0.050000
    vertex 1.102412 -1.722810 -0.050000
  endloop
endfacet
facet normal -0.000096 0.000167 0.000000
  outer loop
    vertex 1.104080 -1.721852 0.050000
    vertex 1.105746 -1.720890 0.050000
    vertex 1.105746 -1.720890 -0.050000
  endloop
endfacet
facet normal -0.000096 0.000167 0.000000
  outer loop
    vertex 1.104080 -1.721852 0.050000
    vertex 1.105746 -1.720890 -0.050000
    vertex 1.104080 -1.721852 -0.050000
  endloop
endfacet
facet normal -0.000097 0.000166 0.000000
  outer loop
    vertex 1.105746 -1.720890 0.050000
    vertex 1.107409 -1.719923 0.050000
    vertex 1.107409 -1.719923 -0.050000
  endloop
endfacet
facet normal -0.000097 0.000166 0.000000
  outer loop
    vertex 1.105746 -1.720890 0.050000
    vertex 1.107409 -1.719923 -0.050000
    vertex 1.105746 -1.720890 -0.050000
  endloop
endfacet
facet normal -0.000097 0.000166 0.000000
  outer loop
    vertex 1.107409 -1.719923 0.050000
    vertex 1.109070 -1.718952 0.050000
    vertex 1.109070 -1.718952 -0.050000
  endloop
endfacet
facet normal -0.000097 0.000166 0.000000
  outer loop
    vertex 1.107409 -1.719923 0.050000
    vertex 1.109070 -1.718952 -0.050000
    vertex 1.107409 -1.719923 -0.050000
  endloop
endfacet
facet normal -0.000098 0.000166 0.000000
  outer loop
    vertex 1.109070 -1.718952 0.050000
    vertex 1.110728 -1.717975 0.050000
    vertex 1.110728 -1.717975 -0.050000
  endloop
endfacet
facet normal -0.000098 0.000166 0.000000
  outer loop
    vertex 1.109070 -1.718952 0.050000
    vertex 1.110728 -1.717975 -0.050000
    vertex 1.109070 -1.718952 -0.050000
  endloop
endfacet
facet normal -0.000098 0.000166 0.000000
  outer loop
    vertex 1.110728 -1.717975 0.050000
    vertex 1.112383 -1.716995 0.050000
    vertex 1.112383 -1.716995 -0.050000
  endloop
endfacet
facet normal -0.000098 0.000166 0.000000
  outer loop
    vertex 1.110728 -1.717975 0.050000
    vertex 1.112383 -1.716995 -0.050000
    vertex 1.110728 -1.717975 -0.050000
  endloop
endfacet
facet normal -0.000099 0.000165 0.000000
  outer loop
    vertex 1.112383 -1.716995 0.050000
    vertex 1.114035 -1.716009 0.050000
    vertex 1.114035 -1.716009 -0.050000
  endloop
endfacet
facet normal -0.000099 0.000165 0.000000
  outer loop
    vertex 1.112383 -1.716995 0.050000
    vertex 1.114035 -1.716009 -0.050000
    vertex 1.112383 -1.716995 -0.050000
  endloop
endfacet
facet normal -0.000099 0.000165 0.000000
  outer loop
    vertex 1.114035 -1.716009 0.050000
    vertex 1.115684 -1.715018 0.050000
    vertex 1.115684 -1.715018 -0.050000
  endloop
endfacet
facet normal -0.000099 0.000165 0.000000
  outer loop
    vertex 1.114035 -1.716009 0.050000
    vertex 1.115684 -1.715018 -0.050000
    vertex 1.114035 -1.716009 -0.050000
  endloop
endfacet
facet normal -0.000100 0.000165 0.000000
  outer loop
    vertex 1.115684 -1.715018 0.050000
    vertex 1.117331 -1.714022 0.050000
    vertex 1.117331 -1.714022 -0.050000
  endloop
endfacet
facet normal -0.000100 0.000165 0.000000
  outer loop
    vertex 1.115684 -1.715018 0.050000
    vertex 1.117331 -1.714022 -0.050000
    vertex 1.115684 -1.715018 -0.050000
  endloop
endfacet
facet normal -0.000100 0.000164 0.000000
  outer loop
    vertex 1.117331 -1.714022 0.050000
    vertex 1.118974 -1.713020 0.050000
    vertex 1.118974 -1.713020 -0.050000
  endloop
endfacet
facet normal -0.000100 0.000164 0.000000
  outer loop
    vertex 1.117331 -1.714022 0.050000
    vertex 1.118974 -1.713020 -0.050000
    vertex 1.117331 -1.714022 -0.050000
  endloop
endfacet
facet normal -0.000101 0.000164 0.000000
  outer loop
    vertex 1.118974 -1.713020 0.050000
    vertex 1.120615 -1.712014 0.050000
    vertex 1.120615 -1.712014 -0.050000
  endloop
endfacet
facet normal -0.000101 0.000164 0.000000
  outer loop
    vertex 1.118974 -1.713020 0.050000
    vertex 1.120615 -1.712014 -0.050000
    vertex 1.118974 -1.713020 -0.050000
  endloop
endfacet
facet normal -0.000101 0.000164 0.000000
  outer loop
    vertex 1.120615 -1.712014 0.050000
    vertex 1.122252 -1.711002 0.050000
    vertex 1.122252 -1.711002 -0.050000
  endloop
endfacet
facet normal -0.000101 0.000164 0.000000
  outer loop
    vertex 1.120615 -1.712014 0.050000
    vertex 1.122252 -1.711002 -0.050000
    vertex 1.120615 -1.712014 -0.050000
  endloop
endfacet
facet normal -0.000102 0.000163 0.000000
  outer loop
    vertex 1.122252 -1.711002 0.050000
    vertex 1.123886 -1.709985 0.050000
    vertex 1.123886 -1.709985 -0.050000
  endloop
endfacet
facet normal -0.000102 0.000163 0.000000
  outer loop
    vertex 1.122252 -1.711002 0.050000
    vertex 1.123886 -1.709985 -0.050000
    vertex 1.122252 -1.711002 -0.050000
  endloop
endfacet
facet normal -0.000102 0.000163 0.000000
  outer loop
    vertex 1.123886 -1.709985 0.050000
    vertex 1.125517 -1.708962 0.050000
    vertex 1.125517 -1.708962 -0.050000
  endloop
endfacet
facet normal -0.000102 0.000163 0.000000
  outer loop
    vertex 1.123886 -1.709985 0.050000
    vertex 1.125517 -1.708962 -0.050000
    vertex 1.123886 -1.709985 -0.050000
  endloop
endfacet
facet normal -0.000103 0.000163 0.000000
  outer loop
    vertex 1.125517 -1.708962 0.050000
    vertex 1.127144 -1.707933 0.050000
    vertex 1.127144 -1.707933 -0.050000
  endloop
endfacet
facet normal -0.000103 0.000163 0.000000
  outer loop
    vertex 1.125517 -1.708962 0.050000
    vertex 1.127144 -1.707933 -0.050000
    vertex 1.125517 -1.708962 -0.050000
  endloop
endfacet
facet normal -0.000103 0.000162 0.000000
  outer loop
    vertex 1.127144 -1.707933 0.050000
    vertex 1.128768 -1.706898 0.050000
    vertex 1.128768 -1.706898 -0.050000
  endloop
endfacet
facet normal -0.000103 0.000162 0.000000
  outer loop
    vertex 1.127144 -1.707933 0.050000
    vertex 1.128768 -1.706898 -0.050000
    vertex 1.127144 -1.707933 -0.050000
  endloop
endfacet
facet normal -0.000104 0.000162 0.000000
  outer loop
    vertex 1.128768 -1.706898 0.050000
    vertex 1.130389 -1.705858 0.050000
    vertex 1.130389 -1.705858 -0.050000
  endloop
endfacet
facet normal -0.000104 0.000162 0.000000
  outer loop
    vertex 1.128768 -1.706898 0.050000
    vertex 1.130389 -1.705858 -0.050000
    vertex 1.128768 -1.706898 -0.050000
  endloop
endfacet
facet normal -0.000105 0.000162 0.000000
  outer loop
    vertex 1.130389 -1.705858 0.050000
    vertex 1.132007 -1.704811 0.050000
    vertex 1.132007 -1.704811 -0.050000
  endloop
endfacet
facet normal -0.000105 0.000162 0.000000
  outer loop
    vertex 1.130389 -1.705858 0.050000
    vertex 1.132007 -1.704811 -0.050000
    vertex 1.130389 -1.705858 -0.050000
  endloop
endfacet
facet normal -0.000105 0.000161 0.000000
  outer loop
    vertex 1.132007 -1.704811 0.050000
    vertex 1.133620 -1.703759 0.050000
    vertex 1.133620 -1.703759 -0.050000
  endloop
endfacet
facet normal -0.000105 0.000161 0.000000
  outer loop
    vertex 1.132007 -1.704811 0.050000
    vertex 1.133620 -1.703759 -0.050000
    vertex 1.132007 -1.704811 -0.050000
  endloop
endfacet
facet normal -0.000106 0.000161 0.000000
  outer loop
    vertex 1.133620 -1.703759 0.050000
    vertex 1.135230 -1.702700 0.050000
    vertex 1.135230 -1.702700 -0.050000
  endloop
endfacet
facet normal -0.000106 0.000161 0.000000
  outer loop
    vertex 1.133620 -1.703759 0.050000
    vertex 1.135230 -1.702700 -0.050000
    vertex 1.133620 -1.703759 -0.050000
  endloop
endfacet
facet normal -0.000107 0.000161 0.000000
  outer loop
    vertex 1.135230 -1.702700 0.050000
    vertex 1.136837 -1.701634 0.050000
    vertex 1.136837 -1.701634 -0.050000
  endloop
endfacet
facet normal -0.000107 0.000161 0.000000
  outer loop
    vertex 1.135230 -1.702700 0.050000
    vertex 1.136837 -1.701634 -0.050000
    vertex 1.135230 -1.702700 -0.050000
  endloop
endfacet
facet normal -0.000107 0.000160 0.000000
  outer loop
    vertex 1.136837 -1.701634 0.050000
    vertex 1.138439 -1.700562 0.050000
    vertex 1.138439 -1.700562 -0.050000
  endloop
endfacet
facet normal -0.000107 0.000160 0.000000
  outer loop
    vertex 1.136837 -1.701634 0.050000
    vertex 1.138439 -1.700562 -0.050000
    vertex 1.136837 -1.701634 -0.050000
  endloop
endfacet
facet normal -0.000108 0.000160 0.000000
  outer loop
    vertex 1.138439 -1.700562 0.050000
    vertex 1.140038 -1.699483 0.050000
    vertex 1.140038 -1.699483 -0.050000
  endloop
endfacet
facet normal -0.000108 0.000160 0.000000
  outer loop
    vertex 1.138439 -1.700562 0.050000
    vertex 1.140038 -1.699483 -0.050000
    vertex 1.138439 -1.700562 -0.050000
  endloop
endfacet
facet normal -0.000109 0.000159 0.000000
  outer loop
    vertex 1.140038 -1.699483 0.050000
    vertex 1.141632 -1.698398 0.050000
    vertex 1.141632 -1.698398 -0.050000
  endloop
endfacet
facet normal -0.000109 0.000159 0.000000
  outer loop
    vertex 1.140038 -1.699483 0.050000
    vertex 1.141632 -1.698398 -0.050000
    vertex 1.140038 -1.699483 -0.050000
  endloop
endfacet
facet normal -0.000109 0.000159 0.000000
  outer loop
    vertex 1.141632 -1.698398 0.050000
    vertex 1.143223 -1.697305 0.050000
    vertex 1.143223 -1.697305 -0.050000
  endloop
endfacet
facet normal -0.000109 0.000159 0.000000
  outer loop
    vertex 1.141632 -1.698398 0.050000
    vertex 1.143223 -1.697305 -0.050000
    vertex 1.141632 -1.698398 -0.050000
  endloop
endfacet
facet normal -0.000110 0.000159 0.000000
  outer loop
    vertex 1.143223 -1.697305 0.050000
    vertex 1.144809 -1.696205 0.050000
    vertex 1.144809 -1.696205 -0.050000
  endloop
endfacet
facet normal -0.000110 0.000159 0.000000
  outer loop
    vertex 1.143223 -1.697305 0.050000
    vertex 1.144809 -1.696205 -0.050000
    vertex 1.143223 -1.697305 -0.050000
  endloop
endfacet
facet normal -0.000111 0.000158 0.000000
  outer loop
    vertex 1.144809 -1.696205 0.050000
    vertex 1.146391 -1.695097 0.050000
    vertex 1.146391 -1.695097 -0.050000
  endloop
endfacet
facet normal -0.000111 0.000158 0.000000
  outer loop
    vertex 1.144809 -1.696205 0.050000
    vertex 1.146391 -1.695097 -0.050000
    vertex 1.144809 -1.696205 -0.050000
  endloop
endfacet
facet normal -0.000111 0.000158 0.000000
  outer loop
    vertex 1.146391 -1.695097 0.050000
    vertex 1.147969 -1.693982 0.050000
    vertex 1.147969 -1.693982 -0.050000
  endloop
endfacet
facet normal -0.000111 0.000158 0.000000
  outer loop
    vertex 1.146391 -1.695097 0.050000
    vertex 1.147969 -1.693982 -0.050000
    vertex 1.146391 -1.695097 -0.050000
  endloop
endfacet
facet normal -0.000112 0.000157 0.000000
  outer loop
    vertex 1.147969 -1.693982 0.050000
    vertex 1.149542 -1.692860 0.050000
    vertex 1.149542 -1.692860 -0.050000
  endloop
endfacet
facet normal -0.000112 0.000157 0.000000
  outer loop
    vertex 1.147969 -1.693982 0.050000
    vertex 1.149542 -1.692860 -0.050000
    vertex 1.147969 -1.693982 -0.050000
  endloop
endfacet
facet normal -0.000113 0.000157 0.000000
  outer loop
    vertex 1.149542 -1.692860 0.050000
    vertex 1.151111 -1.691729 0.050000
    vertex 1.151111 -1.691729 -0.050000
  endloop
endfacet
facet normal -0.000113 0.000157 0.000000
  outer loop
    vertex 1.149542 -1.692860 0.050000
    vertex 1.151111 -1.691729 -0.050000
    vertex 1.149542 -1.692860 -0.050000
  endloop
endfacet
facet normal -0.000114 0.000156 0.000000
  outer loop
    vertex 1.151111 -1.691729 0.050000
    vertex 1.152675 -1.690590 0.050000
    vertex 1.152675 -1.690590 -0.050000
  endloop
endfacet
facet normal -0.000114 0.000156 0.000000
  outer loop
    vertex 1.151111 -1.691729 0.050000
    vertex 1.152675 -1.690590 -0.050000
    vertex 1.151111 -1.691729 -0.050000
  endloop
endfacet
facet normal -0.000115 0.000156 0.000000
  outer loop
    vertex 1.152675 -1.690590 0.050000
    vertex 1.154234 -1.689443 0.050000
    vertex 1.154234 -1.689443 -0.050000
  endloop
endfacet
facet normal -0.000115 0.000156 0.000000
  outer loop
    vertex 1.152675 -1.690590 0.050000
    vertex 1.154234 -1.689443 -0.050000
    vertex 1.152675 -1.690590 -0.050000
  endloop
endfacet
facet normal -0.000116 0.000155 0.000000
  outer loop
    vertex 1.154234 -1.689443 0.050000
    vertex 1.155788 -1.688287 0.050000
    vertex 1.155788 -1.688287 -0.050000
  endloop
endfacet
facet normal -0.000116 0.000155 0.000000
  outer loop
    vertex 1.154234 -1.689443 0.050000
    vertex 1.155788 -1.688287 -0.050000
    vertex 1.154234 -1.689443 -0.050000
  endloop
endfacet
facet normal -0.000116 0.000155 0.000000
  outer loop
    vertex 1.155788 -1.688287 0.050000
    vertex 1.157337 -1.687122 0.050000
    vertex 1.157337 -1.687122 -0.050000
  endloop
endfacet
facet normal -0.000116 0.000155 0.000000
  outer loop
    vertex 1.155788 -1.688287 0.050000
    vertex 1.157337 -1.687122 -0.050000
    vertex 1.155788 -1.688287 -0.050000
  endloop
endfacet
facet normal -0.000117 0.000154 0.000000
  outer loop
    vertex 1.157337 -1.687122 0.050000
    vertex 1.158881 -1.685948 0.050000
    vertex 1.158881 -1.685948 -0.050000
  endloop
endfacet
facet normal -0.000117 0.000154 0.000000
  outer loop
    vertex 1.157337 -1.687122 0.050000
    vertex 1.158881 -1.685948 -0.050000
    vertex 1.157337 -1.687122 -0.050000
  endloop
endfacet
facet normal -0.000118 0.000154 0.000000
  outer loop
    vertex 1.158881 -1.685948 0.050000
    vertex 1.160419 -1.684765 0.050000
    vertex 1.160419 -1.684765 -0.050000
  endloop
endfacet
facet normal -0.000118 0.000154 0.000000
  outer loop
    vertex 1.158881 -1.685948 0.050000
    vertex 1.160419 -1.684765 -0.050000
    vertex 1.158881 -1.685948 -0.050000
  endloop
endfacet
facet normal -0.000119 0.000153 0.000000
  outer loop
    vertex 1.160419 -1.684765 0.050000
    vertex 1.161952 -1.683572 0.050000
    vertex 1.161952 -1.683572 -0.050000
  endloop
endfacet
facet normal -0.000119 0.000153 0.000000
  outer loop
    vertex 1.160419 -1.684765 0.050000
    vertex 1.161952 -1.683572 -0.050000
    vertex 1.160419 -1.684765 -0.050000
  endloop
endfacet
facet normal -0.000120 0.000153 0.000000
  outer loop
    vertex 1.161952 -1.683572 0.050000
    vertex 1.163479 -1.682369 0.050000
    vertex 1.163479 -1.682369 -0.050000
  endloop
endfacet
facet normal -0.000120 0.000153 0.000000
  outer loop
    vertex 1.161952 -1.683572 0.050000
    vertex 1.163479 -1.682369 -0.050000
    vertex 1.161952 -1.683572 -0.050000
  endloop
endfacet
facet normal -0.000121 0.000152 0.000000
  outer loop
    vertex 1.163479 -1.682369 0.050000
    vertex 1.165000 -1.681156 0.050000
    vertex 1.165000 -1.681156 -0.050000
  endloop
endfacet
facet normal -0.000121 0.000152 0.000000
  outer loop
    vertex 1.163479 -1.682369 0.050000
    vertex 1.165000 -1.681156 -0.050000
    vertex 1.163479 -1.682369 -0.050000
  endloop
endfacet
facet normal -0.000122 0.000151 0.000000
  outer loop
    vertex 1.165000 -1.681156 0.050000
    vertex 1.166515 -1.679932 0.050000
    vertex 1.166515 -1.679932 -0.050000
  endloop
endfacet
facet normal -0.000122 0.000151 0.000000
  outer loop
    vertex 1.165000 -1.681156 0.050000
    vertex 1.166515 -1.679932 -0.050000
    vertex 1.165000 -1.681156 -0.050000
  endloop
endfacet
facet normal -0.000123 0.000151 0.000000
  outer loop
    vertex 1.166515 -1.679932 0.050000
    vertex 1.168023 -1.678697 0.050000
    vertex 1.168023 -1.678697 -0.050000
  endloop
endfacet
facet normal -0.000123 0.000151 0.000000
  outer loop
    vertex 1.166515 -1.679932 0.050000
    vertex 1.168023 -1.678697 -0.050000
    vertex 1.166515 -1.679932 -0.050000
  endloop
endfacet
facet normal -0.000125 0.000150 0.000000
  outer loop
    vertex 1.168023 -1.678697 0.050000
    vertex 1.169525 -1.677451 0.050000
    vertex 1.169525 -1.677451 -0.050000
  endloop
endfacet
facet normal -0.000125 0.000150 0.000000
  outer loop
    vertex 1.168023 -1.678697 0.050000
    vertex 1.169525 -1.677451 -0.050000
    vertex 1.168023 -1.678697 -0.050000
  endloop
endfacet
facet normal -0.000126 0.000150 0.000000
  outer loop
    vertex 1.169525 -1.677451 0.050000
    vertex 1.171020 -1.676193 0.050000
    vertex 1.171020 -1.676193 -0.050000
  endloop
endfacet
facet normal -0.000126 0.000150 0.000000
  outer loop
    vertex 1.169525 -1.677451 0.050000
    vertex 1.171020 -1.676193 -0.050000
    vertex 1.169525 -1.677451 -0.050000
  endloop
endfacet
facet normal -0.000127 0.000149 0.000000
  outer loop
    vertex 1.171020 -1.676193 0.050000
    vertex 1.172509 -1.674923 0.050000
    vertex 1.172509 -1.674923 -0.050000
  endloop
endfacet
facet normal -0.000127 0.000149 0.000000
  outer loop
    vertex 1.171020 -1.676193 0.050000
    vertex 1.172509 -1.674923 -0.050000
    vertex 1.171020 -1.676193 -0.050000
  endloop
endfacet
facet normal -0.000128 0.000148 0.000000
  outer loop
    vertex 1.172509 -1.674923 0.050000
    vertex 1.173990 -1.673640 0.050000
    vertex 1.173990 -1.673640 -0.050000
  endloop
endfacet
facet normal -0.000128 0.000148 0.000000
  outer loop
    vertex 1.172509 -1.674923 0.050000
    vertex 1.173990 -1.673640 -0.050000
    vertex 1.172509 -1.674923 -0.050000
  endloop
endfacet
facet normal -0.000130 0.000147 0.000000
  outer loop
    vertex 1.173990 -1.673640 0.050000
    vertex 1.175463 -1.672344 0.050000
    vertex 1.175463 -1.672344 -0.050000
  endloop
endfacet
facet normal -0.000130 0.000147 0.000000
  outer loop
    vertex 1.173990 -1.673640 0.050000
    vertex 1.175463 -1.672344 -0.050000
    vertex 1.173990 -1.673640 -0.050000
  endloop
endfacet
facet normal -0.000131 0.000147 0.000000
  outer loop
    vertex 1.175463 -1.672344 0.050000
    vertex 1.176928 -1.671035 0.050000
    vertex 1.176928 -1.671035 -0.050000
  endloop
endfacet
facet normal -0.000131 0.000147 0.000000
  outer loop
    vertex 1.175463 -1.672344 0.050000
    vertex 1.176928 -1.671035 -0.050000
    vertex 1.175463 -1.672344 -0.050000
  endloop
endfacet
facet normal -0.000132 0.000146 0.000000
  outer loop
    vertex 1.176928 -1.671035 0.050000
    vertex 1.178385 -1.669711 0.050000
    vertex 1.178385 -1.669711 -0.050000
  endloop
endfacet
facet normal -0.000132 0.000146 0.000000
  outer loop
    vertex 1.176928 -1.671035 0.050000
    vertex 1.178385 -1.669711 -0.050000
    vertex 1.176928 -1.671035 -0.050000
  endloop
endfacet
facet normal -0.000134 0.000145 0.000000
  outer loop
    vertex 1.178385 -1.669711 0.050000
    vertex 1.179834 -1.668372 0.050000
    vertex 1.179834 -1.668372 -0.050000
  endloop
endfacet
facet normal -0.000134 0.000145 0.000000
  outer loop
    vertex 1.178385 -1.669711 0.050000
    vertex 1.179834 -1.668372 -0.050000
    vertex 1.178385 -1.669711 -0.050000
  endloop
endfacet
facet normal -0.000135 0.000144 0.000000
  outer loop
    vertex 1.179834 -1.668372 0.050000
    vertex 1.181273 -1.667018 0.050000
    vertex 1.181273 -1.667018 -0.050000
  endloop
endfacet
facet normal -0.000135 0.000144 0.000000
  outer loop
    vertex 1.179834 -1.668372 0.050000
    vertex 1.181273 -1.667018 -0.050000
    vertex 1.179834 -1.668372 -0.050000
  endloop
endfacet
facet normal -0.000137 0.000143 0.000000
  outer loop
    vertex 1.181273 -1.667018 0.050000
    vertex 1.182703 -1.665647 0.050000
    vertex 1.182703 -1.665647 -0.050000
  endloop
endfacet
facet normal -0.000137 0.000143 0.000000
  outer loop
    vertex 1.181273 -1.667018 0.050000
    vertex 1.182703 -1.665647 -0.050000
    vertex 1.181273 -1.667018 -0.050000
  endloop
endfacet
facet normal -0.000139 0.000142 0.000000
  outer loop
    vertex 1.182703 -1.665647 0.050000
    vertex 1.184124 -1.664259 0.050000
    vertex 1.184124 -1.664259 -0.050000
  endloop
endfacet
facet normal -0.000139 0.000142 0.000000
  outer loop
    vertex 1.182703 -1.665647 0.050000
    vertex 1.184124 -1.664259 -0.050000
    vertex 1.182703 -1.665647 -0.050000
  endloop
endfacet
facet normal -0.000141 0.000141 0.000000
  outer loop
    vertex 1.184124 -1.664259 0.050000
    vertex 1.185533 -1.662853 0.050000
    vertex 1.185533 -1.662853 -0.050000
  endloop
endfacet
facet normal -0.000141 0.000141 0.000000
  outer loop
    vertex 1.184124 -1.664259 0.050000
    vertex 1.185533 -1.662853 -0.050000
    vertex 1.184124 -1.664259 -0.050000
  endloop
endfacet
facet normal -0.000143 0.000140 0.000000
  outer loop
    vertex 1.185533 -1.662853 0.050000
    vertex 1.186932 -1.661428 0.050000
    vertex 1.186932 -1.661428 -0.050000
  endloop
endfacet
facet normal -0.000143 0.000140 0.000000
  outer loop
    vertex 1.185533 -1.662853 0.050000
    vertex 1.186932 -1.661428 -0.050000
    vertex 1.185533 -1.662853 -0.050000
  endloop
endfacet
facet normal -0.000145 0.000139 0.000000
  outer loop
    vertex 1.186932 -1.661428 0.050000
    vertex 1.188319 -1.659983 0.050000
    vertex 1.188319 -1.659983 -0.050000
  endloop
endfacet
facet normal -0.000145 0.000139 0.000000
  outer loop
    vertex 1.186932 -1.661428 0.050000
    vertex 1.188319 -1.659983 -0.050000
    vertex 1.186932 -1.661428 -0.050000
  endloop
endfacet
facet normal -0.000147 0.000137 0.000000
  outer loop
    vertex 1.188319 -1.659983 0.050000
    vertex 1.189694 -1.658516 0.050000
    vertex 1.189694 -1.658516 -0.050000
  endloop
endfacet
facet normal -0.000147 0.000137 0.000000
  outer loop
    vertex 1.188319 -1.659983 0.050000
    vertex 1.189694 -1.658516 -0.050000
    vertex 1.188319 -1.659983 -0.050000
  endloop
endfacet
facet normal -0.000149 0.000136 0.000000
  outer loop
    vertex 1.189694 -1.658516 0.050000
    vertex 1.191055 -1.657026 0.050000
    vertex 1.191055 -1.657026 -0.050000
  endloop
endfacet
facet normal -0.000149 0.000136 0.000000
  outer loop
    vertex 1.189694 -1.658516 0.050000
    vertex 1.191055 -1.657026 -0.050000
    vertex 1.189694 -1.658516 -0.050000
  endloop
endfacet
facet normal -0.000151 0.000135 0.000000
  outer loop
    vertex 1.191055 -1.657026 0.050000
    vertex 1.192402 -1.655512 0.050000
    vertex 1.192402 -1.655512 -0.050000
  endloop
endfacet
facet normal -0.000151 0.000135 0.000000
  outer loop
    vertex 1.191055 -1.657026 0.050000
    vertex 1.192402 -1.655512 -0.050000
    vertex 1.191055 -1.657026 -0.050000
  endloop
endfacet
facet normal -0.000154 0.000133 0.000000
  outer loop
    vertex 1.192402 -1.655512 0.050000
    vertex 1.193734 -1.653971 0.050000
    vertex 1.193734 -1.653971 -0.050000
  endloop
endfacet
facet normal -0.000154 0.000133 0.000000
  outer loop
    vertex 1.192402 -1.655512 0.050000
    vertex 1.193734 -1.653971 -0.050000
    vertex 1.192402 -1.655512 -0.050000
  endloop
endfacet
facet normal -0.000157 0.000132 0.000000
  outer loop
    vertex 1.193734 -1.653971 0.050000
    vertex 1.195050 -1.652402 0.050000
    vertex 1.195050 -1.652402 -0.050000
  endloop
endfacet
facet normal -0.000157 0.000132 0.000000
  outer loop
    vertex 1.193734 -1.653971 0.050000
    vertex 1.195050 -1.652402 -0.050000
    vertex 1.193734 -1.653971 -0.050000
  endloop
endfacet
facet normal -0.000160 0.000130 0.000000
  outer loop
    vertex 1.195050 -1.652402 0.050000
    vertex 1.196348 -1.650803 0.050000
    vertex 1.196348 -1.650803 -0.050000
  endloop
endfacet
facet normal -0.000160 0.000130 0.000000
  outer loop
    vertex 1.195050 -1.652402 0.050000
    vertex 1.196348 -1.650803 -0.050000
    vertex 1.195050 -1.652402 -0.050000
  endloop
endfacet
facet normal -0.000163 0.000128 0.000000
  outer loop
    vertex 1.196348 -1.650803 0.050000
    vertex 1.197626 -1.649169 0.050000
    vertex 1.197626 -1.649169 -0.050000
  endloop
endfacet
facet normal -0.000163 0.000128 0.000000
  outer loop
    vertex 1.196348 -1.650803 0.050000
    vertex 1.197626 -1.649169 -0.050000
    vertex 1.196348 -1.650803 -0.050000
  endloop
endfacet
facet normal -0.000167 0.000126 0.000000
  outer loop
    vertex 1.197626 -1.649169 0.050000
    vertex 1.198884 -1.647500 0.050000
    vertex 1.198884 -1.647500 -0.050000
  endloop
endfacet
facet normal -0.000167 0.000126 0.000000
  outer loop
    vertex 1.197626 -1.649169 0.050000
    vertex 1.198884 -1.647500 -0.050000
    vertex 1.197626 -1.649169 -0.050000
  endloop
endfacet
facet normal -0.000171 0.000123 0.000000
  outer loop
    vertex 1.198884 -1.647500 0.050000
    vertex 1.200117 -1.645788 0.050000
    vertex 1.200117 -1.645788 -0.050000
  endloop
endfacet
facet normal -0.000171 0.000123 0.000000
  outer loop
    vertex 1.198884 -1.647500 0.050000
    vertex 1.200117 -1.645788 -0.050000
    vertex 1.198884 -1.647500 -0.050000
  endloop
endfacet
facet normal -0.000176 0.000121 0.000000
  outer loop
    vertex 1.200117 -1.645788 0.050000
    vertex 1.201324 -1.644032 0.050000
    vertex 1.201324 -1.644032 -0.050000
  endloop
endfacet
facet normal -0.000176 0.000121 0.000000
  outer loop
    vertex 1.200117 -1.645788 0.050000
    vertex 1.201324 -1.644032 -0.050000
    vertex 1.200117 -1.645788 -0.050000
  endloop
endfacet
facet normal -0.000181 0.000118 0.000000
  outer loop
    vertex 1.201324 -1.644032 0.050000
    vertex 1.202502 -1.642224 0.050000
    vertex 1.202502 -1.642224 -0.050000
  endloop
endfacet
facet normal -0.000181 0.000118 0.000000
  outer loop
    vertex 1.201324 -1.644032 0.050000
    vertex 1.202502 -1.642224 -0.050000
    vertex 1.201324 -1.644032 -0.050000
  endloop
endfacet
facet normal -0.000187 0.000114 0.000000
  outer loop
    vertex 1.202502 -1.642224 0.050000
    vertex 1.203644 -1.640355 0.050000
    vertex 1.203644 -1.640355 -0.050000
  endloop
endfacet
facet normal -0.000187 0.000114 0.000000
  outer loop
    vertex 1.202502 -1.642224 0.050000
    vertex 1.203644 -1.640355 -0.050000
    vertex 1.202502 -1.642224 -0.050000
  endloop
endfacet
facet normal -0.000193 0.000111 0.000000
  outer loop
    vertex 1.203644 -1.640355 0.050000
    vertex 1.204750 -1.638421 0.050000
    vertex 1.204750 -1.638421 -0.050000
  endloop
endfacet
facet normal -0.000193 0.000111 0.000000
  outer loop
    vertex 1.203644 -1.640355 0.050000
    vertex 1.204750 -1.638421 -0.050000
    vertex 1.203644 -1.640355 -0.050000
  endloop
endfacet
facet normal -0.000202 0.000105 0.000000
  outer loop
    vertex 1.204750 -1.638421 0.050000
    vertex 1.205804 -1.636399 0.050000
    vertex 1.205804 -1.636399 -0.050000
  endloop
endfacet
facet normal -0.000202 0.000105 0.000000
  outer loop
    vertex 1.204750 -1.638421 0.050000
    vertex 1.205804 -1.636399 -0.050000
    vertex 1.204750 -1.638421 -0.050000
  endloop
endfacet
facet normal -0.000212 0.000100 0.000000
  outer loop
    vertex 1.205804 -1.636399 0.050000
    vertex 1.206804 -1.634284 0.050000
    vertex 1.206804 -1.634284 -0.050000
  endloop
endfacet
facet normal -0.000212 0.000100 0.000000
  outer loop
    vertex 1.205804 -1.636399 0.050000
    vertex 1.206804 -1.634284 -0.050000
    vertex 1.205804 -1.636399 -0.050000
  endloop
endfacet
facet normal -0.000225 0.000092 0.000000
  outer loop
    vertex 1.206804 -1.634284 0.050000
    vertex 1.207727 -1.632035 0.050000
    vertex 1.207727 -1.632035 -0.050000
  endloop
endfacet
facet normal -0.000225 0.000092 0.000000
  outer loop
    vertex 1.206804 -1.634284 0.050000
    vertex 1.207727 -1.632035 -0.050000
    vertex 1.206804 -1.634284 -0.050000
  endloop
endfacet
facet normal -0.000242 0.000082 0.000000
  outer loop
    vertex 1.207727 -1.632035 0.050000
    vertex 1.208549 -1.629611 0.050000
    vertex 1.208549 -1.629611 -0.050000
  endloop
endfacet
facet normal -0.000242 0.000082 0.000000
  outer loop
    vertex 1.207727 -1.632035 0.050000
    vertex 1.208549 -1.629611 -0.050000
    vertex 1.207727 -1.632035 -0.050000
  endloop
endfacet
facet normal -0.000296 0.000062 0.000000
  outer loop
    vertex 1.208549 -1.629611 0.050000
    vertex 1.209168 -1.626647 0.050000
    vertex 1.209168 -1.626647 -0.050000
  endloop
endfacet
facet normal -0.000296 0.000062 0.000000
  outer loop
    vertex 1.208549 -1.629611 0.050000
    vertex 1.209168 -1.626647 -0.050000
    vertex 1.208549 -1.629611 -0.050000
  endloop
endfacet
facet normal -0.000573 -0.000020 0.000000
  outer loop
    vertex 1.209168 -1.626647 0.050000
    vertex 1.208969 -1.620920 0.050000
    vertex 1.208969 -1.620920 -0.050000
  endloop
endfacet
facet normal -0.000573 -0.000020 -0.000000
  outer loop
    vertex 1.209168 -1.626647 0.050000
    vertex 1.208969 -1.620920 -0.050000
    vertex 1.209168 -1.626647 -0.050000
  endloop
endfacet
facet normal -0.000887 -0.000112 0.000000
  outer loop
    vertex 1.208969 -1.620920 0.050000
    vertex 1.207846 -1.612051 0.050000
    vertex 1.207846 -1.612051 -0.050000
  endloop
endfacet
facet normal -0.000887 -0.000112 -0.000000
  outer loop
    vertex 1.208969 -1.620920 0.050000
    vertex 1.207846 -1.612051 -0.050000
    vertex 1.208969 -1.620920 -0.050000
  endloop
endfacet
endsolid VAWT2.stl
