solid VAWT1.stl
facet normal 362.241760 -75.668335 0.000000
  outer loop
    vertex -300.188995 50.000000 250.000000
    vertex -300.340332 49.275517 250.000000
    vertex -300.340332 49.275517 -250.000000
  endloop
endfacet
facet normal 362.241760 -75.668335 0.000000
  outer loop
    vertex -300.188995 50.000000 250.000000
    vertex -300.340332 49.275517 -250.000000
    vertex -300.188995 50.000000 -250.000000
  endloop
endfacet
facet normal 281.116486 -58.486938 0.000000
  outer loop
    vertex -300.340332 49.275517 250.000000
    vertex -300.457306 48.713284 250.000000
    vertex -300.457306 48.713284 -250.000000
  endloop
endfacet
facet normal 281.116486 -58.486938 0.000000
  outer loop
    vertex -300.340332 49.275517 250.000000
    vertex -300.457306 48.713284 -250.000000
    vertex -300.340332 49.275517 -250.000000
  endloop
endfacet
facet normal 210.849762 -43.594360 0.000000
  outer loop
    vertex -300.457306 48.713284 250.000000
    vertex -300.544495 48.291584 250.000000
    vertex -300.544495 48.291584 -250.000000
  endloop
endfacet
facet normal 210.849762 -43.594360 0.000000
  outer loop
    vertex -300.457306 48.713284 250.000000
    vertex -300.544495 48.291584 -250.000000
    vertex -300.457306 48.713284 -250.000000
  endloop
endfacet
facet normal 201.402664 -41.397095 0.000000
  outer loop
    vertex -300.544495 48.291584 250.000000
    vertex -300.627289 47.888779 250.000000
    vertex -300.627289 47.888779 -250.000000
  endloop
endfacet
facet normal 201.402664 -41.397095 0.000000
  outer loop
    vertex -300.544495 48.291584 250.000000
    vertex -300.627289 47.888779 -250.000000
    vertex -300.544495 48.291584 -250.000000
  endloop
endfacet
facet normal 201.402664 -41.213989 0.000000
  outer loop
    vertex -300.627289 47.888779 250.000000
    vertex -300.709717 47.485973 250.000000
    vertex -300.709717 47.485973 -250.000000
  endloop
endfacet
facet normal 201.402664 -41.213989 0.000000
  outer loop
    vertex -300.627289 47.888779 250.000000
    vertex -300.709717 47.485973 -250.000000
    vertex -300.627289 47.888779 -250.000000
  endloop
endfacet
facet normal 201.402664 -41.000366 0.000000
  outer loop
    vertex -300.709717 47.485973 250.000000
    vertex -300.791718 47.083168 250.000000
    vertex -300.791718 47.083168 -250.000000
  endloop
endfacet
facet normal 201.402664 -41.000366 0.000000
  outer loop
    vertex -300.709717 47.485973 250.000000
    vertex -300.791718 47.083168 -250.000000
    vertex -300.709717 47.485973 -250.000000
  endloop
endfacet
facet normal 201.404572 -40.802002 0.000000
  outer loop
    vertex -300.791718 47.083168 250.000000
    vertex -300.873322 46.680359 250.000000
    vertex -300.873322 46.680359 -250.000000
  endloop
endfacet
facet normal 201.404572 -40.802002 0.000000
  outer loop
    vertex -300.791718 47.083168 250.000000
    vertex -300.873322 46.680359 -250.000000
    vertex -300.791718 47.083168 -250.000000
  endloop
endfacet
facet normal 201.402664 -40.603638 0.000000
  outer loop
    vertex -300.873322 46.680359 250.000000
    vertex -300.954529 46.277554 250.000000
    vertex -300.954529 46.277554 -250.000000
  endloop
endfacet
facet normal 201.402664 -40.603638 0.000000
  outer loop
    vertex -300.873322 46.680359 250.000000
    vertex -300.954529 46.277554 -250.000000
    vertex -300.873322 46.680359 -250.000000
  endloop
endfacet
facet normal 201.402664 -40.420532 0.000000
  outer loop
    vertex -300.954529 46.277554 250.000000
    vertex -301.035370 45.874748 250.000000
    vertex -301.035370 45.874748 -250.000000
  endloop
endfacet
facet normal 201.402664 -40.420532 0.000000
  outer loop
    vertex -300.954529 46.277554 250.000000
    vertex -301.035370 45.874748 -250.000000
    vertex -300.954529 46.277554 -250.000000
  endloop
endfacet
facet normal 201.402664 -40.206909 0.000000
  outer loop
    vertex -301.035370 45.874748 250.000000
    vertex -301.115784 45.471943 250.000000
    vertex -301.115784 45.471943 -250.000000
  endloop
endfacet
facet normal 201.402664 -40.206909 0.000000
  outer loop
    vertex -301.035370 45.874748 250.000000
    vertex -301.115784 45.471943 -250.000000
    vertex -301.035370 45.874748 -250.000000
  endloop
endfacet
facet normal 201.402664 -40.023804 0.000000
  outer loop
    vertex -301.115784 45.471943 250.000000
    vertex -301.195831 45.069138 250.000000
    vertex -301.195831 45.069138 -250.000000
  endloop
endfacet
facet normal 201.402664 -40.023804 0.000000
  outer loop
    vertex -301.115784 45.471943 250.000000
    vertex -301.195831 45.069138 -250.000000
    vertex -301.115784 45.471943 -250.000000
  endloop
endfacet
facet normal 201.402664 -39.840698 0.000000
  outer loop
    vertex -301.195831 45.069138 250.000000
    vertex -301.275513 44.666332 250.000000
    vertex -301.275513 44.666332 -250.000000
  endloop
endfacet
facet normal 201.402664 -39.840698 0.000000
  outer loop
    vertex -301.195831 45.069138 250.000000
    vertex -301.275513 44.666332 -250.000000
    vertex -301.195831 45.069138 -250.000000
  endloop
endfacet
facet normal 201.402664 -39.642334 0.000000
  outer loop
    vertex -301.275513 44.666332 250.000000
    vertex -301.354797 44.263527 250.000000
    vertex -301.354797 44.263527 -250.000000
  endloop
endfacet
facet normal 201.402664 -39.642334 0.000000
  outer loop
    vertex -301.275513 44.666332 250.000000
    vertex -301.354797 44.263527 -250.000000
    vertex -301.275513 44.666332 -250.000000
  endloop
endfacet
facet normal 201.402664 -39.443970 0.000000
  outer loop
    vertex -301.354797 44.263527 250.000000
    vertex -301.433685 43.860722 250.000000
    vertex -301.433685 43.860722 -250.000000
  endloop
endfacet
facet normal 201.402664 -39.443970 0.000000
  outer loop
    vertex -301.354797 44.263527 250.000000
    vertex -301.433685 43.860722 -250.000000
    vertex -301.354797 44.263527 -250.000000
  endloop
endfacet
facet normal 201.402664 -39.276123 0.000000
  outer loop
    vertex -301.433685 43.860722 250.000000
    vertex -301.512238 43.457916 250.000000
    vertex -301.512238 43.457916 -250.000000
  endloop
endfacet
facet normal 201.402664 -39.276123 0.000000
  outer loop
    vertex -301.433685 43.860722 250.000000
    vertex -301.512238 43.457916 -250.000000
    vertex -301.433685 43.860722 -250.000000
  endloop
endfacet
facet normal 201.402664 -39.077759 0.000000
  outer loop
    vertex -301.512238 43.457916 250.000000
    vertex -301.590393 43.055111 250.000000
    vertex -301.590393 43.055111 -250.000000
  endloop
endfacet
facet normal 201.402664 -39.077759 0.000000
  outer loop
    vertex -301.512238 43.457916 250.000000
    vertex -301.590393 43.055111 -250.000000
    vertex -301.512238 43.457916 -250.000000
  endloop
endfacet
facet normal 201.402664 -38.894653 0.000000
  outer loop
    vertex -301.590393 43.055111 250.000000
    vertex -301.668182 42.652306 250.000000
    vertex -301.668182 42.652306 -250.000000
  endloop
endfacet
facet normal 201.402664 -38.894653 0.000000
  outer loop
    vertex -301.590393 43.055111 250.000000
    vertex -301.668182 42.652306 -250.000000
    vertex -301.590393 43.055111 -250.000000
  endloop
endfacet
facet normal 201.402664 -38.696289 0.000000
  outer loop
    vertex -301.668182 42.652306 250.000000
    vertex -301.745575 42.249500 250.000000
    vertex -301.745575 42.249500 -250.000000
  endloop
endfacet
facet normal 201.402664 -38.696289 0.000000
  outer loop
    vertex -301.668182 42.652306 250.000000
    vertex -301.745575 42.249500 -250.000000
    vertex -301.668182 42.652306 -250.000000
  endloop
endfacet
facet normal 201.402664 -38.528442 0.000000
  outer loop
    vertex -301.745575 42.249500 250.000000
    vertex -301.822632 41.846695 250.000000
    vertex -301.822632 41.846695 -250.000000
  endloop
endfacet
facet normal 201.402664 -38.528442 0.000000
  outer loop
    vertex -301.745575 42.249500 250.000000
    vertex -301.822632 41.846695 -250.000000
    vertex -301.745575 42.249500 -250.000000
  endloop
endfacet
facet normal 201.402664 -38.360596 0.000000
  outer loop
    vertex -301.822632 41.846695 250.000000
    vertex -301.899353 41.443890 250.000000
    vertex -301.899353 41.443890 -250.000000
  endloop
endfacet
facet normal 201.402664 -38.360596 0.000000
  outer loop
    vertex -301.822632 41.846695 250.000000
    vertex -301.899353 41.443890 -250.000000
    vertex -301.822632 41.846695 -250.000000
  endloop
endfacet
facet normal 201.404572 -38.162231 0.000000
  outer loop
    vertex -301.899353 41.443890 250.000000
    vertex -301.975677 41.041080 250.000000
    vertex -301.975677 41.041080 -250.000000
  endloop
endfacet
facet normal 201.404572 -38.162231 0.000000
  outer loop
    vertex -301.899353 41.443890 250.000000
    vertex -301.975677 41.041080 -250.000000
    vertex -301.899353 41.443890 -250.000000
  endloop
endfacet
facet normal 201.402664 -37.979126 0.000000
  outer loop
    vertex -301.975677 41.041080 250.000000
    vertex -302.051636 40.638275 250.000000
    vertex -302.051636 40.638275 -250.000000
  endloop
endfacet
facet normal 201.402664 -37.979126 0.000000
  outer loop
    vertex -301.975677 41.041080 250.000000
    vertex -302.051636 40.638275 -250.000000
    vertex -301.975677 41.041080 -250.000000
  endloop
endfacet
facet normal 201.402664 -37.811279 0.000000
  outer loop
    vertex -302.051636 40.638275 250.000000
    vertex -302.127258 40.235470 250.000000
    vertex -302.127258 40.235470 -250.000000
  endloop
endfacet
facet normal 201.402664 -37.811279 0.000000
  outer loop
    vertex -302.051636 40.638275 250.000000
    vertex -302.127258 40.235470 -250.000000
    vertex -302.051636 40.638275 -250.000000
  endloop
endfacet
facet normal 201.402664 -37.628174 0.000000
  outer loop
    vertex -302.127258 40.235470 250.000000
    vertex -302.202515 39.832664 250.000000
    vertex -302.202515 39.832664 -250.000000
  endloop
endfacet
facet normal 201.402664 -37.628174 0.000000
  outer loop
    vertex -302.127258 40.235470 250.000000
    vertex -302.202515 39.832664 -250.000000
    vertex -302.127258 40.235470 -250.000000
  endloop
endfacet
facet normal 201.402664 -37.460327 0.000000
  outer loop
    vertex -302.202515 39.832664 250.000000
    vertex -302.277435 39.429859 250.000000
    vertex -302.277435 39.429859 -250.000000
  endloop
endfacet
facet normal 201.402664 -37.460327 0.000000
  outer loop
    vertex -302.202515 39.832664 250.000000
    vertex -302.277435 39.429859 -250.000000
    vertex -302.202515 39.832664 -250.000000
  endloop
endfacet
facet normal 201.402664 -37.277222 0.000000
  outer loop
    vertex -302.277435 39.429859 250.000000
    vertex -302.351990 39.027054 250.000000
    vertex -302.351990 39.027054 -250.000000
  endloop
endfacet
facet normal 201.402664 -37.277222 0.000000
  outer loop
    vertex -302.277435 39.429859 250.000000
    vertex -302.351990 39.027054 -250.000000
    vertex -302.277435 39.429859 -250.000000
  endloop
endfacet
facet normal 201.402664 -37.109375 0.000000
  outer loop
    vertex -302.351990 39.027054 250.000000
    vertex -302.426208 38.624249 250.000000
    vertex -302.426208 38.624249 -250.000000
  endloop
endfacet
facet normal 201.402664 -37.109375 0.000000
  outer loop
    vertex -302.351990 39.027054 250.000000
    vertex -302.426208 38.624249 -250.000000
    vertex -302.351990 39.027054 -250.000000
  endloop
endfacet
facet normal 201.402664 -36.941528 0.000000
  outer loop
    vertex -302.426208 38.624249 250.000000
    vertex -302.500092 38.221443 250.000000
    vertex -302.500092 38.221443 -250.000000
  endloop
endfacet
facet normal 201.402664 -36.941528 0.000000
  outer loop
    vertex -302.426208 38.624249 250.000000
    vertex -302.500092 38.221443 -250.000000
    vertex -302.426208 38.624249 -250.000000
  endloop
endfacet
facet normal 201.402664 -36.758423 0.000000
  outer loop
    vertex -302.500092 38.221443 250.000000
    vertex -302.573608 37.818638 250.000000
    vertex -302.573608 37.818638 -250.000000
  endloop
endfacet
facet normal 201.402664 -36.758423 0.000000
  outer loop
    vertex -302.500092 38.221443 250.000000
    vertex -302.573608 37.818638 -250.000000
    vertex -302.500092 38.221443 -250.000000
  endloop
endfacet
facet normal 201.402664 -36.590576 0.000000
  outer loop
    vertex -302.573608 37.818638 250.000000
    vertex -302.646790 37.415833 250.000000
    vertex -302.646790 37.415833 -250.000000
  endloop
endfacet
facet normal 201.402664 -36.590576 0.000000
  outer loop
    vertex -302.573608 37.818638 250.000000
    vertex -302.646790 37.415833 -250.000000
    vertex -302.573608 37.818638 -250.000000
  endloop
endfacet
facet normal 201.402664 -36.422729 0.000000
  outer loop
    vertex -302.646790 37.415833 250.000000
    vertex -302.719635 37.013027 250.000000
    vertex -302.719635 37.013027 -250.000000
  endloop
endfacet
facet normal 201.402664 -36.422729 0.000000
  outer loop
    vertex -302.646790 37.415833 250.000000
    vertex -302.719635 37.013027 -250.000000
    vertex -302.646790 37.415833 -250.000000
  endloop
endfacet
facet normal 201.402664 -36.254883 0.000000
  outer loop
    vertex -302.719635 37.013027 250.000000
    vertex -302.792145 36.610222 250.000000
    vertex -302.792145 36.610222 -250.000000
  endloop
endfacet
facet normal 201.402664 -36.254883 0.000000
  outer loop
    vertex -302.719635 37.013027 250.000000
    vertex -302.792145 36.610222 -250.000000
    vertex -302.719635 37.013027 -250.000000
  endloop
endfacet
facet normal 201.402664 -36.071777 0.000000
  outer loop
    vertex -302.792145 36.610222 250.000000
    vertex -302.864288 36.207417 250.000000
    vertex -302.864288 36.207417 -250.000000
  endloop
endfacet
facet normal 201.402664 -36.071777 0.000000
  outer loop
    vertex -302.792145 36.610222 250.000000
    vertex -302.864288 36.207417 -250.000000
    vertex -302.792145 36.610222 -250.000000
  endloop
endfacet
facet normal 201.404572 -35.919189 0.000000
  outer loop
    vertex -302.864288 36.207417 250.000000
    vertex -302.936127 35.804607 250.000000
    vertex -302.936127 35.804607 -250.000000
  endloop
endfacet
facet normal 201.404572 -35.919189 0.000000
  outer loop
    vertex -302.864288 36.207417 250.000000
    vertex -302.936127 35.804607 -250.000000
    vertex -302.864288 36.207417 -250.000000
  endloop
endfacet
facet normal 201.402664 -35.736084 0.000000
  outer loop
    vertex -302.936127 35.804607 250.000000
    vertex -303.007599 35.401802 250.000000
    vertex -303.007599 35.401802 -250.000000
  endloop
endfacet
facet normal 201.402664 -35.736084 0.000000
  outer loop
    vertex -302.936127 35.804607 250.000000
    vertex -303.007599 35.401802 -250.000000
    vertex -302.936127 35.804607 -250.000000
  endloop
endfacet
facet normal 201.402664 -35.583496 0.000000
  outer loop
    vertex -303.007599 35.401802 250.000000
    vertex -303.078766 34.998997 250.000000
    vertex -303.078766 34.998997 -250.000000
  endloop
endfacet
facet normal 201.402664 -35.583496 0.000000
  outer loop
    vertex -303.007599 35.401802 250.000000
    vertex -303.078766 34.998997 -250.000000
    vertex -303.007599 35.401802 -250.000000
  endloop
endfacet
facet normal 201.402664 -35.415649 0.000000
  outer loop
    vertex -303.078766 34.998997 250.000000
    vertex -303.149597 34.596191 250.000000
    vertex -303.149597 34.596191 -250.000000
  endloop
endfacet
facet normal 201.402664 -35.415649 0.000000
  outer loop
    vertex -303.078766 34.998997 250.000000
    vertex -303.149597 34.596191 -250.000000
    vertex -303.078766 34.998997 -250.000000
  endloop
endfacet
facet normal 201.402664 -35.232544 0.000000
  outer loop
    vertex -303.149597 34.596191 250.000000
    vertex -303.220062 34.193386 250.000000
    vertex -303.220062 34.193386 -250.000000
  endloop
endfacet
facet normal 201.402664 -35.232544 0.000000
  outer loop
    vertex -303.149597 34.596191 250.000000
    vertex -303.220062 34.193386 -250.000000
    vertex -303.149597 34.596191 -250.000000
  endloop
endfacet
facet normal 201.402664 -35.095215 0.000000
  outer loop
    vertex -303.220062 34.193386 250.000000
    vertex -303.290253 33.790581 250.000000
    vertex -303.290253 33.790581 -250.000000
  endloop
endfacet
facet normal 201.402664 -35.095215 0.000000
  outer loop
    vertex -303.220062 34.193386 250.000000
    vertex -303.290253 33.790581 -250.000000
    vertex -303.220062 34.193386 -250.000000
  endloop
endfacet
facet normal 201.402664 -34.912109 0.000000
  outer loop
    vertex -303.290253 33.790581 250.000000
    vertex -303.360077 33.387775 250.000000
    vertex -303.360077 33.387775 -250.000000
  endloop
endfacet
facet normal 201.402664 -34.912109 0.000000
  outer loop
    vertex -303.290253 33.790581 250.000000
    vertex -303.360077 33.387775 -250.000000
    vertex -303.290253 33.790581 -250.000000
  endloop
endfacet
facet normal 201.402664 -34.744263 0.000000
  outer loop
    vertex -303.360077 33.387775 250.000000
    vertex -303.429565 32.984970 250.000000
    vertex -303.429565 32.984970 -250.000000
  endloop
endfacet
facet normal 201.402664 -34.744263 0.000000
  outer loop
    vertex -303.360077 33.387775 250.000000
    vertex -303.429565 32.984970 -250.000000
    vertex -303.360077 33.387775 -250.000000
  endloop
endfacet
facet normal 201.402664 -34.591675 0.000000
  outer loop
    vertex -303.429565 32.984970 250.000000
    vertex -303.498749 32.582165 250.000000
    vertex -303.498749 32.582165 -250.000000
  endloop
endfacet
facet normal 201.402664 -34.591675 0.000000
  outer loop
    vertex -303.429565 32.984970 250.000000
    vertex -303.498749 32.582165 -250.000000
    vertex -303.429565 32.984970 -250.000000
  endloop
endfacet
facet normal 201.402664 -34.423828 0.000000
  outer loop
    vertex -303.498749 32.582165 250.000000
    vertex -303.567596 32.179359 250.000000
    vertex -303.567596 32.179359 -250.000000
  endloop
endfacet
facet normal 201.402664 -34.423828 0.000000
  outer loop
    vertex -303.498749 32.582165 250.000000
    vertex -303.567596 32.179359 -250.000000
    vertex -303.498749 32.582165 -250.000000
  endloop
endfacet
facet normal 201.403625 -34.255981 0.000000
  outer loop
    vertex -303.567596 32.179359 250.000000
    vertex -303.636108 31.776552 250.000000
    vertex -303.636108 31.776552 -250.000000
  endloop
endfacet
facet normal 201.403625 -34.255981 0.000000
  outer loop
    vertex -303.567596 32.179359 250.000000
    vertex -303.636108 31.776552 -250.000000
    vertex -303.567596 32.179359 -250.000000
  endloop
endfacet
facet normal 201.402664 -34.103394 0.000000
  outer loop
    vertex -303.636108 31.776552 250.000000
    vertex -303.704315 31.373747 250.000000
    vertex -303.704315 31.373747 -250.000000
  endloop
endfacet
facet normal 201.402664 -34.103394 0.000000
  outer loop
    vertex -303.636108 31.776552 250.000000
    vertex -303.704315 31.373747 -250.000000
    vertex -303.636108 31.776552 -250.000000
  endloop
endfacet
facet normal 201.402664 -33.920288 0.000000
  outer loop
    vertex -303.704315 31.373747 250.000000
    vertex -303.772156 30.970942 250.000000
    vertex -303.772156 30.970942 -250.000000
  endloop
endfacet
facet normal 201.402664 -33.920288 0.000000
  outer loop
    vertex -303.704315 31.373747 250.000000
    vertex -303.772156 30.970942 -250.000000
    vertex -303.704315 31.373747 -250.000000
  endloop
endfacet
facet normal 201.402664 -33.782959 0.000000
  outer loop
    vertex -303.772156 30.970942 250.000000
    vertex -303.839722 30.568136 250.000000
    vertex -303.839722 30.568136 -250.000000
  endloop
endfacet
facet normal 201.402664 -33.782959 0.000000
  outer loop
    vertex -303.772156 30.970942 250.000000
    vertex -303.839722 30.568136 -250.000000
    vertex -303.772156 30.970942 -250.000000
  endloop
endfacet
facet normal 201.402664 -33.599854 0.000000
  outer loop
    vertex -303.839722 30.568136 250.000000
    vertex -303.906921 30.165331 250.000000
    vertex -303.906921 30.165331 -250.000000
  endloop
endfacet
facet normal 201.402664 -33.599854 0.000000
  outer loop
    vertex -303.839722 30.568136 250.000000
    vertex -303.906921 30.165331 -250.000000
    vertex -303.839722 30.568136 -250.000000
  endloop
endfacet
facet normal 201.402664 -33.447266 0.000000
  outer loop
    vertex -303.906921 30.165331 250.000000
    vertex -303.973816 29.762526 250.000000
    vertex -303.973816 29.762526 -250.000000
  endloop
endfacet
facet normal 201.402664 -33.447266 0.000000
  outer loop
    vertex -303.906921 30.165331 250.000000
    vertex -303.973816 29.762526 -250.000000
    vertex -303.906921 30.165331 -250.000000
  endloop
endfacet
facet normal 201.402664 -33.294678 0.000000
  outer loop
    vertex -303.973816 29.762526 250.000000
    vertex -304.040405 29.359720 250.000000
    vertex -304.040405 29.359720 -250.000000
  endloop
endfacet
facet normal 201.402664 -33.294678 0.000000
  outer loop
    vertex -303.973816 29.762526 250.000000
    vertex -304.040405 29.359720 -250.000000
    vertex -303.973816 29.762526 -250.000000
  endloop
endfacet
facet normal 201.403625 -33.126831 0.000000
  outer loop
    vertex -304.040405 29.359720 250.000000
    vertex -304.106659 28.956913 250.000000
    vertex -304.106659 28.956913 -250.000000
  endloop
endfacet
facet normal 201.403625 -33.126831 0.000000
  outer loop
    vertex -304.040405 29.359720 250.000000
    vertex -304.106659 28.956913 -250.000000
    vertex -304.040405 29.359720 -250.000000
  endloop
endfacet
facet normal 201.402664 -32.958984 0.000000
  outer loop
    vertex -304.106659 28.956913 250.000000
    vertex -304.172577 28.554108 250.000000
    vertex -304.172577 28.554108 -250.000000
  endloop
endfacet
facet normal 201.402664 -32.958984 0.000000
  outer loop
    vertex -304.106659 28.956913 250.000000
    vertex -304.172577 28.554108 -250.000000
    vertex -304.106659 28.956913 -250.000000
  endloop
endfacet
facet normal 201.402664 -32.791138 0.000000
  outer loop
    vertex -304.172577 28.554108 250.000000
    vertex -304.238159 28.151302 250.000000
    vertex -304.238159 28.151302 -250.000000
  endloop
endfacet
facet normal 201.402664 -32.791138 0.000000
  outer loop
    vertex -304.172577 28.554108 250.000000
    vertex -304.238159 28.151302 -250.000000
    vertex -304.172577 28.554108 -250.000000
  endloop
endfacet
facet normal 201.402664 -32.638550 0.000000
  outer loop
    vertex -304.238159 28.151302 250.000000
    vertex -304.303436 27.748497 250.000000
    vertex -304.303436 27.748497 -250.000000
  endloop
endfacet
facet normal 201.402664 -32.638550 0.000000
  outer loop
    vertex -304.238159 28.151302 250.000000
    vertex -304.303436 27.748497 -250.000000
    vertex -304.238159 28.151302 -250.000000
  endloop
endfacet
facet normal 201.402664 -32.485962 0.000000
  outer loop
    vertex -304.303436 27.748497 250.000000
    vertex -304.368408 27.345692 250.000000
    vertex -304.368408 27.345692 -250.000000
  endloop
endfacet
facet normal 201.402664 -32.485962 0.000000
  outer loop
    vertex -304.303436 27.748497 250.000000
    vertex -304.368408 27.345692 -250.000000
    vertex -304.303436 27.748497 -250.000000
  endloop
endfacet
facet normal 201.402664 -32.302856 0.000000
  outer loop
    vertex -304.368408 27.345692 250.000000
    vertex -304.433014 26.942886 250.000000
    vertex -304.433014 26.942886 -250.000000
  endloop
endfacet
facet normal 201.402664 -32.302856 0.000000
  outer loop
    vertex -304.368408 27.345692 250.000000
    vertex -304.433014 26.942886 -250.000000
    vertex -304.368408 27.345692 -250.000000
  endloop
endfacet
facet normal 201.402664 -32.165527 0.000000
  outer loop
    vertex -304.433014 26.942886 250.000000
    vertex -304.497345 26.540081 250.000000
    vertex -304.497345 26.540081 -250.000000
  endloop
endfacet
facet normal 201.402664 -32.165527 0.000000
  outer loop
    vertex -304.433014 26.942886 250.000000
    vertex -304.497345 26.540081 -250.000000
    vertex -304.433014 26.942886 -250.000000
  endloop
endfacet
facet normal 201.403625 -31.982422 0.000000
  outer loop
    vertex -304.497345 26.540081 250.000000
    vertex -304.561310 26.137274 250.000000
    vertex -304.561310 26.137274 -250.000000
  endloop
endfacet
facet normal 201.403625 -31.982422 0.000000
  outer loop
    vertex -304.497345 26.540081 250.000000
    vertex -304.561310 26.137274 -250.000000
    vertex -304.497345 26.540081 -250.000000
  endloop
endfacet
facet normal 201.402664 -31.829834 0.000000
  outer loop
    vertex -304.561310 26.137274 250.000000
    vertex -304.624969 25.734468 250.000000
    vertex -304.624969 25.734468 -250.000000
  endloop
endfacet
facet normal 201.402664 -31.829834 0.000000
  outer loop
    vertex -304.561310 26.137274 250.000000
    vertex -304.624969 25.734468 -250.000000
    vertex -304.561310 26.137274 -250.000000
  endloop
endfacet
facet normal 201.402664 -31.661987 0.000000
  outer loop
    vertex -304.624969 25.734468 250.000000
    vertex -304.688293 25.331663 250.000000
    vertex -304.688293 25.331663 -250.000000
  endloop
endfacet
facet normal 201.402664 -31.661987 0.000000
  outer loop
    vertex -304.624969 25.734468 250.000000
    vertex -304.688293 25.331663 -250.000000
    vertex -304.624969 25.734468 -250.000000
  endloop
endfacet
facet normal 201.402664 -31.509399 0.000000
  outer loop
    vertex -304.688293 25.331663 250.000000
    vertex -304.751312 24.928858 250.000000
    vertex -304.751312 24.928858 -250.000000
  endloop
endfacet
facet normal 201.402664 -31.509399 0.000000
  outer loop
    vertex -304.688293 25.331663 250.000000
    vertex -304.751312 24.928858 -250.000000
    vertex -304.688293 25.331663 -250.000000
  endloop
endfacet
facet normal 201.402664 -31.341553 0.000000
  outer loop
    vertex -304.751312 24.928858 250.000000
    vertex -304.813995 24.526052 250.000000
    vertex -304.813995 24.526052 -250.000000
  endloop
endfacet
facet normal 201.402664 -31.341553 0.000000
  outer loop
    vertex -304.751312 24.928858 250.000000
    vertex -304.813995 24.526052 -250.000000
    vertex -304.751312 24.928858 -250.000000
  endloop
endfacet
facet normal 201.402664 -31.173706 0.000000
  outer loop
    vertex -304.813995 24.526052 250.000000
    vertex -304.876343 24.123247 250.000000
    vertex -304.876343 24.123247 -250.000000
  endloop
endfacet
facet normal 201.402664 -31.173706 0.000000
  outer loop
    vertex -304.813995 24.526052 250.000000
    vertex -304.876343 24.123247 -250.000000
    vertex -304.813995 24.526052 -250.000000
  endloop
endfacet
facet normal 201.402664 -31.021118 0.000000
  outer loop
    vertex -304.876343 24.123247 250.000000
    vertex -304.938385 23.720442 250.000000
    vertex -304.938385 23.720442 -250.000000
  endloop
endfacet
facet normal 201.402664 -31.021118 0.000000
  outer loop
    vertex -304.876343 24.123247 250.000000
    vertex -304.938385 23.720442 -250.000000
    vertex -304.876343 24.123247 -250.000000
  endloop
endfacet
facet normal 201.403625 -30.838013 0.000000
  outer loop
    vertex -304.938385 23.720442 250.000000
    vertex -305.000061 23.317635 250.000000
    vertex -305.000061 23.317635 -250.000000
  endloop
endfacet
facet normal 201.403625 -30.838013 0.000000
  outer loop
    vertex -304.938385 23.720442 250.000000
    vertex -305.000061 23.317635 -250.000000
    vertex -304.938385 23.720442 -250.000000
  endloop
endfacet
facet normal 201.402664 -30.685425 0.000000
  outer loop
    vertex -305.000061 23.317635 250.000000
    vertex -305.061432 22.914829 250.000000
    vertex -305.061432 22.914829 -250.000000
  endloop
endfacet
facet normal 201.402664 -30.685425 0.000000
  outer loop
    vertex -305.000061 23.317635 250.000000
    vertex -305.061432 22.914829 -250.000000
    vertex -305.000061 23.317635 -250.000000
  endloop
endfacet
facet normal 201.402664 -30.517578 0.000000
  outer loop
    vertex -305.061432 22.914829 250.000000
    vertex -305.122467 22.512024 250.000000
    vertex -305.122467 22.512024 -250.000000
  endloop
endfacet
facet normal 201.402664 -30.517578 0.000000
  outer loop
    vertex -305.061432 22.914829 250.000000
    vertex -305.122467 22.512024 -250.000000
    vertex -305.061432 22.914829 -250.000000
  endloop
endfacet
facet normal 201.402664 -30.349731 0.000000
  outer loop
    vertex -305.122467 22.512024 250.000000
    vertex -305.183167 22.109219 250.000000
    vertex -305.183167 22.109219 -250.000000
  endloop
endfacet
facet normal 201.402664 -30.349731 0.000000
  outer loop
    vertex -305.122467 22.512024 250.000000
    vertex -305.183167 22.109219 -250.000000
    vertex -305.122467 22.512024 -250.000000
  endloop
endfacet
facet normal 201.402664 -30.197144 0.000000
  outer loop
    vertex -305.183167 22.109219 250.000000
    vertex -305.243561 21.706413 250.000000
    vertex -305.243561 21.706413 -250.000000
  endloop
endfacet
facet normal 201.402664 -30.197144 0.000000
  outer loop
    vertex -305.183167 22.109219 250.000000
    vertex -305.243561 21.706413 -250.000000
    vertex -305.183167 22.109219 -250.000000
  endloop
endfacet
facet normal 201.402664 -30.014038 0.000000
  outer loop
    vertex -305.243561 21.706413 250.000000
    vertex -305.303589 21.303608 250.000000
    vertex -305.303589 21.303608 -250.000000
  endloop
endfacet
facet normal 201.402664 -30.014038 0.000000
  outer loop
    vertex -305.243561 21.706413 250.000000
    vertex -305.303589 21.303608 -250.000000
    vertex -305.243561 21.706413 -250.000000
  endloop
endfacet
facet normal 201.403625 -29.861450 0.000000
  outer loop
    vertex -305.303589 21.303608 250.000000
    vertex -305.363312 20.900801 250.000000
    vertex -305.363312 20.900801 -250.000000
  endloop
endfacet
facet normal 201.403625 -29.861450 0.000000
  outer loop
    vertex -305.303589 21.303608 250.000000
    vertex -305.363312 20.900801 -250.000000
    vertex -305.303589 21.303608 -250.000000
  endloop
endfacet
facet normal 201.402664 -29.678345 0.000000
  outer loop
    vertex -305.363312 20.900801 250.000000
    vertex -305.422668 20.497995 250.000000
    vertex -305.422668 20.497995 -250.000000
  endloop
endfacet
facet normal 201.402664 -29.678345 0.000000
  outer loop
    vertex -305.363312 20.900801 250.000000
    vertex -305.422668 20.497995 -250.000000
    vertex -305.363312 20.900801 -250.000000
  endloop
endfacet
facet normal 201.402664 -29.510498 0.000000
  outer loop
    vertex -305.422668 20.497995 250.000000
    vertex -305.481689 20.095190 250.000000
    vertex -305.481689 20.095190 -250.000000
  endloop
endfacet
facet normal 201.402664 -29.510498 0.000000
  outer loop
    vertex -305.422668 20.497995 250.000000
    vertex -305.481689 20.095190 -250.000000
    vertex -305.422668 20.497995 -250.000000
  endloop
endfacet
facet normal 201.402664 -29.342651 0.000000
  outer loop
    vertex -305.481689 20.095190 250.000000
    vertex -305.540375 19.692385 250.000000
    vertex -305.540375 19.692385 -250.000000
  endloop
endfacet
facet normal 201.402664 -29.342651 0.000000
  outer loop
    vertex -305.481689 20.095190 250.000000
    vertex -305.540375 19.692385 -250.000000
    vertex -305.481689 20.095190 -250.000000
  endloop
endfacet
facet normal 201.402664 -29.174805 0.000000
  outer loop
    vertex -305.540375 19.692385 250.000000
    vertex -305.598724 19.289579 250.000000
    vertex -305.598724 19.289579 -250.000000
  endloop
endfacet
facet normal 201.402664 -29.174805 0.000000
  outer loop
    vertex -305.540375 19.692385 250.000000
    vertex -305.598724 19.289579 -250.000000
    vertex -305.540375 19.692385 -250.000000
  endloop
endfacet
facet normal 201.402664 -29.006958 0.000000
  outer loop
    vertex -305.598724 19.289579 250.000000
    vertex -305.656738 18.886774 250.000000
    vertex -305.656738 18.886774 -250.000000
  endloop
endfacet
facet normal 201.402664 -29.006958 0.000000
  outer loop
    vertex -305.598724 19.289579 250.000000
    vertex -305.656738 18.886774 -250.000000
    vertex -305.598724 19.289579 -250.000000
  endloop
endfacet
facet normal 201.402664 -28.839111 0.000000
  outer loop
    vertex -305.656738 18.886774 250.000000
    vertex -305.714417 18.483969 250.000000
    vertex -305.714417 18.483969 -250.000000
  endloop
endfacet
facet normal 201.402664 -28.839111 0.000000
  outer loop
    vertex -305.656738 18.886774 250.000000
    vertex -305.714417 18.483969 -250.000000
    vertex -305.656738 18.886774 -250.000000
  endloop
endfacet
facet normal 201.403625 -28.656006 0.000000
  outer loop
    vertex -305.714417 18.483969 250.000000
    vertex -305.771729 18.081161 250.000000
    vertex -305.771729 18.081161 -250.000000
  endloop
endfacet
facet normal 201.403625 -28.656006 0.000000
  outer loop
    vertex -305.714417 18.483969 250.000000
    vertex -305.771729 18.081161 -250.000000
    vertex -305.714417 18.483969 -250.000000
  endloop
endfacet
facet normal 201.402664 -28.488159 0.000000
  outer loop
    vertex -305.771729 18.081161 250.000000
    vertex -305.828705 17.678356 250.000000
    vertex -305.828705 17.678356 -250.000000
  endloop
endfacet
facet normal 201.402664 -28.488159 0.000000
  outer loop
    vertex -305.771729 18.081161 250.000000
    vertex -305.828705 17.678356 -250.000000
    vertex -305.771729 18.081161 -250.000000
  endloop
endfacet
facet normal 201.402664 -28.305054 0.000000
  outer loop
    vertex -305.828705 17.678356 250.000000
    vertex -305.885315 17.275551 250.000000
    vertex -305.885315 17.275551 -250.000000
  endloop
endfacet
facet normal 201.402664 -28.305054 0.000000
  outer loop
    vertex -305.828705 17.678356 250.000000
    vertex -305.885315 17.275551 -250.000000
    vertex -305.828705 17.678356 -250.000000
  endloop
endfacet
facet normal 201.402664 -28.121948 0.000000
  outer loop
    vertex -305.885315 17.275551 250.000000
    vertex -305.941559 16.872746 250.000000
    vertex -305.941559 16.872746 -250.000000
  endloop
endfacet
facet normal 201.402664 -28.121948 0.000000
  outer loop
    vertex -305.885315 17.275551 250.000000
    vertex -305.941559 16.872746 -250.000000
    vertex -305.885315 17.275551 -250.000000
  endloop
endfacet
facet normal 201.402664 -27.954102 0.000000
  outer loop
    vertex -305.941559 16.872746 250.000000
    vertex -305.997467 16.469940 250.000000
    vertex -305.997467 16.469940 -250.000000
  endloop
endfacet
facet normal 201.402664 -27.954102 0.000000
  outer loop
    vertex -305.941559 16.872746 250.000000
    vertex -305.997467 16.469940 -250.000000
    vertex -305.941559 16.872746 -250.000000
  endloop
endfacet
facet normal 201.402664 -27.786255 0.000000
  outer loop
    vertex -305.997467 16.469940 250.000000
    vertex -306.053040 16.067135 250.000000
    vertex -306.053040 16.067135 -250.000000
  endloop
endfacet
facet normal 201.402664 -27.786255 0.000000
  outer loop
    vertex -305.997467 16.469940 250.000000
    vertex -306.053040 16.067135 -250.000000
    vertex -305.997467 16.469940 -250.000000
  endloop
endfacet
facet normal 201.403137 -27.587891 0.000000
  outer loop
    vertex -306.053040 16.067135 250.000000
    vertex -306.108215 15.664329 250.000000
    vertex -306.108215 15.664329 -250.000000
  endloop
endfacet
facet normal 201.403137 -27.587891 0.000000
  outer loop
    vertex -306.053040 16.067135 250.000000
    vertex -306.108215 15.664329 -250.000000
    vertex -306.053040 16.067135 -250.000000
  endloop
endfacet
facet normal 201.402664 -27.420044 0.000000
  outer loop
    vertex -306.108215 15.664329 250.000000
    vertex -306.163055 15.261523 250.000000
    vertex -306.163055 15.261523 -250.000000
  endloop
endfacet
facet normal 201.402664 -27.420044 0.000000
  outer loop
    vertex -306.108215 15.664329 250.000000
    vertex -306.163055 15.261523 -250.000000
    vertex -306.108215 15.664329 -250.000000
  endloop
endfacet
facet normal 201.403137 -27.236938 0.000000
  outer loop
    vertex -306.163055 15.261523 250.000000
    vertex -306.217529 14.858717 250.000000
    vertex -306.217529 14.858717 -250.000000
  endloop
endfacet
facet normal 201.403137 -27.236938 0.000000
  outer loop
    vertex -306.163055 15.261523 250.000000
    vertex -306.217529 14.858717 -250.000000
    vertex -306.163055 15.261523 -250.000000
  endloop
endfacet
facet normal 201.402664 -27.053833 0.000000
  outer loop
    vertex -306.217529 14.858717 250.000000
    vertex -306.271637 14.455912 250.000000
    vertex -306.271637 14.455912 -250.000000
  endloop
endfacet
facet normal 201.402664 -27.053833 0.000000
  outer loop
    vertex -306.217529 14.858717 250.000000
    vertex -306.271637 14.455912 -250.000000
    vertex -306.217529 14.858717 -250.000000
  endloop
endfacet
facet normal 201.402664 -26.855469 0.000000
  outer loop
    vertex -306.271637 14.455912 250.000000
    vertex -306.325348 14.053106 250.000000
    vertex -306.325348 14.053106 -250.000000
  endloop
endfacet
facet normal 201.402664 -26.855469 0.000000
  outer loop
    vertex -306.271637 14.455912 250.000000
    vertex -306.325348 14.053106 -250.000000
    vertex -306.271637 14.455912 -250.000000
  endloop
endfacet
facet normal 201.402664 -26.687622 0.000000
  outer loop
    vertex -306.325348 14.053106 250.000000
    vertex -306.378723 13.650301 250.000000
    vertex -306.378723 13.650301 -250.000000
  endloop
endfacet
facet normal 201.402664 -26.687622 0.000000
  outer loop
    vertex -306.325348 14.053106 250.000000
    vertex -306.378723 13.650301 -250.000000
    vertex -306.325348 14.053106 -250.000000
  endloop
endfacet
facet normal 201.403137 -26.489258 0.000000
  outer loop
    vertex -306.378723 13.650301 250.000000
    vertex -306.431702 13.247495 250.000000
    vertex -306.431702 13.247495 -250.000000
  endloop
endfacet
facet normal 201.403137 -26.489258 0.000000
  outer loop
    vertex -306.378723 13.650301 250.000000
    vertex -306.431702 13.247495 -250.000000
    vertex -306.378723 13.650301 -250.000000
  endloop
endfacet
facet normal 201.402664 -26.290894 0.000000
  outer loop
    vertex -306.431702 13.247495 250.000000
    vertex -306.484283 12.844689 250.000000
    vertex -306.484283 12.844689 -250.000000
  endloop
endfacet
facet normal 201.402664 -26.290894 0.000000
  outer loop
    vertex -306.431702 13.247495 250.000000
    vertex -306.484283 12.844689 -250.000000
    vertex -306.431702 13.247495 -250.000000
  endloop
endfacet
facet normal 201.402664 -26.123047 0.000000
  outer loop
    vertex -306.484283 12.844689 250.000000
    vertex -306.536530 12.441884 250.000000
    vertex -306.536530 12.441884 -250.000000
  endloop
endfacet
facet normal 201.402664 -26.123047 0.000000
  outer loop
    vertex -306.484283 12.844689 250.000000
    vertex -306.536530 12.441884 -250.000000
    vertex -306.484283 12.844689 -250.000000
  endloop
endfacet
facet normal 201.403137 -25.909424 0.000000
  outer loop
    vertex -306.536530 12.441884 250.000000
    vertex -306.588348 12.039078 250.000000
    vertex -306.588348 12.039078 -250.000000
  endloop
endfacet
facet normal 201.403137 -25.909424 0.000000
  outer loop
    vertex -306.536530 12.441884 250.000000
    vertex -306.588348 12.039078 -250.000000
    vertex -306.536530 12.441884 -250.000000
  endloop
endfacet
facet normal 201.402664 -25.726318 0.000000
  outer loop
    vertex -306.588348 12.039078 250.000000
    vertex -306.639801 11.636272 250.000000
    vertex -306.639801 11.636272 -250.000000
  endloop
endfacet
facet normal 201.402664 -25.726318 0.000000
  outer loop
    vertex -306.588348 12.039078 250.000000
    vertex -306.639801 11.636272 -250.000000
    vertex -306.588348 12.039078 -250.000000
  endloop
endfacet
facet normal 201.402664 -25.527954 0.000000
  outer loop
    vertex -306.639801 11.636272 250.000000
    vertex -306.690857 11.233467 250.000000
    vertex -306.690857 11.233467 -250.000000
  endloop
endfacet
facet normal 201.402664 -25.527954 0.000000
  outer loop
    vertex -306.639801 11.636272 250.000000
    vertex -306.690857 11.233467 -250.000000
    vertex -306.639801 11.636272 -250.000000
  endloop
endfacet
facet normal 201.402664 -25.329590 0.000000
  outer loop
    vertex -306.690857 11.233467 250.000000
    vertex -306.741516 10.830662 250.000000
    vertex -306.741516 10.830662 -250.000000
  endloop
endfacet
facet normal 201.402664 -25.329590 0.000000
  outer loop
    vertex -306.690857 11.233467 250.000000
    vertex -306.741516 10.830662 -250.000000
    vertex -306.690857 11.233467 -250.000000
  endloop
endfacet
facet normal 201.403137 -25.131226 0.000000
  outer loop
    vertex -306.741516 10.830662 250.000000
    vertex -306.791779 10.427855 250.000000
    vertex -306.791779 10.427855 -250.000000
  endloop
endfacet
facet normal 201.403137 -25.131226 0.000000
  outer loop
    vertex -306.741516 10.830662 250.000000
    vertex -306.791779 10.427855 -250.000000
    vertex -306.741516 10.830662 -250.000000
  endloop
endfacet
facet normal 201.402664 -24.932861 0.000000
  outer loop
    vertex -306.791779 10.427855 250.000000
    vertex -306.841644 10.025050 250.000000
    vertex -306.841644 10.025050 -250.000000
  endloop
endfacet
facet normal 201.402664 -24.932861 0.000000
  outer loop
    vertex -306.791779 10.427855 250.000000
    vertex -306.841644 10.025050 -250.000000
    vertex -306.791779 10.427855 -250.000000
  endloop
endfacet
facet normal 201.402664 -24.734497 0.000000
  outer loop
    vertex -306.841644 10.025050 250.000000
    vertex -306.891113 9.622245 250.000000
    vertex -306.891113 9.622245 -250.000000
  endloop
endfacet
facet normal 201.402664 -24.734497 0.000000
  outer loop
    vertex -306.841644 10.025050 250.000000
    vertex -306.891113 9.622245 -250.000000
    vertex -306.841644 10.025050 -250.000000
  endloop
endfacet
facet normal 201.403137 -24.520874 0.000000
  outer loop
    vertex -306.891113 9.622245 250.000000
    vertex -306.940155 9.219439 250.000000
    vertex -306.940155 9.219439 -250.000000
  endloop
endfacet
facet normal 201.403137 -24.520874 0.000000
  outer loop
    vertex -306.891113 9.622245 250.000000
    vertex -306.940155 9.219439 -250.000000
    vertex -306.891113 9.622245 -250.000000
  endloop
endfacet
facet normal 201.402664 -24.322510 0.000000
  outer loop
    vertex -306.940155 9.219439 250.000000
    vertex -306.988800 8.816633 250.000000
    vertex -306.988800 8.816633 -250.000000
  endloop
endfacet
facet normal 201.402664 -24.322510 0.000000
  outer loop
    vertex -306.940155 9.219439 250.000000
    vertex -306.988800 8.816633 -250.000000
    vertex -306.940155 9.219439 -250.000000
  endloop
endfacet
facet normal 201.402664 -24.108887 0.000000
  outer loop
    vertex -306.988800 8.816633 250.000000
    vertex -307.037018 8.413828 250.000000
    vertex -307.037018 8.413828 -250.000000
  endloop
endfacet
facet normal 201.402664 -24.108887 0.000000
  outer loop
    vertex -306.988800 8.816633 250.000000
    vertex -307.037018 8.413828 -250.000000
    vertex -306.988800 8.816633 -250.000000
  endloop
endfacet
facet normal 201.403137 -23.895264 0.000000
  outer loop
    vertex -307.037018 8.413828 250.000000
    vertex -307.084808 8.011022 250.000000
    vertex -307.084808 8.011022 -250.000000
  endloop
endfacet
facet normal 201.403137 -23.895264 0.000000
  outer loop
    vertex -307.037018 8.413828 250.000000
    vertex -307.084808 8.011022 -250.000000
    vertex -307.037018 8.413828 -250.000000
  endloop
endfacet
facet normal 201.402664 -23.681641 0.000000
  outer loop
    vertex -307.084808 8.011022 250.000000
    vertex -307.132172 7.608216 250.000000
    vertex -307.132172 7.608216 -250.000000
  endloop
endfacet
facet normal 201.402664 -23.681641 0.000000
  outer loop
    vertex -307.084808 8.011022 250.000000
    vertex -307.132172 7.608216 -250.000000
    vertex -307.084808 8.011022 -250.000000
  endloop
endfacet
facet normal 201.402664 -23.468018 0.000000
  outer loop
    vertex -307.132172 7.608216 250.000000
    vertex -307.179108 7.205411 250.000000
    vertex -307.179108 7.205411 -250.000000
  endloop
endfacet
facet normal 201.402664 -23.468018 0.000000
  outer loop
    vertex -307.132172 7.608216 250.000000
    vertex -307.179108 7.205411 -250.000000
    vertex -307.132172 7.608216 -250.000000
  endloop
endfacet
facet normal 201.402908 -23.254395 0.000000
  outer loop
    vertex -307.179108 7.205411 250.000000
    vertex -307.225616 6.802605 250.000000
    vertex -307.225616 6.802605 -250.000000
  endloop
endfacet
facet normal 201.402908 -23.254395 0.000000
  outer loop
    vertex -307.179108 7.205411 250.000000
    vertex -307.225616 6.802605 -250.000000
    vertex -307.179108 7.205411 -250.000000
  endloop
endfacet
facet normal 201.402664 -23.040771 0.000000
  outer loop
    vertex -307.225616 6.802605 250.000000
    vertex -307.271698 6.399800 250.000000
    vertex -307.271698 6.399800 -250.000000
  endloop
endfacet
facet normal 201.402664 -23.040771 0.000000
  outer loop
    vertex -307.225616 6.802605 250.000000
    vertex -307.271698 6.399800 -250.000000
    vertex -307.225616 6.802605 -250.000000
  endloop
endfacet
facet normal 201.402908 -22.796631 0.000000
  outer loop
    vertex -307.271698 6.399800 250.000000
    vertex -307.317291 5.996994 250.000000
    vertex -307.317291 5.996994 -250.000000
  endloop
endfacet
facet normal 201.402908 -22.796631 0.000000
  outer loop
    vertex -307.271698 6.399800 250.000000
    vertex -307.317291 5.996994 -250.000000
    vertex -307.271698 6.399800 -250.000000
  endloop
endfacet
facet normal 201.402908 -22.598267 0.000000
  outer loop
    vertex -307.317291 5.996994 250.000000
    vertex -307.362488 5.594188 250.000000
    vertex -307.362488 5.594188 -250.000000
  endloop
endfacet
facet normal 201.402908 -22.598267 0.000000
  outer loop
    vertex -307.317291 5.996994 250.000000
    vertex -307.362488 5.594188 -250.000000
    vertex -307.317291 5.996994 -250.000000
  endloop
endfacet
facet normal 201.402664 -22.354126 0.000000
  outer loop
    vertex -307.362488 5.594188 250.000000
    vertex -307.407196 5.191383 250.000000
    vertex -307.407196 5.191383 -250.000000
  endloop
endfacet
facet normal 201.402664 -22.354126 0.000000
  outer loop
    vertex -307.362488 5.594188 250.000000
    vertex -307.407196 5.191383 -250.000000
    vertex -307.362488 5.594188 -250.000000
  endloop
endfacet
facet normal 201.402908 -22.125244 0.000000
  outer loop
    vertex -307.407196 5.191383 250.000000
    vertex -307.451447 4.788577 250.000000
    vertex -307.451447 4.788577 -250.000000
  endloop
endfacet
facet normal 201.402908 -22.125244 0.000000
  outer loop
    vertex -307.407196 5.191383 250.000000
    vertex -307.451447 4.788577 -250.000000
    vertex -307.407196 5.191383 -250.000000
  endloop
endfacet
facet normal 201.402664 -21.911621 0.000000
  outer loop
    vertex -307.451447 4.788577 250.000000
    vertex -307.495270 4.385772 250.000000
    vertex -307.495270 4.385772 -250.000000
  endloop
endfacet
facet normal 201.402664 -21.911621 0.000000
  outer loop
    vertex -307.451447 4.788577 250.000000
    vertex -307.495270 4.385772 -250.000000
    vertex -307.451447 4.788577 -250.000000
  endloop
endfacet
facet normal 201.402908 -21.652222 0.000000
  outer loop
    vertex -307.495270 4.385772 250.000000
    vertex -307.538574 3.982966 250.000000
    vertex -307.538574 3.982966 -250.000000
  endloop
endfacet
facet normal 201.402908 -21.652222 0.000000
  outer loop
    vertex -307.495270 4.385772 250.000000
    vertex -307.538574 3.982966 -250.000000
    vertex -307.495270 4.385772 -250.000000
  endloop
endfacet
facet normal 201.402786 -21.438599 0.000000
  outer loop
    vertex -307.538574 3.982966 250.000000
    vertex -307.581451 3.580160 250.000000
    vertex -307.581451 3.580160 -250.000000
  endloop
endfacet
facet normal 201.402786 -21.438599 0.000000
  outer loop
    vertex -307.538574 3.982966 250.000000
    vertex -307.581451 3.580160 -250.000000
    vertex -307.538574 3.982966 -250.000000
  endloop
endfacet
facet normal 201.402786 -21.179199 0.000000
  outer loop
    vertex -307.581451 3.580160 250.000000
    vertex -307.623810 3.177355 250.000000
    vertex -307.623810 3.177355 -250.000000
  endloop
endfacet
facet normal 201.402786 -21.179199 0.000000
  outer loop
    vertex -307.581451 3.580160 250.000000
    vertex -307.623810 3.177355 -250.000000
    vertex -307.581451 3.580160 -250.000000
  endloop
endfacet
facet normal 201.402908 -20.950317 0.000000
  outer loop
    vertex -307.623810 3.177355 250.000000
    vertex -307.665710 2.774549 250.000000
    vertex -307.665710 2.774549 -250.000000
  endloop
endfacet
facet normal 201.402908 -20.950317 0.000000
  outer loop
    vertex -307.623810 3.177355 250.000000
    vertex -307.665710 2.774549 -250.000000
    vertex -307.623810 3.177355 -250.000000
  endloop
endfacet
facet normal 201.402786 -20.706177 0.000000
  outer loop
    vertex -307.665710 2.774549 250.000000
    vertex -307.707123 2.371743 250.000000
    vertex -307.707123 2.371743 -250.000000
  endloop
endfacet
facet normal 201.402786 -20.706177 0.000000
  outer loop
    vertex -307.665710 2.774549 250.000000
    vertex -307.707123 2.371743 -250.000000
    vertex -307.665710 2.774549 -250.000000
  endloop
endfacet
facet normal 201.402786 -20.446777 0.000000
  outer loop
    vertex -307.707123 2.371743 250.000000
    vertex -307.748016 1.968938 250.000000
    vertex -307.748016 1.968938 -250.000000
  endloop
endfacet
facet normal 201.402786 -20.446777 0.000000
  outer loop
    vertex -307.707123 2.371743 250.000000
    vertex -307.748016 1.968938 -250.000000
    vertex -307.707123 2.371743 -250.000000
  endloop
endfacet
facet normal 201.402786 -20.202637 0.000000
  outer loop
    vertex -307.748016 1.968938 250.000000
    vertex -307.788422 1.566132 250.000000
    vertex -307.788422 1.566132 -250.000000
  endloop
endfacet
facet normal 201.402786 -20.202637 0.000000
  outer loop
    vertex -307.748016 1.968938 250.000000
    vertex -307.788422 1.566132 -250.000000
    vertex -307.748016 1.968938 -250.000000
  endloop
endfacet
facet normal 201.402847 -19.943237 0.000000
  outer loop
    vertex -307.788422 1.566132 250.000000
    vertex -307.828308 1.163327 250.000000
    vertex -307.828308 1.163327 -250.000000
  endloop
endfacet
facet normal 201.402847 -19.943237 0.000000
  outer loop
    vertex -307.788422 1.566132 250.000000
    vertex -307.828308 1.163327 -250.000000
    vertex -307.788422 1.566132 -250.000000
  endloop
endfacet
facet normal 201.402786 -19.699097 0.000000
  outer loop
    vertex -307.828308 1.163327 250.000000
    vertex -307.867706 0.760521 250.000000
    vertex -307.867706 0.760521 -250.000000
  endloop
endfacet
facet normal 201.402786 -19.699097 0.000000
  outer loop
    vertex -307.828308 1.163327 250.000000
    vertex -307.867706 0.760521 -250.000000
    vertex -307.828308 1.163327 -250.000000
  endloop
endfacet
facet normal 201.402817 -19.424438 0.000000
  outer loop
    vertex -307.867706 0.760521 250.000000
    vertex -307.906555 0.357715 250.000000
    vertex -307.906555 0.357715 -250.000000
  endloop
endfacet
facet normal 201.402817 -19.424438 0.000000
  outer loop
    vertex -307.867706 0.760521 250.000000
    vertex -307.906555 0.357715 -250.000000
    vertex -307.867706 0.760521 -250.000000
  endloop
endfacet
facet normal 201.402802 -19.165039 0.000000
  outer loop
    vertex -307.906555 0.357715 250.000000
    vertex -307.944885 -0.045090 250.000000
    vertex -307.944885 -0.045090 -250.000000
  endloop
endfacet
facet normal 201.402802 -19.165039 0.000000
  outer loop
    vertex -307.906555 0.357715 250.000000
    vertex -307.944885 -0.045090 -250.000000
    vertex -307.906555 0.357715 -250.000000
  endloop
endfacet
facet normal 201.402817 -18.905640 0.000000
  outer loop
    vertex -307.944885 -0.045090 250.000000
    vertex -307.982697 -0.447896 250.000000
    vertex -307.982697 -0.447896 -250.000000
  endloop
endfacet
facet normal 201.402817 -18.905640 0.000000
  outer loop
    vertex -307.944885 -0.045090 250.000000
    vertex -307.982697 -0.447896 -250.000000
    vertex -307.944885 -0.045090 -250.000000
  endloop
endfacet
facet normal 201.402802 -18.630981 0.000000
  outer loop
    vertex -307.982697 -0.447896 250.000000
    vertex -308.019958 -0.850701 250.000000
    vertex -308.019958 -0.850701 -250.000000
  endloop
endfacet
facet normal 201.402802 -18.630981 0.000000
  outer loop
    vertex -307.982697 -0.447896 250.000000
    vertex -308.019958 -0.850701 -250.000000
    vertex -307.982697 -0.447896 -250.000000
  endloop
endfacet
facet normal 201.402817 -18.356323 0.000000
  outer loop
    vertex -308.019958 -0.850701 250.000000
    vertex -308.056671 -1.253507 250.000000
    vertex -308.056671 -1.253507 -250.000000
  endloop
endfacet
facet normal 201.402817 -18.356323 0.000000
  outer loop
    vertex -308.019958 -0.850701 250.000000
    vertex -308.056671 -1.253507 -250.000000
    vertex -308.019958 -0.850701 -250.000000
  endloop
endfacet
facet normal 201.402786 -18.081665 0.000000
  outer loop
    vertex -308.056671 -1.253507 250.000000
    vertex -308.092834 -1.656313 250.000000
    vertex -308.092834 -1.656313 -250.000000
  endloop
endfacet
facet normal 201.402786 -18.081665 0.000000
  outer loop
    vertex -308.056671 -1.253507 250.000000
    vertex -308.092834 -1.656313 -250.000000
    vertex -308.056671 -1.253507 -250.000000
  endloop
endfacet
facet normal 201.402847 -17.791748 0.000000
  outer loop
    vertex -308.092834 -1.656313 250.000000
    vertex -308.128418 -2.059118 250.000000
    vertex -308.128418 -2.059118 -250.000000
  endloop
endfacet
facet normal 201.402847 -17.791748 0.000000
  outer loop
    vertex -308.092834 -1.656313 250.000000
    vertex -308.128418 -2.059118 -250.000000
    vertex -308.092834 -1.656313 -250.000000
  endloop
endfacet
facet normal 201.402786 -17.517090 0.000000
  outer loop
    vertex -308.128418 -2.059118 250.000000
    vertex -308.163452 -2.461924 250.000000
    vertex -308.163452 -2.461924 -250.000000
  endloop
endfacet
facet normal 201.402786 -17.517090 0.000000
  outer loop
    vertex -308.128418 -2.059118 250.000000
    vertex -308.163452 -2.461924 -250.000000
    vertex -308.128418 -2.059118 -250.000000
  endloop
endfacet
facet normal 201.402786 -17.227173 0.000000
  outer loop
    vertex -308.163452 -2.461924 250.000000
    vertex -308.197906 -2.864729 250.000000
    vertex -308.197906 -2.864729 -250.000000
  endloop
endfacet
facet normal 201.402786 -17.227173 0.000000
  outer loop
    vertex -308.163452 -2.461924 250.000000
    vertex -308.197906 -2.864729 -250.000000
    vertex -308.163452 -2.461924 -250.000000
  endloop
endfacet
facet normal 201.402786 -16.937256 0.000000
  outer loop
    vertex -308.197906 -2.864729 250.000000
    vertex -308.231781 -3.267535 250.000000
    vertex -308.231781 -3.267535 -250.000000
  endloop
endfacet
facet normal 201.402786 -16.937256 0.000000
  outer loop
    vertex -308.197906 -2.864729 250.000000
    vertex -308.231781 -3.267535 -250.000000
    vertex -308.197906 -2.864729 -250.000000
  endloop
endfacet
facet normal 201.402908 -16.632080 0.000000
  outer loop
    vertex -308.231781 -3.267535 250.000000
    vertex -308.265045 -3.670341 250.000000
    vertex -308.265045 -3.670341 -250.000000
  endloop
endfacet
facet normal 201.402908 -16.632080 0.000000
  outer loop
    vertex -308.231781 -3.267535 250.000000
    vertex -308.265045 -3.670341 -250.000000
    vertex -308.231781 -3.267535 -250.000000
  endloop
endfacet
facet normal 201.402786 -16.342163 0.000000
  outer loop
    vertex -308.265045 -3.670341 250.000000
    vertex -308.297729 -4.073146 250.000000
    vertex -308.297729 -4.073146 -250.000000
  endloop
endfacet
facet normal 201.402786 -16.342163 0.000000
  outer loop
    vertex -308.265045 -3.670341 250.000000
    vertex -308.297729 -4.073146 -250.000000
    vertex -308.265045 -3.670341 -250.000000
  endloop
endfacet
facet normal 201.402664 -16.036987 0.000000
  outer loop
    vertex -308.297729 -4.073146 250.000000
    vertex -308.329803 -4.475952 250.000000
    vertex -308.329803 -4.475952 -250.000000
  endloop
endfacet
facet normal 201.402664 -16.036987 0.000000
  outer loop
    vertex -308.297729 -4.073146 250.000000
    vertex -308.329803 -4.475952 -250.000000
    vertex -308.297729 -4.073146 -250.000000
  endloop
endfacet
facet normal 201.402908 -15.731812 0.000000
  outer loop
    vertex -308.329803 -4.475952 250.000000
    vertex -308.361267 -4.878757 250.000000
    vertex -308.361267 -4.878757 -250.000000
  endloop
endfacet
facet normal 201.402908 -15.731812 0.000000
  outer loop
    vertex -308.329803 -4.475952 250.000000
    vertex -308.361267 -4.878757 -250.000000
    vertex -308.329803 -4.475952 -250.000000
  endloop
endfacet
facet normal 201.402908 -15.426636 0.000000
  outer loop
    vertex -308.361267 -4.878757 250.000000
    vertex -308.392120 -5.281563 250.000000
    vertex -308.392120 -5.281563 -250.000000
  endloop
endfacet
facet normal 201.402908 -15.426636 0.000000
  outer loop
    vertex -308.361267 -4.878757 250.000000
    vertex -308.392120 -5.281563 -250.000000
    vertex -308.361267 -4.878757 -250.000000
  endloop
endfacet
facet normal 201.402664 -15.106201 0.000000
  outer loop
    vertex -308.392120 -5.281563 250.000000
    vertex -308.422333 -5.684369 250.000000
    vertex -308.422333 -5.684369 -250.000000
  endloop
endfacet
facet normal 201.402664 -15.106201 0.000000
  outer loop
    vertex -308.392120 -5.281563 250.000000
    vertex -308.422333 -5.684369 -250.000000
    vertex -308.392120 -5.281563 -250.000000
  endloop
endfacet
facet normal 201.402908 -14.770508 0.000000
  outer loop
    vertex -308.422333 -5.684369 250.000000
    vertex -308.451874 -6.087174 250.000000
    vertex -308.451874 -6.087174 -250.000000
  endloop
endfacet
facet normal 201.402908 -14.770508 0.000000
  outer loop
    vertex -308.422333 -5.684369 250.000000
    vertex -308.451874 -6.087174 -250.000000
    vertex -308.422333 -5.684369 -250.000000
  endloop
endfacet
facet normal 201.402664 -14.465332 0.000000
  outer loop
    vertex -308.451874 -6.087174 250.000000
    vertex -308.480804 -6.489980 250.000000
    vertex -308.480804 -6.489980 -250.000000
  endloop
endfacet
facet normal 201.402664 -14.465332 0.000000
  outer loop
    vertex -308.451874 -6.087174 250.000000
    vertex -308.480804 -6.489980 -250.000000
    vertex -308.451874 -6.087174 -250.000000
  endloop
endfacet
facet normal 201.402908 -14.129639 0.000000
  outer loop
    vertex -308.480804 -6.489980 250.000000
    vertex -308.509064 -6.892786 250.000000
    vertex -308.509064 -6.892786 -250.000000
  endloop
endfacet
facet normal 201.402908 -14.129639 0.000000
  outer loop
    vertex -308.480804 -6.489980 250.000000
    vertex -308.509064 -6.892786 -250.000000
    vertex -308.480804 -6.489980 -250.000000
  endloop
endfacet
facet normal 201.402908 -13.793945 0.000000
  outer loop
    vertex -308.509064 -6.892786 250.000000
    vertex -308.536652 -7.295591 250.000000
    vertex -308.536652 -7.295591 -250.000000
  endloop
endfacet
facet normal 201.402908 -13.793945 0.000000
  outer loop
    vertex -308.509064 -6.892786 250.000000
    vertex -308.536652 -7.295591 -250.000000
    vertex -308.509064 -6.892786 -250.000000
  endloop
endfacet
facet normal 201.402664 -13.458252 0.000000
  outer loop
    vertex -308.536652 -7.295591 250.000000
    vertex -308.563568 -7.698397 250.000000
    vertex -308.563568 -7.698397 -250.000000
  endloop
endfacet
facet normal 201.402664 -13.458252 0.000000
  outer loop
    vertex -308.536652 -7.295591 250.000000
    vertex -308.563568 -7.698397 -250.000000
    vertex -308.536652 -7.295591 -250.000000
  endloop
endfacet
facet normal 201.402664 -13.122559 0.000000
  outer loop
    vertex -308.563568 -7.698397 250.000000
    vertex -308.589813 -8.101202 250.000000
    vertex -308.589813 -8.101202 -250.000000
  endloop
endfacet
facet normal 201.402664 -13.122559 0.000000
  outer loop
    vertex -308.563568 -7.698397 250.000000
    vertex -308.589813 -8.101202 -250.000000
    vertex -308.563568 -7.698397 -250.000000
  endloop
endfacet
facet normal 201.403137 -12.771606 0.000000
  outer loop
    vertex -308.589813 -8.101202 250.000000
    vertex -308.615356 -8.504008 250.000000
    vertex -308.615356 -8.504008 -250.000000
  endloop
endfacet
facet normal 201.403137 -12.771606 0.000000
  outer loop
    vertex -308.589813 -8.101202 250.000000
    vertex -308.615356 -8.504008 -250.000000
    vertex -308.589813 -8.101202 -250.000000
  endloop
endfacet
facet normal 201.402664 -12.420654 0.000000
  outer loop
    vertex -308.615356 -8.504008 250.000000
    vertex -308.640198 -8.906814 250.000000
    vertex -308.640198 -8.906814 -250.000000
  endloop
endfacet
facet normal 201.402664 -12.420654 0.000000
  outer loop
    vertex -308.615356 -8.504008 250.000000
    vertex -308.640198 -8.906814 -250.000000
    vertex -308.615356 -8.504008 -250.000000
  endloop
endfacet
facet normal 201.402664 -12.054443 0.000000
  outer loop
    vertex -308.640198 -8.906814 250.000000
    vertex -308.664307 -9.309619 250.000000
    vertex -308.664307 -9.309619 -250.000000
  endloop
endfacet
facet normal 201.402664 -12.054443 0.000000
  outer loop
    vertex -308.640198 -8.906814 250.000000
    vertex -308.664307 -9.309619 -250.000000
    vertex -308.640198 -8.906814 -250.000000
  endloop
endfacet
facet normal 201.403137 -11.688232 0.000000
  outer loop
    vertex -308.664307 -9.309619 250.000000
    vertex -308.687683 -9.712425 250.000000
    vertex -308.687683 -9.712425 -250.000000
  endloop
endfacet
facet normal 201.403137 -11.688232 0.000000
  outer loop
    vertex -308.664307 -9.309619 250.000000
    vertex -308.687683 -9.712425 -250.000000
    vertex -308.664307 -9.309619 -250.000000
  endloop
endfacet
facet normal 201.402664 -11.337280 0.000000
  outer loop
    vertex -308.687683 -9.712425 250.000000
    vertex -308.710358 -10.115231 250.000000
    vertex -308.710358 -10.115231 -250.000000
  endloop
endfacet
facet normal 201.402664 -11.337280 0.000000
  outer loop
    vertex -308.687683 -9.712425 250.000000
    vertex -308.710358 -10.115231 -250.000000
    vertex -308.687683 -9.712425 -250.000000
  endloop
endfacet
facet normal 201.402664 -10.955811 0.000000
  outer loop
    vertex -308.710358 -10.115231 250.000000
    vertex -308.732269 -10.518036 250.000000
    vertex -308.732269 -10.518036 -250.000000
  endloop
endfacet
facet normal 201.402664 -10.955811 0.000000
  outer loop
    vertex -308.710358 -10.115231 250.000000
    vertex -308.732269 -10.518036 -250.000000
    vertex -308.710358 -10.115231 -250.000000
  endloop
endfacet
facet normal 201.402664 -10.574341 0.000000
  outer loop
    vertex -308.732269 -10.518036 250.000000
    vertex -308.753418 -10.920841 250.000000
    vertex -308.753418 -10.920841 -250.000000
  endloop
endfacet
facet normal 201.402664 -10.574341 0.000000
  outer loop
    vertex -308.732269 -10.518036 250.000000
    vertex -308.753418 -10.920841 -250.000000
    vertex -308.732269 -10.518036 -250.000000
  endloop
endfacet
facet normal 201.403137 -10.192871 0.000000
  outer loop
    vertex -308.753418 -10.920841 250.000000
    vertex -308.773804 -11.323647 250.000000
    vertex -308.773804 -11.323647 -250.000000
  endloop
endfacet
facet normal 201.403137 -10.192871 0.000000
  outer loop
    vertex -308.753418 -10.920841 250.000000
    vertex -308.773804 -11.323647 -250.000000
    vertex -308.753418 -10.920841 -250.000000
  endloop
endfacet
facet normal 201.402664 -9.796143 0.000000
  outer loop
    vertex -308.773804 -11.323647 250.000000
    vertex -308.793396 -11.726453 250.000000
    vertex -308.793396 -11.726453 -250.000000
  endloop
endfacet
facet normal 201.402664 -9.796143 0.000000
  outer loop
    vertex -308.773804 -11.323647 250.000000
    vertex -308.793396 -11.726453 -250.000000
    vertex -308.773804 -11.323647 -250.000000
  endloop
endfacet
facet normal 201.402664 -9.399414 0.000000
  outer loop
    vertex -308.793396 -11.726453 250.000000
    vertex -308.812195 -12.129258 250.000000
    vertex -308.812195 -12.129258 -250.000000
  endloop
endfacet
facet normal 201.402664 -9.399414 0.000000
  outer loop
    vertex -308.793396 -11.726453 250.000000
    vertex -308.812195 -12.129258 -250.000000
    vertex -308.793396 -11.726453 -250.000000
  endloop
endfacet
facet normal 201.403137 -9.002686 0.000000
  outer loop
    vertex -308.812195 -12.129258 250.000000
    vertex -308.830200 -12.532064 250.000000
    vertex -308.830200 -12.532064 -250.000000
  endloop
endfacet
facet normal 201.403137 -9.002686 0.000000
  outer loop
    vertex -308.812195 -12.129258 250.000000
    vertex -308.830200 -12.532064 -250.000000
    vertex -308.812195 -12.129258 -250.000000
  endloop
endfacet
facet normal 201.402664 -8.605957 0.000000
  outer loop
    vertex -308.830200 -12.532064 250.000000
    vertex -308.847412 -12.934870 250.000000
    vertex -308.847412 -12.934870 -250.000000
  endloop
endfacet
facet normal 201.402664 -8.605957 0.000000
  outer loop
    vertex -308.830200 -12.532064 250.000000
    vertex -308.847412 -12.934870 -250.000000
    vertex -308.830200 -12.532064 -250.000000
  endloop
endfacet
facet normal 201.402664 -8.178711 0.000000
  outer loop
    vertex -308.847412 -12.934870 250.000000
    vertex -308.863770 -13.337675 250.000000
    vertex -308.863770 -13.337675 -250.000000
  endloop
endfacet
facet normal 201.402664 -8.178711 0.000000
  outer loop
    vertex -308.847412 -12.934870 250.000000
    vertex -308.863770 -13.337675 -250.000000
    vertex -308.847412 -12.934870 -250.000000
  endloop
endfacet
facet normal 201.403137 -7.751465 0.000000
  outer loop
    vertex -308.863770 -13.337675 250.000000
    vertex -308.879272 -13.740481 250.000000
    vertex -308.879272 -13.740481 -250.000000
  endloop
endfacet
facet normal 201.403137 -7.751465 0.000000
  outer loop
    vertex -308.863770 -13.337675 250.000000
    vertex -308.879272 -13.740481 -250.000000
    vertex -308.863770 -13.337675 -250.000000
  endloop
endfacet
facet normal 201.402664 -7.339478 0.000000
  outer loop
    vertex -308.879272 -13.740481 250.000000
    vertex -308.893951 -14.143287 250.000000
    vertex -308.893951 -14.143287 -250.000000
  endloop
endfacet
facet normal 201.402664 -7.339478 0.000000
  outer loop
    vertex -308.879272 -13.740481 250.000000
    vertex -308.893951 -14.143287 -250.000000
    vertex -308.879272 -13.740481 -250.000000
  endloop
endfacet
facet normal 201.402664 -6.896973 0.000000
  outer loop
    vertex -308.893951 -14.143287 250.000000
    vertex -308.907745 -14.546092 250.000000
    vertex -308.907745 -14.546092 -250.000000
  endloop
endfacet
facet normal 201.402664 -6.896973 0.000000
  outer loop
    vertex -308.893951 -14.143287 250.000000
    vertex -308.907745 -14.546092 -250.000000
    vertex -308.893951 -14.143287 -250.000000
  endloop
endfacet
facet normal 201.402664 -6.454468 0.000000
  outer loop
    vertex -308.907745 -14.546092 250.000000
    vertex -308.920654 -14.948897 250.000000
    vertex -308.920654 -14.948897 -250.000000
  endloop
endfacet
facet normal 201.402664 -6.454468 0.000000
  outer loop
    vertex -308.907745 -14.546092 250.000000
    vertex -308.920654 -14.948897 -250.000000
    vertex -308.907745 -14.546092 -250.000000
  endloop
endfacet
facet normal 201.403137 -6.011963 0.000000
  outer loop
    vertex -308.920654 -14.948897 250.000000
    vertex -308.932678 -15.351704 250.000000
    vertex -308.932678 -15.351704 -250.000000
  endloop
endfacet
facet normal 201.403137 -6.011963 0.000000
  outer loop
    vertex -308.920654 -14.948897 250.000000
    vertex -308.932678 -15.351704 -250.000000
    vertex -308.920654 -14.948897 -250.000000
  endloop
endfacet
facet normal 201.402664 -5.554199 0.000000
  outer loop
    vertex -308.932678 -15.351704 250.000000
    vertex -308.943787 -15.754509 250.000000
    vertex -308.943787 -15.754509 -250.000000
  endloop
endfacet
facet normal 201.402664 -5.554199 0.000000
  outer loop
    vertex -308.932678 -15.351704 250.000000
    vertex -308.943787 -15.754509 -250.000000
    vertex -308.932678 -15.351704 -250.000000
  endloop
endfacet
facet normal 201.402664 -5.096436 0.000000
  outer loop
    vertex -308.943787 -15.754509 250.000000
    vertex -308.953979 -16.157314 250.000000
    vertex -308.953979 -16.157314 -250.000000
  endloop
endfacet
facet normal 201.402664 -5.096436 0.000000
  outer loop
    vertex -308.943787 -15.754509 250.000000
    vertex -308.953979 -16.157314 -250.000000
    vertex -308.943787 -15.754509 -250.000000
  endloop
endfacet
facet normal 201.402664 -4.623413 0.000000
  outer loop
    vertex -308.953979 -16.157314 250.000000
    vertex -308.963226 -16.560120 250.000000
    vertex -308.963226 -16.560120 -250.000000
  endloop
endfacet
facet normal 201.402664 -4.623413 0.000000
  outer loop
    vertex -308.953979 -16.157314 250.000000
    vertex -308.963226 -16.560120 -250.000000
    vertex -308.953979 -16.157314 -250.000000
  endloop
endfacet
facet normal 201.402664 -4.150391 0.000000
  outer loop
    vertex -308.963226 -16.560120 250.000000
    vertex -308.971527 -16.962925 250.000000
    vertex -308.971527 -16.962925 -250.000000
  endloop
endfacet
facet normal 201.402664 -4.150391 0.000000
  outer loop
    vertex -308.963226 -16.560120 250.000000
    vertex -308.971527 -16.962925 -250.000000
    vertex -308.963226 -16.560120 -250.000000
  endloop
endfacet
facet normal 201.403625 -3.662109 0.000000
  outer loop
    vertex -308.971527 -16.962925 250.000000
    vertex -308.978851 -17.365732 250.000000
    vertex -308.978851 -17.365732 -250.000000
  endloop
endfacet
facet normal 201.403625 -3.662109 0.000000
  outer loop
    vertex -308.971527 -16.962925 250.000000
    vertex -308.978851 -17.365732 -250.000000
    vertex -308.971527 -16.962925 -250.000000
  endloop
endfacet
facet normal 201.402664 -3.173828 0.000000
  outer loop
    vertex -308.978851 -17.365732 250.000000
    vertex -308.985199 -17.768538 250.000000
    vertex -308.985199 -17.768538 -250.000000
  endloop
endfacet
facet normal 201.402664 -3.173828 0.000000
  outer loop
    vertex -308.978851 -17.365732 250.000000
    vertex -308.985199 -17.768538 -250.000000
    vertex -308.978851 -17.365732 -250.000000
  endloop
endfacet
facet normal 201.402664 -2.670288 0.000000
  outer loop
    vertex -308.985199 -17.768538 250.000000
    vertex -308.990540 -18.171343 250.000000
    vertex -308.990540 -18.171343 -250.000000
  endloop
endfacet
facet normal 201.402664 -2.670288 0.000000
  outer loop
    vertex -308.985199 -17.768538 250.000000
    vertex -308.990540 -18.171343 -250.000000
    vertex -308.985199 -17.768538 -250.000000
  endloop
endfacet
facet normal 201.402664 -2.166748 0.000000
  outer loop
    vertex -308.990540 -18.171343 250.000000
    vertex -308.994873 -18.574148 250.000000
    vertex -308.994873 -18.574148 -250.000000
  endloop
endfacet
facet normal 201.402664 -2.166748 0.000000
  outer loop
    vertex -308.990540 -18.171343 250.000000
    vertex -308.994873 -18.574148 -250.000000
    vertex -308.990540 -18.171343 -250.000000
  endloop
endfacet
facet normal 201.402664 -1.647949 0.000000
  outer loop
    vertex -308.994873 -18.574148 250.000000
    vertex -308.998169 -18.976954 250.000000
    vertex -308.998169 -18.976954 -250.000000
  endloop
endfacet
facet normal 201.402664 -1.647949 0.000000
  outer loop
    vertex -308.994873 -18.574148 250.000000
    vertex -308.998169 -18.976954 -250.000000
    vertex -308.994873 -18.574148 -250.000000
  endloop
endfacet
facet normal 201.402664 -1.113892 0.000000
  outer loop
    vertex -308.998169 -18.976954 250.000000
    vertex -309.000397 -19.379759 250.000000
    vertex -309.000397 -19.379759 -250.000000
  endloop
endfacet
facet normal 201.402664 -1.113892 0.000000
  outer loop
    vertex -308.998169 -18.976954 250.000000
    vertex -309.000397 -19.379759 -250.000000
    vertex -308.998169 -18.976954 -250.000000
  endloop
endfacet
facet normal 201.403625 -0.579834 0.000000
  outer loop
    vertex -309.000397 -19.379759 250.000000
    vertex -309.001556 -19.782566 250.000000
    vertex -309.001556 -19.782566 -250.000000
  endloop
endfacet
facet normal 201.403625 -0.579834 0.000000
  outer loop
    vertex -309.000397 -19.379759 250.000000
    vertex -309.001556 -19.782566 -250.000000
    vertex -309.000397 -19.379759 -250.000000
  endloop
endfacet
facet normal 201.402664 -0.045776 0.000000
  outer loop
    vertex -309.001556 -19.782566 250.000000
    vertex -309.001648 -20.185371 250.000000
    vertex -309.001648 -20.185371 -250.000000
  endloop
endfacet
facet normal 201.402664 -0.045776 0.000000
  outer loop
    vertex -309.001556 -19.782566 250.000000
    vertex -309.001648 -20.185371 -250.000000
    vertex -309.001556 -19.782566 -250.000000
  endloop
endfacet
facet normal 201.402664 0.518799 0.000000
  outer loop
    vertex -309.001648 -20.185371 250.000000
    vertex -309.000610 -20.588177 250.000000
    vertex -309.000610 -20.588177 -250.000000
  endloop
endfacet
facet normal 201.402664 0.518799 0.000000
  outer loop
    vertex -309.001648 -20.185371 250.000000
    vertex -309.000610 -20.588177 -250.000000
    vertex -309.001648 -20.185371 -250.000000
  endloop
endfacet
facet normal 201.402664 1.083374 0.000000
  outer loop
    vertex -309.000610 -20.588177 250.000000
    vertex -308.998444 -20.990982 250.000000
    vertex -308.998444 -20.990982 -250.000000
  endloop
endfacet
facet normal 201.402664 1.083374 0.000000
  outer loop
    vertex -309.000610 -20.588177 250.000000
    vertex -308.998444 -20.990982 -250.000000
    vertex -309.000610 -20.588177 -250.000000
  endloop
endfacet
facet normal 201.402664 1.647949 0.000000
  outer loop
    vertex -308.998444 -20.990982 250.000000
    vertex -308.995148 -21.393787 250.000000
    vertex -308.995148 -21.393787 -250.000000
  endloop
endfacet
facet normal 201.402664 1.647949 0.000000
  outer loop
    vertex -308.998444 -20.990982 250.000000
    vertex -308.995148 -21.393787 -250.000000
    vertex -308.998444 -20.990982 -250.000000
  endloop
endfacet
facet normal 201.402664 2.243042 0.000000
  outer loop
    vertex -308.995148 -21.393787 250.000000
    vertex -308.990662 -21.796593 250.000000
    vertex -308.990662 -21.796593 -250.000000
  endloop
endfacet
facet normal 201.402664 2.243042 0.000000
  outer loop
    vertex -308.995148 -21.393787 250.000000
    vertex -308.990662 -21.796593 -250.000000
    vertex -308.995148 -21.393787 -250.000000
  endloop
endfacet
facet normal 201.402664 2.838135 0.000000
  outer loop
    vertex -308.990662 -21.796593 250.000000
    vertex -308.984985 -22.199398 250.000000
    vertex -308.984985 -22.199398 -250.000000
  endloop
endfacet
facet normal 201.402664 2.838135 0.000000
  outer loop
    vertex -308.990662 -21.796593 250.000000
    vertex -308.984985 -22.199398 -250.000000
    vertex -308.990662 -21.796593 -250.000000
  endloop
endfacet
facet normal 201.403625 3.433228 0.000000
  outer loop
    vertex -308.984985 -22.199398 250.000000
    vertex -308.978119 -22.602205 250.000000
    vertex -308.978119 -22.602205 -250.000000
  endloop
endfacet
facet normal 201.403625 3.433228 0.000000
  outer loop
    vertex -308.984985 -22.199398 250.000000
    vertex -308.978119 -22.602205 -250.000000
    vertex -308.984985 -22.199398 -250.000000
  endloop
endfacet
facet normal 201.402664 4.058838 0.000000
  outer loop
    vertex -308.978119 -22.602205 250.000000
    vertex -308.970001 -23.005011 250.000000
    vertex -308.970001 -23.005011 -250.000000
  endloop
endfacet
facet normal 201.402664 4.058838 0.000000
  outer loop
    vertex -308.978119 -22.602205 250.000000
    vertex -308.970001 -23.005011 -250.000000
    vertex -308.978119 -22.602205 -250.000000
  endloop
endfacet
facet normal 201.402664 4.684448 0.000000
  outer loop
    vertex -308.970001 -23.005011 250.000000
    vertex -308.960632 -23.407816 250.000000
    vertex -308.960632 -23.407816 -250.000000
  endloop
endfacet
facet normal 201.402664 4.684448 0.000000
  outer loop
    vertex -308.970001 -23.005011 250.000000
    vertex -308.960632 -23.407816 -250.000000
    vertex -308.970001 -23.005011 -250.000000
  endloop
endfacet
facet normal 201.402664 5.325317 0.000000
  outer loop
    vertex -308.960632 -23.407816 250.000000
    vertex -308.949982 -23.810621 250.000000
    vertex -308.949982 -23.810621 -250.000000
  endloop
endfacet
facet normal 201.402664 5.325317 0.000000
  outer loop
    vertex -308.960632 -23.407816 250.000000
    vertex -308.949982 -23.810621 -250.000000
    vertex -308.960632 -23.407816 -250.000000
  endloop
endfacet
facet normal 201.402664 5.981445 0.000000
  outer loop
    vertex -308.949982 -23.810621 250.000000
    vertex -308.938019 -24.213427 250.000000
    vertex -308.938019 -24.213427 -250.000000
  endloop
endfacet
facet normal 201.402664 5.981445 0.000000
  outer loop
    vertex -308.949982 -23.810621 250.000000
    vertex -308.938019 -24.213427 -250.000000
    vertex -308.949982 -23.810621 -250.000000
  endloop
endfacet
facet normal 201.402664 6.652832 0.000000
  outer loop
    vertex -308.938019 -24.213427 250.000000
    vertex -308.924713 -24.616232 250.000000
    vertex -308.924713 -24.616232 -250.000000
  endloop
endfacet
facet normal 201.402664 6.652832 0.000000
  outer loop
    vertex -308.938019 -24.213427 250.000000
    vertex -308.924713 -24.616232 -250.000000
    vertex -308.938019 -24.213427 -250.000000
  endloop
endfacet
facet normal 201.402664 7.324219 0.000000
  outer loop
    vertex -308.924713 -24.616232 250.000000
    vertex -308.910065 -25.019037 250.000000
    vertex -308.910065 -25.019037 -250.000000
  endloop
endfacet
facet normal 201.402664 7.324219 0.000000
  outer loop
    vertex -308.924713 -24.616232 250.000000
    vertex -308.910065 -25.019037 -250.000000
    vertex -308.924713 -24.616232 -250.000000
  endloop
endfacet
facet normal 201.403625 8.010864 0.000000
  outer loop
    vertex -308.910065 -25.019037 250.000000
    vertex -308.894043 -25.421844 250.000000
    vertex -308.894043 -25.421844 -250.000000
  endloop
endfacet
facet normal 201.403625 8.010864 0.000000
  outer loop
    vertex -308.910065 -25.019037 250.000000
    vertex -308.894043 -25.421844 -250.000000
    vertex -308.910065 -25.019037 -250.000000
  endloop
endfacet
facet normal 201.402664 8.728027 0.000000
  outer loop
    vertex -308.894043 -25.421844 250.000000
    vertex -308.876587 -25.824650 250.000000
    vertex -308.876587 -25.824650 -250.000000
  endloop
endfacet
facet normal 201.402664 8.728027 0.000000
  outer loop
    vertex -308.894043 -25.421844 250.000000
    vertex -308.876587 -25.824650 -250.000000
    vertex -308.894043 -25.421844 -250.000000
  endloop
endfacet
facet normal 201.402664 9.445190 0.000000
  outer loop
    vertex -308.876587 -25.824650 250.000000
    vertex -308.857697 -26.227455 250.000000
    vertex -308.857697 -26.227455 -250.000000
  endloop
endfacet
facet normal 201.402664 9.445190 0.000000
  outer loop
    vertex -308.876587 -25.824650 250.000000
    vertex -308.857697 -26.227455 -250.000000
    vertex -308.876587 -25.824650 -250.000000
  endloop
endfacet
facet normal 201.402664 10.162354 0.000000
  outer loop
    vertex -308.857697 -26.227455 250.000000
    vertex -308.837372 -26.630260 250.000000
    vertex -308.837372 -26.630260 -250.000000
  endloop
endfacet
facet normal 201.402664 10.162354 0.000000
  outer loop
    vertex -308.857697 -26.227455 250.000000
    vertex -308.837372 -26.630260 -250.000000
    vertex -308.857697 -26.227455 -250.000000
  endloop
endfacet
facet normal 201.402664 10.940552 0.000000
  outer loop
    vertex -308.837372 -26.630260 250.000000
    vertex -308.815491 -27.033066 250.000000
    vertex -308.815491 -27.033066 -250.000000
  endloop
endfacet
facet normal 201.402664 10.940552 0.000000
  outer loop
    vertex -308.837372 -26.630260 250.000000
    vertex -308.815491 -27.033066 -250.000000
    vertex -308.837372 -26.630260 -250.000000
  endloop
endfacet
facet normal 201.402664 11.688232 0.000000
  outer loop
    vertex -308.815491 -27.033066 250.000000
    vertex -308.792114 -27.435871 250.000000
    vertex -308.792114 -27.435871 -250.000000
  endloop
endfacet
facet normal 201.402664 11.688232 0.000000
  outer loop
    vertex -308.815491 -27.033066 250.000000
    vertex -308.792114 -27.435871 -250.000000
    vertex -308.815491 -27.033066 -250.000000
  endloop
endfacet
facet normal 201.402664 12.481689 0.000000
  outer loop
    vertex -308.792114 -27.435871 250.000000
    vertex -308.767151 -27.838676 250.000000
    vertex -308.767151 -27.838676 -250.000000
  endloop
endfacet
facet normal 201.402664 12.481689 0.000000
  outer loop
    vertex -308.792114 -27.435871 250.000000
    vertex -308.767151 -27.838676 -250.000000
    vertex -308.792114 -27.435871 -250.000000
  endloop
endfacet
facet normal 201.403625 13.290405 0.000000
  outer loop
    vertex -308.767151 -27.838676 250.000000
    vertex -308.740570 -28.241484 250.000000
    vertex -308.740570 -28.241484 -250.000000
  endloop
endfacet
facet normal 201.403625 13.290405 0.000000
  outer loop
    vertex -308.767151 -27.838676 250.000000
    vertex -308.740570 -28.241484 -250.000000
    vertex -308.767151 -27.838676 -250.000000
  endloop
endfacet
facet normal 201.402664 14.099121 0.000000
  outer loop
    vertex -308.740570 -28.241484 250.000000
    vertex -308.712372 -28.644289 250.000000
    vertex -308.712372 -28.644289 -250.000000
  endloop
endfacet
facet normal 201.402664 14.099121 0.000000
  outer loop
    vertex -308.740570 -28.241484 250.000000
    vertex -308.712372 -28.644289 -250.000000
    vertex -308.740570 -28.241484 -250.000000
  endloop
endfacet
facet normal 201.402664 14.938354 0.000000
  outer loop
    vertex -308.712372 -28.644289 250.000000
    vertex -308.682495 -29.047094 250.000000
    vertex -308.682495 -29.047094 -250.000000
  endloop
endfacet
facet normal 201.402664 14.938354 0.000000
  outer loop
    vertex -308.712372 -28.644289 250.000000
    vertex -308.682495 -29.047094 -250.000000
    vertex -308.712372 -28.644289 -250.000000
  endloop
endfacet
facet normal 201.402664 15.792847 0.000000
  outer loop
    vertex -308.682495 -29.047094 250.000000
    vertex -308.650909 -29.449900 250.000000
    vertex -308.650909 -29.449900 -250.000000
  endloop
endfacet
facet normal 201.402664 15.792847 0.000000
  outer loop
    vertex -308.682495 -29.047094 250.000000
    vertex -308.650909 -29.449900 -250.000000
    vertex -308.682495 -29.047094 -250.000000
  endloop
endfacet
facet normal 201.402664 16.677856 0.000000
  outer loop
    vertex -308.650909 -29.449900 250.000000
    vertex -308.617554 -29.852705 250.000000
    vertex -308.617554 -29.852705 -250.000000
  endloop
endfacet
facet normal 201.402664 16.677856 0.000000
  outer loop
    vertex -308.650909 -29.449900 250.000000
    vertex -308.617554 -29.852705 -250.000000
    vertex -308.650909 -29.449900 -250.000000
  endloop
endfacet
facet normal 201.402664 17.578125 0.000000
  outer loop
    vertex -308.617554 -29.852705 250.000000
    vertex -308.582397 -30.255510 250.000000
    vertex -308.582397 -30.255510 -250.000000
  endloop
endfacet
facet normal 201.402664 17.578125 0.000000
  outer loop
    vertex -308.617554 -29.852705 250.000000
    vertex -308.582397 -30.255510 -250.000000
    vertex -308.617554 -29.852705 -250.000000
  endloop
endfacet
facet normal 201.403625 18.478394 0.000000
  outer loop
    vertex -308.582397 -30.255510 250.000000
    vertex -308.545441 -30.658318 250.000000
    vertex -308.545441 -30.658318 -250.000000
  endloop
endfacet
facet normal 201.403625 18.478394 0.000000
  outer loop
    vertex -308.582397 -30.255510 250.000000
    vertex -308.545441 -30.658318 -250.000000
    vertex -308.582397 -30.255510 -250.000000
  endloop
endfacet
facet normal 201.402664 19.439697 0.000000
  outer loop
    vertex -308.545441 -30.658318 250.000000
    vertex -308.506561 -31.061123 250.000000
    vertex -308.506561 -31.061123 -250.000000
  endloop
endfacet
facet normal 201.402664 19.439697 0.000000
  outer loop
    vertex -308.545441 -30.658318 250.000000
    vertex -308.506561 -31.061123 -250.000000
    vertex -308.545441 -30.658318 -250.000000
  endloop
endfacet
facet normal 201.402664 20.416260 0.000000
  outer loop
    vertex -308.506561 -31.061123 250.000000
    vertex -308.465729 -31.463928 250.000000
    vertex -308.465729 -31.463928 -250.000000
  endloop
endfacet
facet normal 201.402664 20.416260 0.000000
  outer loop
    vertex -308.506561 -31.061123 250.000000
    vertex -308.465729 -31.463928 -250.000000
    vertex -308.506561 -31.061123 -250.000000
  endloop
endfacet
facet normal 201.402664 21.392822 0.000000
  outer loop
    vertex -308.465729 -31.463928 250.000000
    vertex -308.422943 -31.866734 250.000000
    vertex -308.422943 -31.866734 -250.000000
  endloop
endfacet
facet normal 201.402664 21.392822 0.000000
  outer loop
    vertex -308.465729 -31.463928 250.000000
    vertex -308.422943 -31.866734 -250.000000
    vertex -308.465729 -31.463928 -250.000000
  endloop
endfacet
facet normal 201.402664 22.415161 0.000000
  outer loop
    vertex -308.422943 -31.866734 250.000000
    vertex -308.378113 -32.269539 250.000000
    vertex -308.378113 -32.269539 -250.000000
  endloop
endfacet
facet normal 201.402664 22.415161 0.000000
  outer loop
    vertex -308.422943 -31.866734 250.000000
    vertex -308.378113 -32.269539 -250.000000
    vertex -308.422943 -31.866734 -250.000000
  endloop
endfacet
facet normal 201.402664 23.468018 0.000000
  outer loop
    vertex -308.378113 -32.269539 250.000000
    vertex -308.331177 -32.672344 250.000000
    vertex -308.331177 -32.672344 -250.000000
  endloop
endfacet
facet normal 201.402664 23.468018 0.000000
  outer loop
    vertex -308.378113 -32.269539 250.000000
    vertex -308.331177 -32.672344 -250.000000
    vertex -308.378113 -32.269539 -250.000000
  endloop
endfacet
facet normal 201.402664 24.536133 0.000000
  outer loop
    vertex -308.331177 -32.672344 250.000000
    vertex -308.282104 -33.075150 250.000000
    vertex -308.282104 -33.075150 -250.000000
  endloop
endfacet
facet normal 201.402664 24.536133 0.000000
  outer loop
    vertex -308.331177 -32.672344 250.000000
    vertex -308.282104 -33.075150 -250.000000
    vertex -308.331177 -32.672344 -250.000000
  endloop
endfacet
facet normal 201.402664 25.650024 0.000000
  outer loop
    vertex -308.282104 -33.075150 250.000000
    vertex -308.230804 -33.477955 250.000000
    vertex -308.230804 -33.477955 -250.000000
  endloop
endfacet
facet normal 201.402664 25.650024 0.000000
  outer loop
    vertex -308.282104 -33.075150 250.000000
    vertex -308.230804 -33.477955 -250.000000
    vertex -308.282104 -33.075150 -250.000000
  endloop
endfacet
facet normal 201.402664 26.794434 0.000000
  outer loop
    vertex -308.230804 -33.477955 250.000000
    vertex -308.177216 -33.880760 250.000000
    vertex -308.177216 -33.880760 -250.000000
  endloop
endfacet
facet normal 201.402664 26.794434 0.000000
  outer loop
    vertex -308.230804 -33.477955 250.000000
    vertex -308.177216 -33.880760 -250.000000
    vertex -308.230804 -33.477955 -250.000000
  endloop
endfacet
facet normal 201.402664 27.969360 0.000000
  outer loop
    vertex -308.177216 -33.880760 250.000000
    vertex -308.121277 -34.283566 250.000000
    vertex -308.121277 -34.283566 -250.000000
  endloop
endfacet
facet normal 201.402664 27.969360 0.000000
  outer loop
    vertex -308.177216 -33.880760 250.000000
    vertex -308.121277 -34.283566 -250.000000
    vertex -308.177216 -33.880760 -250.000000
  endloop
endfacet
facet normal 201.402664 29.174805 0.000000
  outer loop
    vertex -308.121277 -34.283566 250.000000
    vertex -308.062927 -34.686371 250.000000
    vertex -308.062927 -34.686371 -250.000000
  endloop
endfacet
facet normal 201.402664 29.174805 0.000000
  outer loop
    vertex -308.121277 -34.283566 250.000000
    vertex -308.062927 -34.686371 -250.000000
    vertex -308.121277 -34.283566 -250.000000
  endloop
endfacet
facet normal 201.404572 30.426025 0.000000
  outer loop
    vertex -308.062927 -34.686371 250.000000
    vertex -308.002075 -35.089180 250.000000
    vertex -308.002075 -35.089180 -250.000000
  endloop
endfacet
facet normal 201.404572 30.426025 0.000000
  outer loop
    vertex -308.062927 -34.686371 250.000000
    vertex -308.002075 -35.089180 -250.000000
    vertex -308.062927 -34.686371 -250.000000
  endloop
endfacet
facet normal 201.402664 31.723022 0.000000
  outer loop
    vertex -308.002075 -35.089180 250.000000
    vertex -307.938629 -35.491985 250.000000
    vertex -307.938629 -35.491985 -250.000000
  endloop
endfacet
facet normal 201.402664 31.723022 0.000000
  outer loop
    vertex -308.002075 -35.089180 250.000000
    vertex -307.938629 -35.491985 -250.000000
    vertex -308.002075 -35.089180 -250.000000
  endloop
endfacet
facet normal 201.402664 33.050537 0.000000
  outer loop
    vertex -307.938629 -35.491985 250.000000
    vertex -307.872528 -35.894791 250.000000
    vertex -307.872528 -35.894791 -250.000000
  endloop
endfacet
facet normal 201.402664 33.050537 0.000000
  outer loop
    vertex -307.938629 -35.491985 250.000000
    vertex -307.872528 -35.894791 -250.000000
    vertex -307.938629 -35.491985 -250.000000
  endloop
endfacet
facet normal 201.402664 34.439087 0.000000
  outer loop
    vertex -307.872528 -35.894791 250.000000
    vertex -307.803650 -36.297596 250.000000
    vertex -307.803650 -36.297596 -250.000000
  endloop
endfacet
facet normal 201.402664 34.439087 0.000000
  outer loop
    vertex -307.872528 -35.894791 250.000000
    vertex -307.803650 -36.297596 -250.000000
    vertex -307.872528 -35.894791 -250.000000
  endloop
endfacet
facet normal 201.402664 35.842896 0.000000
  outer loop
    vertex -307.803650 -36.297596 250.000000
    vertex -307.731964 -36.700401 250.000000
    vertex -307.731964 -36.700401 -250.000000
  endloop
endfacet
facet normal 201.402664 35.842896 0.000000
  outer loop
    vertex -307.803650 -36.297596 250.000000
    vertex -307.731964 -36.700401 -250.000000
    vertex -307.803650 -36.297596 -250.000000
  endloop
endfacet
facet normal 201.402664 37.368774 0.000000
  outer loop
    vertex -307.731964 -36.700401 250.000000
    vertex -307.657227 -37.103207 250.000000
    vertex -307.657227 -37.103207 -250.000000
  endloop
endfacet
facet normal 201.402664 37.368774 0.000000
  outer loop
    vertex -307.731964 -36.700401 250.000000
    vertex -307.657227 -37.103207 -250.000000
    vertex -307.731964 -36.700401 -250.000000
  endloop
endfacet
facet normal 201.402664 38.879395 0.000000
  outer loop
    vertex -307.657227 -37.103207 250.000000
    vertex -307.579468 -37.506012 250.000000
    vertex -307.579468 -37.506012 -250.000000
  endloop
endfacet
facet normal 201.402664 38.879395 0.000000
  outer loop
    vertex -307.657227 -37.103207 250.000000
    vertex -307.579468 -37.506012 -250.000000
    vertex -307.657227 -37.103207 -250.000000
  endloop
endfacet
facet normal 201.402664 40.496826 0.000000
  outer loop
    vertex -307.579468 -37.506012 250.000000
    vertex -307.498474 -37.908817 250.000000
    vertex -307.498474 -37.908817 -250.000000
  endloop
endfacet
facet normal 201.402664 40.496826 0.000000
  outer loop
    vertex -307.579468 -37.506012 250.000000
    vertex -307.498474 -37.908817 -250.000000
    vertex -307.579468 -37.506012 -250.000000
  endloop
endfacet
facet normal 201.402664 42.175293 0.000000
  outer loop
    vertex -307.498474 -37.908817 250.000000
    vertex -307.414124 -38.311623 250.000000
    vertex -307.414124 -38.311623 -250.000000
  endloop
endfacet
facet normal 201.402664 42.175293 0.000000
  outer loop
    vertex -307.498474 -37.908817 250.000000
    vertex -307.414124 -38.311623 -250.000000
    vertex -307.498474 -37.908817 -250.000000
  endloop
endfacet
facet normal 201.402664 43.884277 0.000000
  outer loop
    vertex -307.414124 -38.311623 250.000000
    vertex -307.326355 -38.714428 250.000000
    vertex -307.326355 -38.714428 -250.000000
  endloop
endfacet
facet normal 201.402664 43.884277 0.000000
  outer loop
    vertex -307.414124 -38.311623 250.000000
    vertex -307.326355 -38.714428 -250.000000
    vertex -307.414124 -38.311623 -250.000000
  endloop
endfacet
facet normal 201.402664 45.745850 0.000000
  outer loop
    vertex -307.326355 -38.714428 250.000000
    vertex -307.234863 -39.117233 250.000000
    vertex -307.234863 -39.117233 -250.000000
  endloop
endfacet
facet normal 201.402664 45.745850 0.000000
  outer loop
    vertex -307.326355 -38.714428 250.000000
    vertex -307.234863 -39.117233 -250.000000
    vertex -307.326355 -38.714428 -250.000000
  endloop
endfacet
facet normal 201.402664 47.607422 0.000000
  outer loop
    vertex -307.234863 -39.117233 250.000000
    vertex -307.139648 -39.520039 250.000000
    vertex -307.139648 -39.520039 -250.000000
  endloop
endfacet
facet normal 201.402664 47.607422 0.000000
  outer loop
    vertex -307.234863 -39.117233 250.000000
    vertex -307.139648 -39.520039 -250.000000
    vertex -307.234863 -39.117233 -250.000000
  endloop
endfacet
facet normal 201.402664 49.636841 0.000000
  outer loop
    vertex -307.139648 -39.520039 250.000000
    vertex -307.040375 -39.922844 250.000000
    vertex -307.040375 -39.922844 -250.000000
  endloop
endfacet
facet normal 201.402664 49.636841 0.000000
  outer loop
    vertex -307.139648 -39.520039 250.000000
    vertex -307.040375 -39.922844 -250.000000
    vertex -307.139648 -39.520039 -250.000000
  endloop
endfacet
facet normal 201.404572 51.742554 0.000000
  outer loop
    vertex -307.040375 -39.922844 250.000000
    vertex -306.936890 -40.325653 250.000000
    vertex -306.936890 -40.325653 -250.000000
  endloop
endfacet
facet normal 201.404572 51.742554 0.000000
  outer loop
    vertex -307.040375 -39.922844 250.000000
    vertex -306.936890 -40.325653 -250.000000
    vertex -307.040375 -39.922844 -250.000000
  endloop
endfacet
facet normal 201.402664 53.909302 0.000000
  outer loop
    vertex -306.936890 -40.325653 250.000000
    vertex -306.829071 -40.728458 250.000000
    vertex -306.829071 -40.728458 -250.000000
  endloop
endfacet
facet normal 201.402664 53.909302 0.000000
  outer loop
    vertex -306.936890 -40.325653 250.000000
    vertex -306.829071 -40.728458 -250.000000
    vertex -306.936890 -40.325653 -250.000000
  endloop
endfacet
facet normal 201.402664 56.304932 0.000000
  outer loop
    vertex -306.829071 -40.728458 250.000000
    vertex -306.716461 -41.131264 250.000000
    vertex -306.716461 -41.131264 -250.000000
  endloop
endfacet
facet normal 201.402664 56.304932 0.000000
  outer loop
    vertex -306.829071 -40.728458 250.000000
    vertex -306.716461 -41.131264 -250.000000
    vertex -306.829071 -40.728458 -250.000000
  endloop
endfacet
facet normal 201.402664 58.715820 0.000000
  outer loop
    vertex -306.716461 -41.131264 250.000000
    vertex -306.599030 -41.534069 250.000000
    vertex -306.599030 -41.534069 -250.000000
  endloop
endfacet
facet normal 201.402664 58.715820 0.000000
  outer loop
    vertex -306.716461 -41.131264 250.000000
    vertex -306.599030 -41.534069 -250.000000
    vertex -306.716461 -41.131264 -250.000000
  endloop
endfacet
facet normal 201.402664 61.386108 0.000000
  outer loop
    vertex -306.599030 -41.534069 250.000000
    vertex -306.476257 -41.936874 250.000000
    vertex -306.476257 -41.936874 -250.000000
  endloop
endfacet
facet normal 201.402664 61.386108 0.000000
  outer loop
    vertex -306.599030 -41.534069 250.000000
    vertex -306.476257 -41.936874 -250.000000
    vertex -306.599030 -41.534069 -250.000000
  endloop
endfacet
facet normal 201.402664 64.224243 0.000000
  outer loop
    vertex -306.476257 -41.936874 250.000000
    vertex -306.347809 -42.339680 250.000000
    vertex -306.347809 -42.339680 -250.000000
  endloop
endfacet
facet normal 201.402664 64.224243 0.000000
  outer loop
    vertex -306.476257 -41.936874 250.000000
    vertex -306.347809 -42.339680 -250.000000
    vertex -306.476257 -41.936874 -250.000000
  endloop
endfacet
facet normal 201.402664 67.138672 0.000000
  outer loop
    vertex -306.347809 -42.339680 250.000000
    vertex -306.213531 -42.742485 250.000000
    vertex -306.213531 -42.742485 -250.000000
  endloop
endfacet
facet normal 201.402664 67.138672 0.000000
  outer loop
    vertex -306.347809 -42.339680 250.000000
    vertex -306.213531 -42.742485 -250.000000
    vertex -306.347809 -42.339680 -250.000000
  endloop
endfacet
facet normal 201.402664 70.465088 0.000000
  outer loop
    vertex -306.213531 -42.742485 250.000000
    vertex -306.072601 -43.145290 250.000000
    vertex -306.072601 -43.145290 -250.000000
  endloop
endfacet
facet normal 201.402664 70.465088 0.000000
  outer loop
    vertex -306.213531 -42.742485 250.000000
    vertex -306.072601 -43.145290 -250.000000
    vertex -306.213531 -42.742485 -250.000000
  endloop
endfacet
facet normal 201.402664 73.852539 0.000000
  outer loop
    vertex -306.072601 -43.145290 250.000000
    vertex -305.924896 -43.548096 250.000000
    vertex -305.924896 -43.548096 -250.000000
  endloop
endfacet
facet normal 201.402664 73.852539 0.000000
  outer loop
    vertex -306.072601 -43.145290 250.000000
    vertex -305.924896 -43.548096 -250.000000
    vertex -306.072601 -43.145290 -250.000000
  endloop
endfacet
facet normal 201.402664 77.713013 0.000000
  outer loop
    vertex -305.924896 -43.548096 250.000000
    vertex -305.769470 -43.950901 250.000000
    vertex -305.769470 -43.950901 -250.000000
  endloop
endfacet
facet normal 201.402664 77.713013 0.000000
  outer loop
    vertex -305.924896 -43.548096 250.000000
    vertex -305.769470 -43.950901 -250.000000
    vertex -305.924896 -43.548096 -250.000000
  endloop
endfacet
facet normal 201.402664 81.863403 0.000000
  outer loop
    vertex -305.769470 -43.950901 250.000000
    vertex -305.605743 -44.353706 250.000000
    vertex -305.605743 -44.353706 -250.000000
  endloop
endfacet
facet normal 201.402664 81.863403 0.000000
  outer loop
    vertex -305.769470 -43.950901 250.000000
    vertex -305.605743 -44.353706 -250.000000
    vertex -305.769470 -43.950901 -250.000000
  endloop
endfacet
facet normal 201.402664 86.288452 0.000000
  outer loop
    vertex -305.605743 -44.353706 250.000000
    vertex -305.433167 -44.756512 250.000000
    vertex -305.433167 -44.756512 -250.000000
  endloop
endfacet
facet normal 201.402664 86.288452 0.000000
  outer loop
    vertex -305.605743 -44.353706 250.000000
    vertex -305.433167 -44.756512 -250.000000
    vertex -305.605743 -44.353706 -250.000000
  endloop
endfacet
facet normal 201.402664 91.552734 0.000000
  outer loop
    vertex -305.433167 -44.756512 250.000000
    vertex -305.250061 -45.159317 250.000000
    vertex -305.250061 -45.159317 -250.000000
  endloop
endfacet
facet normal 201.402664 91.552734 0.000000
  outer loop
    vertex -305.433167 -44.756512 250.000000
    vertex -305.250061 -45.159317 -250.000000
    vertex -305.433167 -44.756512 -250.000000
  endloop
endfacet
facet normal 201.402664 96.954346 0.000000
  outer loop
    vertex -305.250061 -45.159317 250.000000
    vertex -305.056152 -45.562122 250.000000
    vertex -305.056152 -45.562122 -250.000000
  endloop
endfacet
facet normal 201.402664 96.954346 0.000000
  outer loop
    vertex -305.250061 -45.159317 250.000000
    vertex -305.056152 -45.562122 -250.000000
    vertex -305.250061 -45.159317 -250.000000
  endloop
endfacet
facet normal 201.404572 103.591919 0.000000
  outer loop
    vertex -305.056152 -45.562122 250.000000
    vertex -304.848969 -45.964931 250.000000
    vertex -304.848969 -45.964931 -250.000000
  endloop
endfacet
facet normal 201.404572 103.591919 0.000000
  outer loop
    vertex -305.056152 -45.562122 250.000000
    vertex -304.848969 -45.964931 -250.000000
    vertex -305.056152 -45.562122 -250.000000
  endloop
endfacet
facet normal 201.402664 110.977173 0.000000
  outer loop
    vertex -304.848969 -45.964931 250.000000
    vertex -304.627014 -46.367737 250.000000
    vertex -304.627014 -46.367737 -250.000000
  endloop
endfacet
facet normal 201.402664 110.977173 0.000000
  outer loop
    vertex -304.848969 -45.964931 250.000000
    vertex -304.627014 -46.367737 -250.000000
    vertex -304.848969 -45.964931 -250.000000
  endloop
endfacet
facet normal 201.402664 119.247437 0.000000
  outer loop
    vertex -304.627014 -46.367737 250.000000
    vertex -304.388519 -46.770542 250.000000
    vertex -304.388519 -46.770542 -250.000000
  endloop
endfacet
facet normal 201.402664 119.247437 0.000000
  outer loop
    vertex -304.627014 -46.367737 250.000000
    vertex -304.388519 -46.770542 -250.000000
    vertex -304.627014 -46.367737 -250.000000
  endloop
endfacet
facet normal 201.402664 130.310059 0.000000
  outer loop
    vertex -304.388519 -46.770542 250.000000
    vertex -304.127899 -47.173347 250.000000
    vertex -304.127899 -47.173347 -250.000000
  endloop
endfacet
facet normal 201.402664 130.310059 0.000000
  outer loop
    vertex -304.388519 -46.770542 250.000000
    vertex -304.127899 -47.173347 -250.000000
    vertex -304.388519 -46.770542 -250.000000
  endloop
endfacet
facet normal 201.402664 141.799927 0.000000
  outer loop
    vertex -304.127899 -47.173347 250.000000
    vertex -303.844299 -47.576153 250.000000
    vertex -303.844299 -47.576153 -250.000000
  endloop
endfacet
facet normal 201.402664 141.799927 0.000000
  outer loop
    vertex -304.127899 -47.173347 250.000000
    vertex -303.844299 -47.576153 -250.000000
    vertex -304.127899 -47.173347 -250.000000
  endloop
endfacet
facet normal 201.402664 159.851074 0.000000
  outer loop
    vertex -303.844299 -47.576153 250.000000
    vertex -303.524597 -47.978958 250.000000
    vertex -303.524597 -47.978958 -250.000000
  endloop
endfacet
facet normal 201.402664 159.851074 0.000000
  outer loop
    vertex -303.844299 -47.576153 250.000000
    vertex -303.524597 -47.978958 -250.000000
    vertex -303.844299 -47.576153 -250.000000
  endloop
endfacet
facet normal 201.402664 181.228638 0.000000
  outer loop
    vertex -303.524597 -47.978958 250.000000
    vertex -303.162140 -48.381763 250.000000
    vertex -303.162140 -48.381763 -250.000000
  endloop
endfacet
facet normal 201.402664 181.228638 0.000000
  outer loop
    vertex -303.524597 -47.978958 250.000000
    vertex -303.162140 -48.381763 -250.000000
    vertex -303.524597 -47.978958 -250.000000
  endloop
endfacet
facet normal 201.402664 229.095459 0.000000
  outer loop
    vertex -303.162140 -48.381763 250.000000
    vertex -302.703949 -48.784569 250.000000
    vertex -302.703949 -48.784569 -250.000000
  endloop
endfacet
facet normal 201.402664 229.095459 0.000000
  outer loop
    vertex -303.162140 -48.381763 250.000000
    vertex -302.703949 -48.784569 -250.000000
    vertex -303.162140 -48.381763 -250.000000
  endloop
endfacet
facet normal 201.402664 352.020264 0.000000
  outer loop
    vertex -302.703949 -48.784569 250.000000
    vertex -301.999908 -49.187374 250.000000
    vertex -301.999908 -49.187374 -250.000000
  endloop
endfacet
facet normal 201.402664 352.020264 0.000000
  outer loop
    vertex -302.703949 -48.784569 250.000000
    vertex -301.999908 -49.187374 -250.000000
    vertex -302.703949 -48.784569 -250.000000
  endloop
endfacet
facet normal 199.369431 471.099854 0.000000
  outer loop
    vertex -301.999908 -49.187374 250.000000
    vertex -301.057709 -49.586113 250.000000
    vertex -301.057709 -49.586113 -250.000000
  endloop
endfacet
facet normal 199.369431 471.099854 0.000000
  outer loop
    vertex -301.999908 -49.187374 250.000000
    vertex -301.057709 -49.586113 -250.000000
    vertex -301.999908 -49.187374 -250.000000
  endloop
endfacet
facet normal 142.677307 364.624023 0.000000
  outer loop
    vertex -301.057709 -49.586113 250.000000
    vertex -300.328461 -49.871468 250.000000
    vertex -300.328461 -49.871468 -250.000000
  endloop
endfacet
facet normal 142.677307 364.624023 0.000000
  outer loop
    vertex -301.057709 -49.586113 250.000000
    vertex -300.328461 -49.871468 -250.000000
    vertex -301.057709 -49.586113 -250.000000
  endloop
endfacet
facet normal 61.552048 157.287598 0.000000
  outer loop
    vertex -300.328461 -49.871468 250.000000
    vertex -300.013885 -49.994572 250.000000
    vertex -300.013885 -49.994572 -250.000000
  endloop
endfacet
facet normal 61.552048 157.287598 0.000000
  outer loop
    vertex -300.328461 -49.871468 250.000000
    vertex -300.013885 -49.994572 -250.000000
    vertex -300.328461 -49.871468 -250.000000
  endloop
endfacet
facet normal -19.575119 63.903809 0.000000
  outer loop
    vertex -300.013885 -49.994572 250.000000
    vertex -299.886078 -49.955421 250.000000
    vertex -299.886078 -49.955421 -250.000000
  endloop
endfacet
facet normal -19.575119 63.903809 0.000000
  outer loop
    vertex -300.013885 -49.994572 250.000000
    vertex -299.886078 -49.955421 -250.000000
    vertex -300.013885 -49.994572 -250.000000
  endloop
endfacet
facet normal -100.702286 257.354736 0.000000
  outer loop
    vertex -299.886078 -49.955421 250.000000
    vertex -299.371368 -49.754017 250.000000
    vertex -299.371368 -49.754017 -250.000000
  endloop
endfacet
facet normal -100.702286 257.354736 0.000000
  outer loop
    vertex -299.886078 -49.955421 250.000000
    vertex -299.371368 -49.754017 -250.000000
    vertex -299.886078 -49.955421 -250.000000
  endloop
endfacet
facet normal -179.113388 453.460693 0.000000
  outer loop
    vertex -299.371368 -49.754017 250.000000
    vertex -298.464447 -49.395790 250.000000
    vertex -298.464447 -49.395790 -250.000000
  endloop
endfacet
facet normal -179.113388 453.460693 0.000000
  outer loop
    vertex -299.371368 -49.754017 250.000000
    vertex -298.464447 -49.395790 -250.000000
    vertex -299.371368 -49.754017 -250.000000
  endloop
endfacet
facet normal -201.402664 417.968750 0.000000
  outer loop
    vertex -298.464447 -49.395790 250.000000
    vertex -297.628510 -48.992985 250.000000
    vertex -297.628510 -48.992985 -250.000000
  endloop
endfacet
facet normal -201.402664 417.968750 0.000000
  outer loop
    vertex -298.464447 -49.395790 250.000000
    vertex -297.628510 -48.992985 -250.000000
    vertex -298.464447 -49.395790 -250.000000
  endloop
endfacet
facet normal -201.402664 290.496826 0.000000
  outer loop
    vertex -297.628510 -48.992985 250.000000
    vertex -297.047516 -48.590179 250.000000
    vertex -297.047516 -48.590179 -250.000000
  endloop
endfacet
facet normal -201.402664 290.496826 0.000000
  outer loop
    vertex -297.628510 -48.992985 250.000000
    vertex -297.047516 -48.590179 -250.000000
    vertex -297.628510 -48.992985 -250.000000
  endloop
endfacet
facet normal -201.402664 194.946289 0.000000
  outer loop
    vertex -297.047516 -48.590179 250.000000
    vertex -296.657623 -48.187374 250.000000
    vertex -296.657623 -48.187374 -250.000000
  endloop
endfacet
facet normal -201.402664 194.946289 0.000000
  outer loop
    vertex -297.047516 -48.590179 250.000000
    vertex -296.657623 -48.187374 -250.000000
    vertex -297.047516 -48.590179 -250.000000
  endloop
endfacet
facet normal -201.402664 170.928955 0.000000
  outer loop
    vertex -296.657623 -48.187374 250.000000
    vertex -296.315765 -47.784569 250.000000
    vertex -296.315765 -47.784569 -250.000000
  endloop
endfacet
facet normal -201.402664 170.928955 0.000000
  outer loop
    vertex -296.657623 -48.187374 250.000000
    vertex -296.315765 -47.784569 -250.000000
    vertex -296.657623 -48.187374 -250.000000
  endloop
endfacet
facet normal -201.402664 149.963379 0.000000
  outer loop
    vertex -296.315765 -47.784569 250.000000
    vertex -296.015839 -47.381763 250.000000
    vertex -296.015839 -47.381763 -250.000000
  endloop
endfacet
facet normal -201.402664 149.963379 0.000000
  outer loop
    vertex -296.315765 -47.784569 250.000000
    vertex -296.015839 -47.381763 -250.000000
    vertex -296.315765 -47.784569 -250.000000
  endloop
endfacet
facet normal -201.402664 136.169434 0.000000
  outer loop
    vertex -296.015839 -47.381763 250.000000
    vertex -295.743500 -46.978958 250.000000
    vertex -295.743500 -46.978958 -250.000000
  endloop
endfacet
facet normal -201.402664 136.169434 0.000000
  outer loop
    vertex -296.015839 -47.381763 250.000000
    vertex -295.743500 -46.978958 -250.000000
    vertex -296.015839 -47.381763 -250.000000
  endloop
endfacet
facet normal -201.402664 124.862671 0.000000
  outer loop
    vertex -295.743500 -46.978958 250.000000
    vertex -295.493774 -46.576153 250.000000
    vertex -295.493774 -46.576153 -250.000000
  endloop
endfacet
facet normal -201.402664 124.862671 0.000000
  outer loop
    vertex -295.743500 -46.978958 250.000000
    vertex -295.493774 -46.576153 -250.000000
    vertex -295.743500 -46.978958 -250.000000
  endloop
endfacet
facet normal -201.402664 114.868164 0.000000
  outer loop
    vertex -295.493774 -46.576153 250.000000
    vertex -295.264038 -46.173347 250.000000
    vertex -295.264038 -46.173347 -250.000000
  endloop
endfacet
facet normal -201.402664 114.868164 0.000000
  outer loop
    vertex -295.493774 -46.576153 250.000000
    vertex -295.264038 -46.173347 -250.000000
    vertex -295.493774 -46.576153 -250.000000
  endloop
endfacet
facet normal -201.402664 107.421875 0.000000
  outer loop
    vertex -295.264038 -46.173347 250.000000
    vertex -295.049194 -45.770542 250.000000
    vertex -295.049194 -45.770542 -250.000000
  endloop
endfacet
facet normal -201.402664 107.421875 0.000000
  outer loop
    vertex -295.264038 -46.173347 250.000000
    vertex -295.049194 -45.770542 -250.000000
    vertex -295.264038 -46.173347 -250.000000
  endloop
endfacet
facet normal -201.402664 100.143433 0.000000
  outer loop
    vertex -295.049194 -45.770542 250.000000
    vertex -294.848907 -45.367737 250.000000
    vertex -294.848907 -45.367737 -250.000000
  endloop
endfacet
facet normal -201.402664 100.143433 0.000000
  outer loop
    vertex -295.049194 -45.770542 250.000000
    vertex -294.848907 -45.367737 -250.000000
    vertex -295.049194 -45.770542 -250.000000
  endloop
endfacet
facet normal -201.402664 94.329834 0.000000
  outer loop
    vertex -294.848907 -45.367737 250.000000
    vertex -294.660248 -44.964931 250.000000
    vertex -294.660248 -44.964931 -250.000000
  endloop
endfacet
facet normal -201.402664 94.329834 0.000000
  outer loop
    vertex -294.848907 -45.367737 250.000000
    vertex -294.660248 -44.964931 -250.000000
    vertex -294.848907 -45.367737 -250.000000
  endloop
endfacet
facet normal -201.404572 88.973999 0.000000
  outer loop
    vertex -294.660248 -44.964931 250.000000
    vertex -294.482300 -44.562122 250.000000
    vertex -294.482300 -44.562122 -250.000000
  endloop
endfacet
facet normal -201.404572 88.973999 0.000000
  outer loop
    vertex -294.660248 -44.964931 250.000000
    vertex -294.482300 -44.562122 -250.000000
    vertex -294.660248 -44.964931 -250.000000
  endloop
endfacet
facet normal -201.402664 84.045410 0.000000
  outer loop
    vertex -294.482300 -44.562122 250.000000
    vertex -294.314209 -44.159317 250.000000
    vertex -294.314209 -44.159317 -250.000000
  endloop
endfacet
facet normal -201.402664 84.045410 0.000000
  outer loop
    vertex -294.482300 -44.562122 250.000000
    vertex -294.314209 -44.159317 -250.000000
    vertex -294.482300 -44.562122 -250.000000
  endloop
endfacet
facet normal -201.402664 79.864502 0.000000
  outer loop
    vertex -294.314209 -44.159317 250.000000
    vertex -294.154480 -43.756512 250.000000
    vertex -294.154480 -43.756512 -250.000000
  endloop
endfacet
facet normal -201.402664 79.864502 0.000000
  outer loop
    vertex -294.314209 -44.159317 250.000000
    vertex -294.154480 -43.756512 -250.000000
    vertex -294.314209 -44.159317 -250.000000
  endloop
endfacet
facet normal -201.402664 75.744629 0.000000
  outer loop
    vertex -294.154480 -43.756512 250.000000
    vertex -294.002991 -43.353706 250.000000
    vertex -294.002991 -43.353706 -250.000000
  endloop
endfacet
facet normal -201.402664 75.744629 0.000000
  outer loop
    vertex -294.154480 -43.756512 250.000000
    vertex -294.002991 -43.353706 -250.000000
    vertex -294.154480 -43.756512 -250.000000
  endloop
endfacet
facet normal -201.402664 72.219849 0.000000
  outer loop
    vertex -294.002991 -43.353706 250.000000
    vertex -293.858551 -42.950901 250.000000
    vertex -293.858551 -42.950901 -250.000000
  endloop
endfacet
facet normal -201.402664 72.219849 0.000000
  outer loop
    vertex -294.002991 -43.353706 250.000000
    vertex -293.858551 -42.950901 -250.000000
    vertex -294.002991 -43.353706 -250.000000
  endloop
endfacet
facet normal -201.402664 68.847656 0.000000
  outer loop
    vertex -293.858551 -42.950901 250.000000
    vertex -293.720856 -42.548096 250.000000
    vertex -293.720856 -42.548096 -250.000000
  endloop
endfacet
facet normal -201.402664 68.847656 0.000000
  outer loop
    vertex -293.858551 -42.950901 250.000000
    vertex -293.720856 -42.548096 -250.000000
    vertex -293.858551 -42.950901 -250.000000
  endloop
endfacet
facet normal -201.402664 65.673828 0.000000
  outer loop
    vertex -293.720856 -42.548096 250.000000
    vertex -293.589508 -42.145290 250.000000
    vertex -293.589508 -42.145290 -250.000000
  endloop
endfacet
facet normal -201.402664 65.673828 0.000000
  outer loop
    vertex -293.720856 -42.548096 250.000000
    vertex -293.589508 -42.145290 -250.000000
    vertex -293.720856 -42.548096 -250.000000
  endloop
endfacet
facet normal -201.402664 62.850952 0.000000
  outer loop
    vertex -293.589508 -42.145290 250.000000
    vertex -293.463806 -41.742485 250.000000
    vertex -293.463806 -41.742485 -250.000000
  endloop
endfacet
facet normal -201.402664 62.850952 0.000000
  outer loop
    vertex -293.589508 -42.145290 250.000000
    vertex -293.463806 -41.742485 -250.000000
    vertex -293.589508 -42.145290 -250.000000
  endloop
endfacet
facet normal -201.402664 60.058594 0.000000
  outer loop
    vertex -293.463806 -41.742485 250.000000
    vertex -293.343689 -41.339680 250.000000
    vertex -293.343689 -41.339680 -250.000000
  endloop
endfacet
facet normal -201.402664 60.058594 0.000000
  outer loop
    vertex -293.463806 -41.742485 250.000000
    vertex -293.343689 -41.339680 -250.000000
    vertex -293.463806 -41.742485 -250.000000
  endloop
endfacet
facet normal -201.402664 57.556152 0.000000
  outer loop
    vertex -293.343689 -41.339680 250.000000
    vertex -293.228577 -40.936874 250.000000
    vertex -293.228577 -40.936874 -250.000000
  endloop
endfacet
facet normal -201.402664 57.556152 0.000000
  outer loop
    vertex -293.343689 -41.339680 250.000000
    vertex -293.228577 -40.936874 -250.000000
    vertex -293.343689 -41.339680 -250.000000
  endloop
endfacet
facet normal -201.402664 55.130005 0.000000
  outer loop
    vertex -293.228577 -40.936874 250.000000
    vertex -293.118317 -40.534069 250.000000
    vertex -293.118317 -40.534069 -250.000000
  endloop
endfacet
facet normal -201.402664 55.130005 0.000000
  outer loop
    vertex -293.228577 -40.936874 250.000000
    vertex -293.118317 -40.534069 -250.000000
    vertex -293.228577 -40.936874 -250.000000
  endloop
endfacet
facet normal -201.402664 52.841187 0.000000
  outer loop
    vertex -293.118317 -40.534069 250.000000
    vertex -293.012634 -40.131264 250.000000
    vertex -293.012634 -40.131264 -250.000000
  endloop
endfacet
facet normal -201.402664 52.841187 0.000000
  outer loop
    vertex -293.118317 -40.534069 250.000000
    vertex -293.012634 -40.131264 -250.000000
    vertex -293.118317 -40.534069 -250.000000
  endloop
endfacet
facet normal -201.402664 50.720215 0.000000
  outer loop
    vertex -293.012634 -40.131264 250.000000
    vertex -292.911194 -39.728458 250.000000
    vertex -292.911194 -39.728458 -250.000000
  endloop
endfacet
facet normal -201.402664 50.720215 0.000000
  outer loop
    vertex -293.012634 -40.131264 250.000000
    vertex -292.911194 -39.728458 -250.000000
    vertex -293.012634 -40.131264 -250.000000
  endloop
endfacet
facet normal -201.402664 48.629761 0.000000
  outer loop
    vertex -292.911194 -39.728458 250.000000
    vertex -292.813934 -39.325653 250.000000
    vertex -292.813934 -39.325653 -250.000000
  endloop
endfacet
facet normal -201.402664 48.629761 0.000000
  outer loop
    vertex -292.911194 -39.728458 250.000000
    vertex -292.813934 -39.325653 -250.000000
    vertex -292.911194 -39.728458 -250.000000
  endloop
endfacet
facet normal -201.404572 46.707153 0.000000
  outer loop
    vertex -292.813934 -39.325653 250.000000
    vertex -292.720520 -38.922844 250.000000
    vertex -292.720520 -38.922844 -250.000000
  endloop
endfacet
facet normal -201.404572 46.707153 0.000000
  outer loop
    vertex -292.813934 -39.325653 250.000000
    vertex -292.720520 -38.922844 -250.000000
    vertex -292.813934 -39.325653 -250.000000
  endloop
endfacet
facet normal -201.402664 44.845581 0.000000
  outer loop
    vertex -292.720520 -38.922844 250.000000
    vertex -292.630829 -38.520039 250.000000
    vertex -292.630829 -38.520039 -250.000000
  endloop
endfacet
facet normal -201.402664 44.845581 0.000000
  outer loop
    vertex -292.720520 -38.922844 250.000000
    vertex -292.630829 -38.520039 -250.000000
    vertex -292.720520 -38.922844 -250.000000
  endloop
endfacet
facet normal -201.402664 43.045044 0.000000
  outer loop
    vertex -292.630829 -38.520039 250.000000
    vertex -292.544739 -38.117233 250.000000
    vertex -292.544739 -38.117233 -250.000000
  endloop
endfacet
facet normal -201.402664 43.045044 0.000000
  outer loop
    vertex -292.630829 -38.520039 250.000000
    vertex -292.544739 -38.117233 -250.000000
    vertex -292.630829 -38.520039 -250.000000
  endloop
endfacet
facet normal -201.402664 41.366577 0.000000
  outer loop
    vertex -292.544739 -38.117233 250.000000
    vertex -292.462006 -37.714428 250.000000
    vertex -292.462006 -37.714428 -250.000000
  endloop
endfacet
facet normal -201.402664 41.366577 0.000000
  outer loop
    vertex -292.544739 -38.117233 250.000000
    vertex -292.462006 -37.714428 -250.000000
    vertex -292.544739 -38.117233 -250.000000
  endloop
endfacet
facet normal -201.402664 39.688110 0.000000
  outer loop
    vertex -292.462006 -37.714428 250.000000
    vertex -292.382629 -37.311623 250.000000
    vertex -292.382629 -37.311623 -250.000000
  endloop
endfacet
facet normal -201.402664 39.688110 0.000000
  outer loop
    vertex -292.462006 -37.714428 250.000000
    vertex -292.382629 -37.311623 -250.000000
    vertex -292.462006 -37.714428 -250.000000
  endloop
endfacet
facet normal -201.402664 38.146973 0.000000
  outer loop
    vertex -292.382629 -37.311623 250.000000
    vertex -292.306335 -36.908817 250.000000
    vertex -292.306335 -36.908817 -250.000000
  endloop
endfacet
facet normal -201.402664 38.146973 0.000000
  outer loop
    vertex -292.382629 -37.311623 250.000000
    vertex -292.306335 -36.908817 -250.000000
    vertex -292.382629 -37.311623 -250.000000
  endloop
endfacet
facet normal -201.402664 36.621094 0.000000
  outer loop
    vertex -292.306335 -36.908817 250.000000
    vertex -292.233093 -36.506012 250.000000
    vertex -292.233093 -36.506012 -250.000000
  endloop
endfacet
facet normal -201.402664 36.621094 0.000000
  outer loop
    vertex -292.306335 -36.908817 250.000000
    vertex -292.233093 -36.506012 -250.000000
    vertex -292.306335 -36.908817 -250.000000
  endloop
endfacet
facet normal -201.402664 35.171509 0.000000
  outer loop
    vertex -292.233093 -36.506012 250.000000
    vertex -292.162750 -36.103207 250.000000
    vertex -292.162750 -36.103207 -250.000000
  endloop
endfacet
facet normal -201.402664 35.171509 0.000000
  outer loop
    vertex -292.233093 -36.506012 250.000000
    vertex -292.162750 -36.103207 -250.000000
    vertex -292.233093 -36.506012 -250.000000
  endloop
endfacet
facet normal -201.402664 33.767700 0.000000
  outer loop
    vertex -292.162750 -36.103207 250.000000
    vertex -292.095215 -35.700401 250.000000
    vertex -292.095215 -35.700401 -250.000000
  endloop
endfacet
facet normal -201.402664 33.767700 0.000000
  outer loop
    vertex -292.162750 -36.103207 250.000000
    vertex -292.095215 -35.700401 -250.000000
    vertex -292.162750 -36.103207 -250.000000
  endloop
endfacet
facet normal -201.402664 32.394409 0.000000
  outer loop
    vertex -292.095215 -35.700401 250.000000
    vertex -292.030426 -35.297596 250.000000
    vertex -292.030426 -35.297596 -250.000000
  endloop
endfacet
facet normal -201.402664 32.394409 0.000000
  outer loop
    vertex -292.095215 -35.700401 250.000000
    vertex -292.030426 -35.297596 -250.000000
    vertex -292.095215 -35.700401 -250.000000
  endloop
endfacet
facet normal -201.402664 31.097412 0.000000
  outer loop
    vertex -292.030426 -35.297596 250.000000
    vertex -291.968231 -34.894791 250.000000
    vertex -291.968231 -34.894791 -250.000000
  endloop
endfacet
facet normal -201.402664 31.097412 0.000000
  outer loop
    vertex -292.030426 -35.297596 250.000000
    vertex -291.968231 -34.894791 -250.000000
    vertex -292.030426 -35.297596 -250.000000
  endloop
endfacet
facet normal -201.402664 29.815674 0.000000
  outer loop
    vertex -291.968231 -34.894791 250.000000
    vertex -291.908600 -34.491985 250.000000
    vertex -291.908600 -34.491985 -250.000000
  endloop
endfacet
facet normal -201.402664 29.815674 0.000000
  outer loop
    vertex -291.968231 -34.894791 250.000000
    vertex -291.908600 -34.491985 -250.000000
    vertex -291.968231 -34.894791 -250.000000
  endloop
endfacet
facet normal -201.402664 28.579712 0.000000
  outer loop
    vertex -291.908600 -34.491985 250.000000
    vertex -291.851440 -34.089180 250.000000
    vertex -291.851440 -34.089180 -250.000000
  endloop
endfacet
facet normal -201.402664 28.579712 0.000000
  outer loop
    vertex -291.908600 -34.491985 250.000000
    vertex -291.851440 -34.089180 -250.000000
    vertex -291.908600 -34.491985 -250.000000
  endloop
endfacet
facet normal -201.404572 27.404785 0.000000
  outer loop
    vertex -291.851440 -34.089180 250.000000
    vertex -291.796631 -33.686371 250.000000
    vertex -291.796631 -33.686371 -250.000000
  endloop
endfacet
facet normal -201.404572 27.404785 0.000000
  outer loop
    vertex -291.851440 -34.089180 250.000000
    vertex -291.796631 -33.686371 -250.000000
    vertex -291.851440 -34.089180 -250.000000
  endloop
endfacet
facet normal -201.402664 26.229858 0.000000
  outer loop
    vertex -291.796631 -33.686371 250.000000
    vertex -291.744171 -33.283566 250.000000
    vertex -291.744171 -33.283566 -250.000000
  endloop
endfacet
facet normal -201.402664 26.229858 0.000000
  outer loop
    vertex -291.796631 -33.686371 250.000000
    vertex -291.744171 -33.283566 -250.000000
    vertex -291.796631 -33.686371 -250.000000
  endloop
endfacet
facet normal -201.402664 25.115967 0.000000
  outer loop
    vertex -291.744171 -33.283566 250.000000
    vertex -291.693939 -32.880760 250.000000
    vertex -291.693939 -32.880760 -250.000000
  endloop
endfacet
facet normal -201.402664 25.115967 0.000000
  outer loop
    vertex -291.744171 -33.283566 250.000000
    vertex -291.693939 -32.880760 -250.000000
    vertex -291.744171 -33.283566 -250.000000
  endloop
endfacet
facet normal -201.402664 24.017334 0.000000
  outer loop
    vertex -291.693939 -32.880760 250.000000
    vertex -291.645905 -32.477955 250.000000
    vertex -291.645905 -32.477955 -250.000000
  endloop
endfacet
facet normal -201.402664 24.017334 0.000000
  outer loop
    vertex -291.693939 -32.880760 250.000000
    vertex -291.645905 -32.477955 -250.000000
    vertex -291.693939 -32.880760 -250.000000
  endloop
endfacet
facet normal -201.402664 22.949219 0.000000
  outer loop
    vertex -291.645905 -32.477955 250.000000
    vertex -291.600006 -32.075150 250.000000
    vertex -291.600006 -32.075150 -250.000000
  endloop
endfacet
facet normal -201.402664 22.949219 0.000000
  outer loop
    vertex -291.645905 -32.477955 250.000000
    vertex -291.600006 -32.075150 -250.000000
    vertex -291.645905 -32.477955 -250.000000
  endloop
endfacet
facet normal -201.402664 21.926880 0.000000
  outer loop
    vertex -291.600006 -32.075150 250.000000
    vertex -291.556152 -31.672344 250.000000
    vertex -291.556152 -31.672344 -250.000000
  endloop
endfacet
facet normal -201.402664 21.926880 0.000000
  outer loop
    vertex -291.600006 -32.075150 250.000000
    vertex -291.556152 -31.672344 -250.000000
    vertex -291.600006 -32.075150 -250.000000
  endloop
endfacet
facet normal -201.402664 20.919800 0.000000
  outer loop
    vertex -291.556152 -31.672344 250.000000
    vertex -291.514313 -31.269539 250.000000
    vertex -291.514313 -31.269539 -250.000000
  endloop
endfacet
facet normal -201.402664 20.919800 0.000000
  outer loop
    vertex -291.556152 -31.672344 250.000000
    vertex -291.514313 -31.269539 -250.000000
    vertex -291.556152 -31.672344 -250.000000
  endloop
endfacet
facet normal -201.402664 19.927979 0.000000
  outer loop
    vertex -291.514313 -31.269539 250.000000
    vertex -291.474457 -30.866734 250.000000
    vertex -291.474457 -30.866734 -250.000000
  endloop
endfacet
facet normal -201.402664 19.927979 0.000000
  outer loop
    vertex -291.514313 -31.269539 250.000000
    vertex -291.474457 -30.866734 -250.000000
    vertex -291.514313 -31.269539 -250.000000
  endloop
endfacet
facet normal -201.402664 18.981934 0.000000
  outer loop
    vertex -291.474457 -30.866734 250.000000
    vertex -291.436493 -30.463928 250.000000
    vertex -291.436493 -30.463928 -250.000000
  endloop
endfacet
facet normal -201.402664 18.981934 0.000000
  outer loop
    vertex -291.474457 -30.866734 250.000000
    vertex -291.436493 -30.463928 -250.000000
    vertex -291.474457 -30.866734 -250.000000
  endloop
endfacet
facet normal -201.402664 18.051147 0.000000
  outer loop
    vertex -291.436493 -30.463928 250.000000
    vertex -291.400391 -30.061123 250.000000
    vertex -291.400391 -30.061123 -250.000000
  endloop
endfacet
facet normal -201.402664 18.051147 0.000000
  outer loop
    vertex -291.436493 -30.463928 250.000000
    vertex -291.400391 -30.061123 -250.000000
    vertex -291.436493 -30.463928 -250.000000
  endloop
endfacet
facet normal -201.402664 17.135620 0.000000
  outer loop
    vertex -291.400391 -30.061123 250.000000
    vertex -291.366119 -29.658318 250.000000
    vertex -291.366119 -29.658318 -250.000000
  endloop
endfacet
facet normal -201.402664 17.135620 0.000000
  outer loop
    vertex -291.400391 -30.061123 250.000000
    vertex -291.366119 -29.658318 -250.000000
    vertex -291.400391 -30.061123 -250.000000
  endloop
endfacet
facet normal -201.403625 16.235352 0.000000
  outer loop
    vertex -291.366119 -29.658318 250.000000
    vertex -291.333649 -29.255510 250.000000
    vertex -291.333649 -29.255510 -250.000000
  endloop
endfacet
facet normal -201.403625 16.235352 0.000000
  outer loop
    vertex -291.366119 -29.658318 250.000000
    vertex -291.333649 -29.255510 -250.000000
    vertex -291.366119 -29.658318 -250.000000
  endloop
endfacet
facet normal -201.402664 15.396118 0.000000
  outer loop
    vertex -291.333649 -29.255510 250.000000
    vertex -291.302856 -28.852705 250.000000
    vertex -291.302856 -28.852705 -250.000000
  endloop
endfacet
facet normal -201.402664 15.396118 0.000000
  outer loop
    vertex -291.333649 -29.255510 250.000000
    vertex -291.302856 -28.852705 -250.000000
    vertex -291.333649 -29.255510 -250.000000
  endloop
endfacet
facet normal -201.402664 14.526367 0.000000
  outer loop
    vertex -291.302856 -28.852705 250.000000
    vertex -291.273804 -28.449900 250.000000
    vertex -291.273804 -28.449900 -250.000000
  endloop
endfacet
facet normal -201.402664 14.526367 0.000000
  outer loop
    vertex -291.302856 -28.852705 250.000000
    vertex -291.273804 -28.449900 -250.000000
    vertex -291.302856 -28.852705 -250.000000
  endloop
endfacet
facet normal -201.402664 13.702393 0.000000
  outer loop
    vertex -291.273804 -28.449900 250.000000
    vertex -291.246399 -28.047094 250.000000
    vertex -291.246399 -28.047094 -250.000000
  endloop
endfacet
facet normal -201.402664 13.702393 0.000000
  outer loop
    vertex -291.273804 -28.449900 250.000000
    vertex -291.246399 -28.047094 -250.000000
    vertex -291.273804 -28.449900 -250.000000
  endloop
endfacet
facet normal -201.402664 12.893677 0.000000
  outer loop
    vertex -291.246399 -28.047094 250.000000
    vertex -291.220612 -27.644289 250.000000
    vertex -291.220612 -27.644289 -250.000000
  endloop
endfacet
facet normal -201.402664 12.893677 0.000000
  outer loop
    vertex -291.246399 -28.047094 250.000000
    vertex -291.220612 -27.644289 -250.000000
    vertex -291.246399 -28.047094 -250.000000
  endloop
endfacet
facet normal -201.402664 12.100220 0.000000
  outer loop
    vertex -291.220612 -27.644289 250.000000
    vertex -291.196411 -27.241484 250.000000
    vertex -291.196411 -27.241484 -250.000000
  endloop
endfacet
facet normal -201.402664 12.100220 0.000000
  outer loop
    vertex -291.220612 -27.644289 250.000000
    vertex -291.196411 -27.241484 -250.000000
    vertex -291.220612 -27.644289 -250.000000
  endloop
endfacet
facet normal -201.403625 11.322021 0.000000
  outer loop
    vertex -291.196411 -27.241484 250.000000
    vertex -291.173767 -26.838676 250.000000
    vertex -291.173767 -26.838676 -250.000000
  endloop
endfacet
facet normal -201.403625 11.322021 0.000000
  outer loop
    vertex -291.196411 -27.241484 250.000000
    vertex -291.173767 -26.838676 -250.000000
    vertex -291.196411 -27.241484 -250.000000
  endloop
endfacet
facet normal -201.402664 10.559082 0.000000
  outer loop
    vertex -291.173767 -26.838676 250.000000
    vertex -291.152649 -26.435871 250.000000
    vertex -291.152649 -26.435871 -250.000000
  endloop
endfacet
facet normal -201.402664 10.559082 0.000000
  outer loop
    vertex -291.173767 -26.838676 250.000000
    vertex -291.152649 -26.435871 -250.000000
    vertex -291.173767 -26.838676 -250.000000
  endloop
endfacet
facet normal -201.402664 9.826660 0.000000
  outer loop
    vertex -291.152649 -26.435871 250.000000
    vertex -291.132996 -26.033066 250.000000
    vertex -291.132996 -26.033066 -250.000000
  endloop
endfacet
facet normal -201.402664 9.826660 0.000000
  outer loop
    vertex -291.152649 -26.435871 250.000000
    vertex -291.132996 -26.033066 -250.000000
    vertex -291.152649 -26.435871 -250.000000
  endloop
endfacet
facet normal -201.402664 9.094238 0.000000
  outer loop
    vertex -291.132996 -26.033066 250.000000
    vertex -291.114807 -25.630260 250.000000
    vertex -291.114807 -25.630260 -250.000000
  endloop
endfacet
facet normal -201.402664 9.094238 0.000000
  outer loop
    vertex -291.132996 -26.033066 250.000000
    vertex -291.114807 -25.630260 -250.000000
    vertex -291.132996 -26.033066 -250.000000
  endloop
endfacet
facet normal -201.402664 8.377075 0.000000
  outer loop
    vertex -291.114807 -25.630260 250.000000
    vertex -291.098053 -25.227455 250.000000
    vertex -291.098053 -25.227455 -250.000000
  endloop
endfacet
facet normal -201.402664 8.377075 0.000000
  outer loop
    vertex -291.114807 -25.630260 250.000000
    vertex -291.098053 -25.227455 -250.000000
    vertex -291.114807 -25.630260 -250.000000
  endloop
endfacet
facet normal -201.402664 7.690430 0.000000
  outer loop
    vertex -291.098053 -25.227455 250.000000
    vertex -291.082672 -24.824650 250.000000
    vertex -291.082672 -24.824650 -250.000000
  endloop
endfacet
facet normal -201.402664 7.690430 0.000000
  outer loop
    vertex -291.098053 -25.227455 250.000000
    vertex -291.082672 -24.824650 -250.000000
    vertex -291.098053 -25.227455 -250.000000
  endloop
endfacet
facet normal -201.402664 6.988525 0.000000
  outer loop
    vertex -291.082672 -24.824650 250.000000
    vertex -291.068695 -24.421844 250.000000
    vertex -291.068695 -24.421844 -250.000000
  endloop
endfacet
facet normal -201.402664 6.988525 0.000000
  outer loop
    vertex -291.082672 -24.824650 250.000000
    vertex -291.068695 -24.421844 -250.000000
    vertex -291.082672 -24.824650 -250.000000
  endloop
endfacet
facet normal -201.403625 6.317139 0.000000
  outer loop
    vertex -291.068695 -24.421844 250.000000
    vertex -291.056061 -24.019037 250.000000
    vertex -291.056061 -24.019037 -250.000000
  endloop
endfacet
facet normal -201.403625 6.317139 0.000000
  outer loop
    vertex -291.068695 -24.421844 250.000000
    vertex -291.056061 -24.019037 -250.000000
    vertex -291.068695 -24.421844 -250.000000
  endloop
endfacet
facet normal -201.402664 5.676270 0.000000
  outer loop
    vertex -291.056061 -24.019037 250.000000
    vertex -291.044708 -23.616232 250.000000
    vertex -291.044708 -23.616232 -250.000000
  endloop
endfacet
facet normal -201.402664 5.676270 0.000000
  outer loop
    vertex -291.056061 -24.019037 250.000000
    vertex -291.044708 -23.616232 -250.000000
    vertex -291.056061 -24.019037 -250.000000
  endloop
endfacet
facet normal -201.402664 5.004883 0.000000
  outer loop
    vertex -291.044708 -23.616232 250.000000
    vertex -291.034698 -23.213427 250.000000
    vertex -291.034698 -23.213427 -250.000000
  endloop
endfacet
facet normal -201.402664 5.004883 0.000000
  outer loop
    vertex -291.044708 -23.616232 250.000000
    vertex -291.034698 -23.213427 -250.000000
    vertex -291.044708 -23.616232 -250.000000
  endloop
endfacet
facet normal -201.402664 4.379272 0.000000
  outer loop
    vertex -291.034698 -23.213427 250.000000
    vertex -291.025940 -22.810621 250.000000
    vertex -291.025940 -22.810621 -250.000000
  endloop
endfacet
facet normal -201.402664 4.379272 0.000000
  outer loop
    vertex -291.034698 -23.213427 250.000000
    vertex -291.025940 -22.810621 -250.000000
    vertex -291.034698 -23.213427 -250.000000
  endloop
endfacet
facet normal -201.402664 3.753662 0.000000
  outer loop
    vertex -291.025940 -22.810621 250.000000
    vertex -291.018433 -22.407816 250.000000
    vertex -291.018433 -22.407816 -250.000000
  endloop
endfacet
facet normal -201.402664 3.753662 0.000000
  outer loop
    vertex -291.025940 -22.810621 250.000000
    vertex -291.018433 -22.407816 -250.000000
    vertex -291.025940 -22.810621 -250.000000
  endloop
endfacet
facet normal -201.402664 3.158569 0.000000
  outer loop
    vertex -291.018433 -22.407816 250.000000
    vertex -291.012115 -22.005011 250.000000
    vertex -291.012115 -22.005011 -250.000000
  endloop
endfacet
facet normal -201.402664 3.158569 0.000000
  outer loop
    vertex -291.018433 -22.407816 250.000000
    vertex -291.012115 -22.005011 -250.000000
    vertex -291.018433 -22.407816 -250.000000
  endloop
endfacet
facet normal -201.402664 2.548218 0.000000
  outer loop
    vertex -291.012115 -22.005011 250.000000
    vertex -291.007019 -21.602205 250.000000
    vertex -291.007019 -21.602205 -250.000000
  endloop
endfacet
facet normal -201.402664 2.548218 0.000000
  outer loop
    vertex -291.012115 -22.005011 250.000000
    vertex -291.007019 -21.602205 -250.000000
    vertex -291.012115 -22.005011 -250.000000
  endloop
endfacet
facet normal -201.403625 1.953125 0.000000
  outer loop
    vertex -291.007019 -21.602205 250.000000
    vertex -291.003113 -21.199398 250.000000
    vertex -291.003113 -21.199398 -250.000000
  endloop
endfacet
facet normal -201.403625 1.953125 0.000000
  outer loop
    vertex -291.007019 -21.602205 250.000000
    vertex -291.003113 -21.199398 -250.000000
    vertex -291.007019 -21.602205 -250.000000
  endloop
endfacet
facet normal -201.402664 1.373291 0.000000
  outer loop
    vertex -291.003113 -21.199398 250.000000
    vertex -291.000366 -20.796593 250.000000
    vertex -291.000366 -20.796593 -250.000000
  endloop
endfacet
facet normal -201.402664 1.373291 0.000000
  outer loop
    vertex -291.003113 -21.199398 250.000000
    vertex -291.000366 -20.796593 -250.000000
    vertex -291.003113 -21.199398 -250.000000
  endloop
endfacet
facet normal -201.402664 0.808716 0.000000
  outer loop
    vertex -291.000366 -20.796593 250.000000
    vertex -290.998749 -20.393787 250.000000
    vertex -290.998749 -20.393787 -250.000000
  endloop
endfacet
facet normal -201.402664 0.808716 0.000000
  outer loop
    vertex -291.000366 -20.796593 250.000000
    vertex -290.998749 -20.393787 -250.000000
    vertex -291.000366 -20.796593 -250.000000
  endloop
endfacet
facet normal -201.402664 0.244141 0.000000
  outer loop
    vertex -290.998749 -20.393787 250.000000
    vertex -290.998260 -19.990982 250.000000
    vertex -290.998260 -19.990982 -250.000000
  endloop
endfacet
facet normal -201.402664 0.244141 0.000000
  outer loop
    vertex -290.998749 -20.393787 250.000000
    vertex -290.998260 -19.990982 -250.000000
    vertex -290.998749 -20.393787 -250.000000
  endloop
endfacet
facet normal -201.402664 -0.305176 0.000000
  outer loop
    vertex -290.998260 -19.990982 250.000000
    vertex -290.998871 -19.588177 250.000000
    vertex -290.998871 -19.588177 -250.000000
  endloop
endfacet
facet normal -201.402664 -0.305176 -0.000000
  outer loop
    vertex -290.998260 -19.990982 250.000000
    vertex -290.998871 -19.588177 -250.000000
    vertex -290.998260 -19.990982 -250.000000
  endloop
endfacet
facet normal -201.402664 -0.839233 0.000000
  outer loop
    vertex -290.998871 -19.588177 250.000000
    vertex -291.000549 -19.185371 250.000000
    vertex -291.000549 -19.185371 -250.000000
  endloop
endfacet
facet normal -201.402664 -0.839233 -0.000000
  outer loop
    vertex -290.998871 -19.588177 250.000000
    vertex -291.000549 -19.185371 -250.000000
    vertex -290.998871 -19.588177 -250.000000
  endloop
endfacet
facet normal -201.402664 -1.373291 0.000000
  outer loop
    vertex -291.000549 -19.185371 250.000000
    vertex -291.003296 -18.782566 250.000000
    vertex -291.003296 -18.782566 -250.000000
  endloop
endfacet
facet normal -201.402664 -1.373291 -0.000000
  outer loop
    vertex -291.000549 -19.185371 250.000000
    vertex -291.003296 -18.782566 -250.000000
    vertex -291.000549 -19.185371 -250.000000
  endloop
endfacet
facet normal -201.403625 -1.892090 0.000000
  outer loop
    vertex -291.003296 -18.782566 250.000000
    vertex -291.007080 -18.379759 250.000000
    vertex -291.007080 -18.379759 -250.000000
  endloop
endfacet
facet normal -201.403625 -1.892090 -0.000000
  outer loop
    vertex -291.003296 -18.782566 250.000000
    vertex -291.007080 -18.379759 -250.000000
    vertex -291.003296 -18.782566 -250.000000
  endloop
endfacet
facet normal -201.402664 -2.410889 0.000000
  outer loop
    vertex -291.007080 -18.379759 250.000000
    vertex -291.011902 -17.976954 250.000000
    vertex -291.011902 -17.976954 -250.000000
  endloop
endfacet
facet normal -201.402664 -2.410889 -0.000000
  outer loop
    vertex -291.007080 -18.379759 250.000000
    vertex -291.011902 -17.976954 -250.000000
    vertex -291.007080 -18.379759 -250.000000
  endloop
endfacet
facet normal -201.402664 -2.914429 0.000000
  outer loop
    vertex -291.011902 -17.976954 250.000000
    vertex -291.017731 -17.574148 250.000000
    vertex -291.017731 -17.574148 -250.000000
  endloop
endfacet
facet normal -201.402664 -2.914429 -0.000000
  outer loop
    vertex -291.011902 -17.976954 250.000000
    vertex -291.017731 -17.574148 -250.000000
    vertex -291.011902 -17.976954 -250.000000
  endloop
endfacet
facet normal -201.402664 -3.402710 0.000000
  outer loop
    vertex -291.017731 -17.574148 250.000000
    vertex -291.024536 -17.171343 250.000000
    vertex -291.024536 -17.171343 -250.000000
  endloop
endfacet
facet normal -201.402664 -3.402710 -0.000000
  outer loop
    vertex -291.017731 -17.574148 250.000000
    vertex -291.024536 -17.171343 -250.000000
    vertex -291.017731 -17.574148 -250.000000
  endloop
endfacet
facet normal -201.402664 -3.906250 0.000000
  outer loop
    vertex -291.024536 -17.171343 250.000000
    vertex -291.032349 -16.768538 250.000000
    vertex -291.032349 -16.768538 -250.000000
  endloop
endfacet
facet normal -201.402664 -3.906250 -0.000000
  outer loop
    vertex -291.024536 -17.171343 250.000000
    vertex -291.032349 -16.768538 -250.000000
    vertex -291.024536 -17.171343 -250.000000
  endloop
endfacet
facet normal -201.402664 -4.379272 0.000000
  outer loop
    vertex -291.032349 -16.768538 250.000000
    vertex -291.041107 -16.365732 250.000000
    vertex -291.041107 -16.365732 -250.000000
  endloop
endfacet
facet normal -201.402664 -4.379272 -0.000000
  outer loop
    vertex -291.032349 -16.768538 250.000000
    vertex -291.041107 -16.365732 -250.000000
    vertex -291.032349 -16.768538 -250.000000
  endloop
endfacet
facet normal -201.403137 -4.852295 0.000000
  outer loop
    vertex -291.041107 -16.365732 250.000000
    vertex -291.050812 -15.962926 250.000000
    vertex -291.050812 -15.962926 -250.000000
  endloop
endfacet
facet normal -201.403137 -4.852295 -0.000000
  outer loop
    vertex -291.041107 -16.365732 250.000000
    vertex -291.050812 -15.962926 -250.000000
    vertex -291.041107 -16.365732 -250.000000
  endloop
endfacet
facet normal -201.402664 -5.325317 0.000000
  outer loop
    vertex -291.050812 -15.962926 250.000000
    vertex -291.061462 -15.560121 250.000000
    vertex -291.061462 -15.560121 -250.000000
  endloop
endfacet
facet normal -201.402664 -5.325317 -0.000000
  outer loop
    vertex -291.050812 -15.962926 250.000000
    vertex -291.061462 -15.560121 -250.000000
    vertex -291.050812 -15.962926 -250.000000
  endloop
endfacet
facet normal -201.403137 -5.767822 0.000000
  outer loop
    vertex -291.061462 -15.560121 250.000000
    vertex -291.072998 -15.157314 250.000000
    vertex -291.072998 -15.157314 -250.000000
  endloop
endfacet
facet normal -201.403137 -5.767822 -0.000000
  outer loop
    vertex -291.061462 -15.560121 250.000000
    vertex -291.072998 -15.157314 -250.000000
    vertex -291.061462 -15.560121 -250.000000
  endloop
endfacet
facet normal -201.402664 -6.225586 0.000000
  outer loop
    vertex -291.072998 -15.157314 250.000000
    vertex -291.085449 -14.754509 250.000000
    vertex -291.085449 -14.754509 -250.000000
  endloop
endfacet
facet normal -201.402664 -6.225586 -0.000000
  outer loop
    vertex -291.072998 -15.157314 250.000000
    vertex -291.085449 -14.754509 -250.000000
    vertex -291.072998 -15.157314 -250.000000
  endloop
endfacet
facet normal -201.402664 -6.683350 0.000000
  outer loop
    vertex -291.085449 -14.754509 250.000000
    vertex -291.098816 -14.351704 250.000000
    vertex -291.098816 -14.351704 -250.000000
  endloop
endfacet
facet normal -201.402664 -6.683350 -0.000000
  outer loop
    vertex -291.085449 -14.754509 250.000000
    vertex -291.098816 -14.351704 -250.000000
    vertex -291.085449 -14.754509 -250.000000
  endloop
endfacet
facet normal -201.403137 -7.110596 0.000000
  outer loop
    vertex -291.098816 -14.351704 250.000000
    vertex -291.113037 -13.948897 250.000000
    vertex -291.113037 -13.948897 -250.000000
  endloop
endfacet
facet normal -201.403137 -7.110596 -0.000000
  outer loop
    vertex -291.098816 -14.351704 250.000000
    vertex -291.113037 -13.948897 -250.000000
    vertex -291.098816 -14.351704 -250.000000
  endloop
endfacet
facet normal -201.402664 -7.537842 0.000000
  outer loop
    vertex -291.113037 -13.948897 250.000000
    vertex -291.128113 -13.546092 250.000000
    vertex -291.128113 -13.546092 -250.000000
  endloop
endfacet
facet normal -201.402664 -7.537842 -0.000000
  outer loop
    vertex -291.113037 -13.948897 250.000000
    vertex -291.128113 -13.546092 -250.000000
    vertex -291.113037 -13.948897 -250.000000
  endloop
endfacet
facet normal -201.402664 -7.965088 0.000000
  outer loop
    vertex -291.128113 -13.546092 250.000000
    vertex -291.144043 -13.143287 250.000000
    vertex -291.144043 -13.143287 -250.000000
  endloop
endfacet
facet normal -201.402664 -7.965088 -0.000000
  outer loop
    vertex -291.128113 -13.546092 250.000000
    vertex -291.144043 -13.143287 -250.000000
    vertex -291.128113 -13.546092 -250.000000
  endloop
endfacet
facet normal -201.402664 -8.377075 0.000000
  outer loop
    vertex -291.144043 -13.143287 250.000000
    vertex -291.160797 -12.740481 250.000000
    vertex -291.160797 -12.740481 -250.000000
  endloop
endfacet
facet normal -201.402664 -8.377075 -0.000000
  outer loop
    vertex -291.144043 -13.143287 250.000000
    vertex -291.160797 -12.740481 -250.000000
    vertex -291.144043 -13.143287 -250.000000
  endloop
endfacet
facet normal -201.403137 -8.789062 0.000000
  outer loop
    vertex -291.160797 -12.740481 250.000000
    vertex -291.178375 -12.337675 250.000000
    vertex -291.178375 -12.337675 -250.000000
  endloop
endfacet
facet normal -201.403137 -8.789062 -0.000000
  outer loop
    vertex -291.160797 -12.740481 250.000000
    vertex -291.178375 -12.337675 -250.000000
    vertex -291.160797 -12.740481 -250.000000
  endloop
endfacet
facet normal -201.402664 -9.201050 0.000000
  outer loop
    vertex -291.178375 -12.337675 250.000000
    vertex -291.196777 -11.934870 250.000000
    vertex -291.196777 -11.934870 -250.000000
  endloop
endfacet
facet normal -201.402664 -9.201050 -0.000000
  outer loop
    vertex -291.178375 -12.337675 250.000000
    vertex -291.196777 -11.934870 -250.000000
    vertex -291.178375 -12.337675 -250.000000
  endloop
endfacet
facet normal -201.402664 -9.597778 0.000000
  outer loop
    vertex -291.196777 -11.934870 250.000000
    vertex -291.215973 -11.532064 250.000000
    vertex -291.215973 -11.532064 -250.000000
  endloop
endfacet
facet normal -201.402664 -9.597778 -0.000000
  outer loop
    vertex -291.196777 -11.934870 250.000000
    vertex -291.215973 -11.532064 -250.000000
    vertex -291.196777 -11.934870 -250.000000
  endloop
endfacet
facet normal -201.403137 -9.994507 0.000000
  outer loop
    vertex -291.215973 -11.532064 250.000000
    vertex -291.235962 -11.129258 250.000000
    vertex -291.235962 -11.129258 -250.000000
  endloop
endfacet
facet normal -201.403137 -9.994507 -0.000000
  outer loop
    vertex -291.215973 -11.532064 250.000000
    vertex -291.235962 -11.129258 -250.000000
    vertex -291.215973 -11.532064 -250.000000
  endloop
endfacet
facet normal -201.402664 -10.375977 0.000000
  outer loop
    vertex -291.235962 -11.129258 250.000000
    vertex -291.256714 -10.726453 250.000000
    vertex -291.256714 -10.726453 -250.000000
  endloop
endfacet
facet normal -201.402664 -10.375977 -0.000000
  outer loop
    vertex -291.235962 -11.129258 250.000000
    vertex -291.256714 -10.726453 -250.000000
    vertex -291.235962 -11.129258 -250.000000
  endloop
endfacet
facet normal -201.402664 -10.757446 0.000000
  outer loop
    vertex -291.256714 -10.726453 250.000000
    vertex -291.278229 -10.323647 250.000000
    vertex -291.278229 -10.323647 -250.000000
  endloop
endfacet
facet normal -201.402664 -10.757446 -0.000000
  outer loop
    vertex -291.256714 -10.726453 250.000000
    vertex -291.278229 -10.323647 -250.000000
    vertex -291.256714 -10.726453 -250.000000
  endloop
endfacet
facet normal -201.403137 -11.138916 0.000000
  outer loop
    vertex -291.278229 -10.323647 250.000000
    vertex -291.300507 -9.920841 250.000000
    vertex -291.300507 -9.920841 -250.000000
  endloop
endfacet
facet normal -201.403137 -11.138916 -0.000000
  outer loop
    vertex -291.278229 -10.323647 250.000000
    vertex -291.300507 -9.920841 -250.000000
    vertex -291.278229 -10.323647 -250.000000
  endloop
endfacet
facet normal -201.402664 -11.505127 0.000000
  outer loop
    vertex -291.300507 -9.920841 250.000000
    vertex -291.323517 -9.518036 250.000000
    vertex -291.323517 -9.518036 -250.000000
  endloop
endfacet
facet normal -201.402664 -11.505127 -0.000000
  outer loop
    vertex -291.300507 -9.920841 250.000000
    vertex -291.323517 -9.518036 -250.000000
    vertex -291.300507 -9.920841 -250.000000
  endloop
endfacet
facet normal -201.402664 -11.871338 0.000000
  outer loop
    vertex -291.323517 -9.518036 250.000000
    vertex -291.347260 -9.115231 250.000000
    vertex -291.347260 -9.115231 -250.000000
  endloop
endfacet
facet normal -201.402664 -11.871338 -0.000000
  outer loop
    vertex -291.323517 -9.518036 250.000000
    vertex -291.347260 -9.115231 -250.000000
    vertex -291.323517 -9.518036 -250.000000
  endloop
endfacet
facet normal -201.402664 -12.222290 0.000000
  outer loop
    vertex -291.347260 -9.115231 250.000000
    vertex -291.371704 -8.712425 250.000000
    vertex -291.371704 -8.712425 -250.000000
  endloop
endfacet
facet normal -201.402664 -12.222290 -0.000000
  outer loop
    vertex -291.347260 -9.115231 250.000000
    vertex -291.371704 -8.712425 -250.000000
    vertex -291.347260 -9.115231 -250.000000
  endloop
endfacet
facet normal -201.403137 -12.588501 0.000000
  outer loop
    vertex -291.371704 -8.712425 250.000000
    vertex -291.396881 -8.309619 250.000000
    vertex -291.396881 -8.309619 -250.000000
  endloop
endfacet
facet normal -201.403137 -12.588501 -0.000000
  outer loop
    vertex -291.371704 -8.712425 250.000000
    vertex -291.396881 -8.309619 -250.000000
    vertex -291.371704 -8.712425 -250.000000
  endloop
endfacet
facet normal -201.402664 -12.939453 0.000000
  outer loop
    vertex -291.396881 -8.309619 250.000000
    vertex -291.422760 -7.906814 250.000000
    vertex -291.422760 -7.906814 -250.000000
  endloop
endfacet
facet normal -201.402664 -12.939453 -0.000000
  outer loop
    vertex -291.396881 -8.309619 250.000000
    vertex -291.422760 -7.906814 -250.000000
    vertex -291.396881 -8.309619 -250.000000
  endloop
endfacet
facet normal -201.402908 -13.275146 0.000000
  outer loop
    vertex -291.422760 -7.906814 250.000000
    vertex -291.449310 -7.504008 250.000000
    vertex -291.449310 -7.504008 -250.000000
  endloop
endfacet
facet normal -201.402908 -13.275146 -0.000000
  outer loop
    vertex -291.422760 -7.906814 250.000000
    vertex -291.449310 -7.504008 -250.000000
    vertex -291.422760 -7.906814 -250.000000
  endloop
endfacet
facet normal -201.402664 -13.626099 0.000000
  outer loop
    vertex -291.449310 -7.504008 250.000000
    vertex -291.476562 -7.101202 250.000000
    vertex -291.476562 -7.101202 -250.000000
  endloop
endfacet
facet normal -201.402664 -13.626099 -0.000000
  outer loop
    vertex -291.449310 -7.504008 250.000000
    vertex -291.476562 -7.101202 -250.000000
    vertex -291.449310 -7.504008 -250.000000
  endloop
endfacet
facet normal -201.402908 -13.961792 0.000000
  outer loop
    vertex -291.476562 -7.101202 250.000000
    vertex -291.504486 -6.698397 250.000000
    vertex -291.504486 -6.698397 -250.000000
  endloop
endfacet
facet normal -201.402908 -13.961792 -0.000000
  outer loop
    vertex -291.476562 -7.101202 250.000000
    vertex -291.504486 -6.698397 -250.000000
    vertex -291.476562 -7.101202 -250.000000
  endloop
endfacet
facet normal -201.402664 -14.297485 0.000000
  outer loop
    vertex -291.504486 -6.698397 250.000000
    vertex -291.533081 -6.295591 250.000000
    vertex -291.533081 -6.295591 -250.000000
  endloop
endfacet
facet normal -201.402664 -14.297485 -0.000000
  outer loop
    vertex -291.504486 -6.698397 250.000000
    vertex -291.533081 -6.295591 -250.000000
    vertex -291.504486 -6.698397 -250.000000
  endloop
endfacet
facet normal -201.402908 -14.602661 0.000000
  outer loop
    vertex -291.533081 -6.295591 250.000000
    vertex -291.562286 -5.892786 250.000000
    vertex -291.562286 -5.892786 -250.000000
  endloop
endfacet
facet normal -201.402908 -14.602661 -0.000000
  outer loop
    vertex -291.533081 -6.295591 250.000000
    vertex -291.562286 -5.892786 -250.000000
    vertex -291.533081 -6.295591 -250.000000
  endloop
endfacet
facet normal -201.402908 -14.938354 0.000000
  outer loop
    vertex -291.562286 -5.892786 250.000000
    vertex -291.592163 -5.489980 250.000000
    vertex -291.592163 -5.489980 -250.000000
  endloop
endfacet
facet normal -201.402908 -14.938354 -0.000000
  outer loop
    vertex -291.562286 -5.892786 250.000000
    vertex -291.592163 -5.489980 -250.000000
    vertex -291.562286 -5.892786 -250.000000
  endloop
endfacet
facet normal -201.402664 -15.258789 0.000000
  outer loop
    vertex -291.592163 -5.489980 250.000000
    vertex -291.622681 -5.087174 250.000000
    vertex -291.622681 -5.087174 -250.000000
  endloop
endfacet
facet normal -201.402664 -15.258789 -0.000000
  outer loop
    vertex -291.592163 -5.489980 250.000000
    vertex -291.622681 -5.087174 -250.000000
    vertex -291.592163 -5.489980 -250.000000
  endloop
endfacet
facet normal -201.402908 -15.579224 0.000000
  outer loop
    vertex -291.622681 -5.087174 250.000000
    vertex -291.653839 -4.684369 250.000000
    vertex -291.653839 -4.684369 -250.000000
  endloop
endfacet
facet normal -201.402908 -15.579224 -0.000000
  outer loop
    vertex -291.622681 -5.087174 250.000000
    vertex -291.653839 -4.684369 -250.000000
    vertex -291.622681 -5.087174 -250.000000
  endloop
endfacet
facet normal -201.402664 -15.869141 0.000000
  outer loop
    vertex -291.653839 -4.684369 250.000000
    vertex -291.685577 -4.281563 250.000000
    vertex -291.685577 -4.281563 -250.000000
  endloop
endfacet
facet normal -201.402664 -15.869141 -0.000000
  outer loop
    vertex -291.653839 -4.684369 250.000000
    vertex -291.685577 -4.281563 -250.000000
    vertex -291.653839 -4.684369 -250.000000
  endloop
endfacet
facet normal -201.402908 -16.189575 0.000000
  outer loop
    vertex -291.685577 -4.281563 250.000000
    vertex -291.717957 -3.878757 250.000000
    vertex -291.717957 -3.878757 -250.000000
  endloop
endfacet
facet normal -201.402908 -16.189575 -0.000000
  outer loop
    vertex -291.685577 -4.281563 250.000000
    vertex -291.717957 -3.878757 -250.000000
    vertex -291.685577 -4.281563 -250.000000
  endloop
endfacet
facet normal -201.402786 -16.479492 0.000000
  outer loop
    vertex -291.717957 -3.878757 250.000000
    vertex -291.750916 -3.475952 250.000000
    vertex -291.750916 -3.475952 -250.000000
  endloop
endfacet
facet normal -201.402786 -16.479492 -0.000000
  outer loop
    vertex -291.717957 -3.878757 250.000000
    vertex -291.750916 -3.475952 -250.000000
    vertex -291.717957 -3.878757 -250.000000
  endloop
endfacet
facet normal -201.402786 -16.784668 0.000000
  outer loop
    vertex -291.750916 -3.475952 250.000000
    vertex -291.784485 -3.073146 250.000000
    vertex -291.784485 -3.073146 -250.000000
  endloop
endfacet
facet normal -201.402786 -16.784668 -0.000000
  outer loop
    vertex -291.750916 -3.475952 250.000000
    vertex -291.784485 -3.073146 -250.000000
    vertex -291.750916 -3.475952 -250.000000
  endloop
endfacet
facet normal -201.402786 -17.089844 0.000000
  outer loop
    vertex -291.784485 -3.073146 250.000000
    vertex -291.818665 -2.670341 250.000000
    vertex -291.818665 -2.670341 -250.000000
  endloop
endfacet
facet normal -201.402786 -17.089844 -0.000000
  outer loop
    vertex -291.784485 -3.073146 250.000000
    vertex -291.818665 -2.670341 -250.000000
    vertex -291.784485 -3.073146 -250.000000
  endloop
endfacet
facet normal -201.402908 -17.364502 0.000000
  outer loop
    vertex -291.818665 -2.670341 250.000000
    vertex -291.853394 -2.267535 250.000000
    vertex -291.853394 -2.267535 -250.000000
  endloop
endfacet
facet normal -201.402908 -17.364502 -0.000000
  outer loop
    vertex -291.818665 -2.670341 250.000000
    vertex -291.853394 -2.267535 -250.000000
    vertex -291.818665 -2.670341 -250.000000
  endloop
endfacet
facet normal -201.402786 -17.654419 0.000000
  outer loop
    vertex -291.853394 -2.267535 250.000000
    vertex -291.888702 -1.864729 250.000000
    vertex -291.888702 -1.864729 -250.000000
  endloop
endfacet
facet normal -201.402786 -17.654419 -0.000000
  outer loop
    vertex -291.853394 -2.267535 250.000000
    vertex -291.888702 -1.864729 -250.000000
    vertex -291.853394 -2.267535 -250.000000
  endloop
endfacet
facet normal -201.402786 -17.929077 0.000000
  outer loop
    vertex -291.888702 -1.864729 250.000000
    vertex -291.924561 -1.461924 250.000000
    vertex -291.924561 -1.461924 -250.000000
  endloop
endfacet
facet normal -201.402786 -17.929077 -0.000000
  outer loop
    vertex -291.888702 -1.864729 250.000000
    vertex -291.924561 -1.461924 -250.000000
    vertex -291.888702 -1.864729 -250.000000
  endloop
endfacet
facet normal -201.402786 -18.218994 0.000000
  outer loop
    vertex -291.924561 -1.461924 250.000000
    vertex -291.960999 -1.059118 250.000000
    vertex -291.960999 -1.059118 -250.000000
  endloop
endfacet
facet normal -201.402786 -18.218994 -0.000000
  outer loop
    vertex -291.924561 -1.461924 250.000000
    vertex -291.960999 -1.059118 -250.000000
    vertex -291.924561 -1.461924 -250.000000
  endloop
endfacet
facet normal -201.402817 -18.478394 0.000000
  outer loop
    vertex -291.960999 -1.059118 250.000000
    vertex -291.997955 -0.656313 250.000000
    vertex -291.997955 -0.656313 -250.000000
  endloop
endfacet
facet normal -201.402817 -18.478394 -0.000000
  outer loop
    vertex -291.960999 -1.059118 250.000000
    vertex -291.997955 -0.656313 -250.000000
    vertex -291.960999 -1.059118 -250.000000
  endloop
endfacet
facet normal -201.402817 -18.768311 0.000000
  outer loop
    vertex -291.997955 -0.656313 250.000000
    vertex -292.035492 -0.253507 250.000000
    vertex -292.035492 -0.253507 -250.000000
  endloop
endfacet
facet normal -201.402817 -18.768311 -0.000000
  outer loop
    vertex -291.997955 -0.656313 250.000000
    vertex -292.035492 -0.253507 -250.000000
    vertex -291.997955 -0.656313 -250.000000
  endloop
endfacet
facet normal -201.402817 -19.027710 0.000000
  outer loop
    vertex -292.035492 -0.253507 250.000000
    vertex -292.073547 0.149299 250.000000
    vertex -292.073547 0.149299 -250.000000
  endloop
endfacet
facet normal -201.402817 -19.027710 -0.000000
  outer loop
    vertex -292.035492 -0.253507 250.000000
    vertex -292.073547 0.149299 -250.000000
    vertex -292.035492 -0.253507 -250.000000
  endloop
endfacet
facet normal -201.402817 -19.287109 0.000000
  outer loop
    vertex -292.073547 0.149299 250.000000
    vertex -292.112122 0.552104 250.000000
    vertex -292.112122 0.552104 -250.000000
  endloop
endfacet
facet normal -201.402817 -19.287109 -0.000000
  outer loop
    vertex -292.073547 0.149299 250.000000
    vertex -292.112122 0.552104 -250.000000
    vertex -292.073547 0.149299 -250.000000
  endloop
endfacet
facet normal -201.402786 -19.561768 0.000000
  outer loop
    vertex -292.112122 0.552104 250.000000
    vertex -292.151245 0.954910 250.000000
    vertex -292.151245 0.954910 -250.000000
  endloop
endfacet
facet normal -201.402786 -19.561768 -0.000000
  outer loop
    vertex -292.112122 0.552104 250.000000
    vertex -292.151245 0.954910 -250.000000
    vertex -292.112122 0.552104 -250.000000
  endloop
endfacet
facet normal -201.402847 -19.805908 0.000000
  outer loop
    vertex -292.151245 0.954910 250.000000
    vertex -292.190857 1.357715 250.000000
    vertex -292.190857 1.357715 -250.000000
  endloop
endfacet
facet normal -201.402847 -19.805908 -0.000000
  outer loop
    vertex -292.151245 0.954910 250.000000
    vertex -292.190857 1.357715 -250.000000
    vertex -292.151245 0.954910 -250.000000
  endloop
endfacet
facet normal -201.402786 -20.080566 0.000000
  outer loop
    vertex -292.190857 1.357715 250.000000
    vertex -292.231018 1.760521 250.000000
    vertex -292.231018 1.760521 -250.000000
  endloop
endfacet
facet normal -201.402786 -20.080566 -0.000000
  outer loop
    vertex -292.190857 1.357715 250.000000
    vertex -292.231018 1.760521 -250.000000
    vertex -292.190857 1.357715 -250.000000
  endloop
endfacet
facet normal -201.402847 -20.324707 0.000000
  outer loop
    vertex -292.231018 1.760521 250.000000
    vertex -292.271667 2.163327 250.000000
    vertex -292.271667 2.163327 -250.000000
  endloop
endfacet
facet normal -201.402847 -20.324707 -0.000000
  outer loop
    vertex -292.231018 1.760521 250.000000
    vertex -292.271667 2.163327 -250.000000
    vertex -292.231018 1.760521 -250.000000
  endloop
endfacet
facet normal -201.402786 -20.568848 0.000000
  outer loop
    vertex -292.271667 2.163327 250.000000
    vertex -292.312805 2.566132 250.000000
    vertex -292.312805 2.566132 -250.000000
  endloop
endfacet
facet normal -201.402786 -20.568848 -0.000000
  outer loop
    vertex -292.271667 2.163327 250.000000
    vertex -292.312805 2.566132 -250.000000
    vertex -292.271667 2.163327 -250.000000
  endloop
endfacet
facet normal -201.402786 -20.812988 0.000000
  outer loop
    vertex -292.312805 2.566132 250.000000
    vertex -292.354431 2.968938 250.000000
    vertex -292.354431 2.968938 -250.000000
  endloop
endfacet
facet normal -201.402786 -20.812988 -0.000000
  outer loop
    vertex -292.312805 2.566132 250.000000
    vertex -292.354431 2.968938 -250.000000
    vertex -292.312805 2.566132 -250.000000
  endloop
endfacet
facet normal -201.402786 -21.072388 0.000000
  outer loop
    vertex -292.354431 2.968938 250.000000
    vertex -292.396576 3.371743 250.000000
    vertex -292.396576 3.371743 -250.000000
  endloop
endfacet
facet normal -201.402786 -21.072388 -0.000000
  outer loop
    vertex -292.354431 2.968938 250.000000
    vertex -292.396576 3.371743 -250.000000
    vertex -292.354431 2.968938 -250.000000
  endloop
endfacet
facet normal -201.402786 -21.301270 0.000000
  outer loop
    vertex -292.396576 3.371743 250.000000
    vertex -292.439178 3.774549 250.000000
    vertex -292.439178 3.774549 -250.000000
  endloop
endfacet
facet normal -201.402786 -21.301270 -0.000000
  outer loop
    vertex -292.396576 3.371743 250.000000
    vertex -292.439178 3.774549 -250.000000
    vertex -292.396576 3.371743 -250.000000
  endloop
endfacet
facet normal -201.402908 -21.545410 0.000000
  outer loop
    vertex -292.439178 3.774549 250.000000
    vertex -292.482269 4.177355 250.000000
    vertex -292.482269 4.177355 -250.000000
  endloop
endfacet
facet normal -201.402908 -21.545410 -0.000000
  outer loop
    vertex -292.439178 3.774549 250.000000
    vertex -292.482269 4.177355 -250.000000
    vertex -292.439178 3.774549 -250.000000
  endloop
endfacet
facet normal -201.402664 -21.774292 0.000000
  outer loop
    vertex -292.482269 4.177355 250.000000
    vertex -292.525818 4.580160 250.000000
    vertex -292.525818 4.580160 -250.000000
  endloop
endfacet
facet normal -201.402664 -21.774292 -0.000000
  outer loop
    vertex -292.482269 4.177355 250.000000
    vertex -292.525818 4.580160 -250.000000
    vertex -292.482269 4.177355 -250.000000
  endloop
endfacet
facet normal -201.402908 -22.018433 0.000000
  outer loop
    vertex -292.525818 4.580160 250.000000
    vertex -292.569855 4.982966 250.000000
    vertex -292.569855 4.982966 -250.000000
  endloop
endfacet
facet normal -201.402908 -22.018433 -0.000000
  outer loop
    vertex -292.525818 4.580160 250.000000
    vertex -292.569855 4.982966 -250.000000
    vertex -292.525818 4.580160 -250.000000
  endloop
endfacet
facet normal -201.402908 -22.232056 0.000000
  outer loop
    vertex -292.569855 4.982966 250.000000
    vertex -292.614319 5.385772 250.000000
    vertex -292.614319 5.385772 -250.000000
  endloop
endfacet
facet normal -201.402908 -22.232056 -0.000000
  outer loop
    vertex -292.569855 4.982966 250.000000
    vertex -292.614319 5.385772 -250.000000
    vertex -292.569855 4.982966 -250.000000
  endloop
endfacet
facet normal -201.402664 -22.476196 0.000000
  outer loop
    vertex -292.614319 5.385772 250.000000
    vertex -292.659271 5.788577 250.000000
    vertex -292.659271 5.788577 -250.000000
  endloop
endfacet
facet normal -201.402664 -22.476196 -0.000000
  outer loop
    vertex -292.614319 5.385772 250.000000
    vertex -292.659271 5.788577 -250.000000
    vertex -292.614319 5.385772 -250.000000
  endloop
endfacet
facet normal -201.402908 -22.689819 0.000000
  outer loop
    vertex -292.659271 5.788577 250.000000
    vertex -292.704651 6.191383 250.000000
    vertex -292.704651 6.191383 -250.000000
  endloop
endfacet
facet normal -201.402908 -22.689819 -0.000000
  outer loop
    vertex -292.659271 5.788577 250.000000
    vertex -292.704651 6.191383 -250.000000
    vertex -292.659271 5.788577 -250.000000
  endloop
endfacet
facet normal -201.402664 -22.918701 0.000000
  outer loop
    vertex -292.704651 6.191383 250.000000
    vertex -292.750488 6.594188 250.000000
    vertex -292.750488 6.594188 -250.000000
  endloop
endfacet
facet normal -201.402664 -22.918701 -0.000000
  outer loop
    vertex -292.704651 6.191383 250.000000
    vertex -292.750488 6.594188 -250.000000
    vertex -292.704651 6.191383 -250.000000
  endloop
endfacet
facet normal -201.402908 -23.147583 0.000000
  outer loop
    vertex -292.750488 6.594188 250.000000
    vertex -292.796783 6.996994 250.000000
    vertex -292.796783 6.996994 -250.000000
  endloop
endfacet
facet normal -201.402908 -23.147583 -0.000000
  outer loop
    vertex -292.750488 6.594188 250.000000
    vertex -292.796783 6.996994 -250.000000
    vertex -292.750488 6.594188 -250.000000
  endloop
endfacet
facet normal -201.402908 -23.345947 0.000000
  outer loop
    vertex -292.796783 6.996994 250.000000
    vertex -292.843475 7.399800 250.000000
    vertex -292.843475 7.399800 -250.000000
  endloop
endfacet
facet normal -201.402908 -23.345947 -0.000000
  outer loop
    vertex -292.796783 6.996994 250.000000
    vertex -292.843475 7.399800 -250.000000
    vertex -292.796783 6.996994 -250.000000
  endloop
endfacet
facet normal -201.402664 -23.574829 0.000000
  outer loop
    vertex -292.843475 7.399800 250.000000
    vertex -292.890625 7.802605 250.000000
    vertex -292.890625 7.802605 -250.000000
  endloop
endfacet
facet normal -201.402664 -23.574829 -0.000000
  outer loop
    vertex -292.843475 7.399800 250.000000
    vertex -292.890625 7.802605 -250.000000
    vertex -292.843475 7.399800 -250.000000
  endloop
endfacet
facet normal -201.402908 -23.788452 0.000000
  outer loop
    vertex -292.890625 7.802605 250.000000
    vertex -292.938202 8.205411 250.000000
    vertex -292.938202 8.205411 -250.000000
  endloop
endfacet
facet normal -201.402908 -23.788452 -0.000000
  outer loop
    vertex -292.890625 7.802605 250.000000
    vertex -292.938202 8.205411 -250.000000
    vertex -292.890625 7.802605 -250.000000
  endloop
endfacet
facet normal -201.402664 -24.002075 0.000000
  outer loop
    vertex -292.938202 8.205411 250.000000
    vertex -292.986206 8.608216 250.000000
    vertex -292.986206 8.608216 -250.000000
  endloop
endfacet
facet normal -201.402664 -24.002075 -0.000000
  outer loop
    vertex -292.938202 8.205411 250.000000
    vertex -292.986206 8.608216 -250.000000
    vertex -292.938202 8.205411 -250.000000
  endloop
endfacet
facet normal -201.402664 -24.215698 0.000000
  outer loop
    vertex -292.986206 8.608216 250.000000
    vertex -293.034637 9.011022 250.000000
    vertex -293.034637 9.011022 -250.000000
  endloop
endfacet
facet normal -201.402664 -24.215698 -0.000000
  outer loop
    vertex -292.986206 8.608216 250.000000
    vertex -293.034637 9.011022 -250.000000
    vertex -292.986206 8.608216 -250.000000
  endloop
endfacet
facet normal -201.403137 -24.414062 0.000000
  outer loop
    vertex -293.034637 9.011022 250.000000
    vertex -293.083466 9.413828 250.000000
    vertex -293.083466 9.413828 -250.000000
  endloop
endfacet
facet normal -201.403137 -24.414062 -0.000000
  outer loop
    vertex -293.034637 9.011022 250.000000
    vertex -293.083466 9.413828 -250.000000
    vertex -293.034637 9.011022 -250.000000
  endloop
endfacet
facet normal -201.402664 -24.627686 0.000000
  outer loop
    vertex -293.083466 9.413828 250.000000
    vertex -293.132721 9.816633 250.000000
    vertex -293.132721 9.816633 -250.000000
  endloop
endfacet
facet normal -201.402664 -24.627686 -0.000000
  outer loop
    vertex -293.083466 9.413828 250.000000
    vertex -293.132721 9.816633 -250.000000
    vertex -293.083466 9.413828 -250.000000
  endloop
endfacet
facet normal -201.402664 -24.826050 0.000000
  outer loop
    vertex -293.132721 9.816633 250.000000
    vertex -293.182373 10.219439 250.000000
    vertex -293.182373 10.219439 -250.000000
  endloop
endfacet
facet normal -201.402664 -24.826050 -0.000000
  outer loop
    vertex -293.132721 9.816633 250.000000
    vertex -293.182373 10.219439 -250.000000
    vertex -293.132721 9.816633 -250.000000
  endloop
endfacet
facet normal -201.403137 -25.024414 0.000000
  outer loop
    vertex -293.182373 10.219439 250.000000
    vertex -293.232422 10.622245 250.000000
    vertex -293.232422 10.622245 -250.000000
  endloop
endfacet
facet normal -201.403137 -25.024414 -0.000000
  outer loop
    vertex -293.182373 10.219439 250.000000
    vertex -293.232422 10.622245 -250.000000
    vertex -293.182373 10.219439 -250.000000
  endloop
endfacet
facet normal -201.402664 -25.222778 0.000000
  outer loop
    vertex -293.232422 10.622245 250.000000
    vertex -293.282867 11.025050 250.000000
    vertex -293.282867 11.025050 -250.000000
  endloop
endfacet
facet normal -201.402664 -25.222778 -0.000000
  outer loop
    vertex -293.232422 10.622245 250.000000
    vertex -293.282867 11.025050 -250.000000
    vertex -293.232422 10.622245 -250.000000
  endloop
endfacet
facet normal -201.402664 -25.436401 0.000000
  outer loop
    vertex -293.282867 11.025050 250.000000
    vertex -293.333740 11.427855 250.000000
    vertex -293.333740 11.427855 -250.000000
  endloop
endfacet
facet normal -201.402664 -25.436401 -0.000000
  outer loop
    vertex -293.282867 11.025050 250.000000
    vertex -293.333740 11.427855 -250.000000
    vertex -293.282867 11.025050 -250.000000
  endloop
endfacet
facet normal -201.403137 -25.619507 0.000000
  outer loop
    vertex -293.333740 11.427855 250.000000
    vertex -293.384979 11.830662 250.000000
    vertex -293.384979 11.830662 -250.000000
  endloop
endfacet
facet normal -201.403137 -25.619507 -0.000000
  outer loop
    vertex -293.333740 11.427855 250.000000
    vertex -293.384979 11.830662 -250.000000
    vertex -293.333740 11.427855 -250.000000
  endloop
endfacet
facet normal -201.402664 -25.817871 0.000000
  outer loop
    vertex -293.384979 11.830662 250.000000
    vertex -293.436615 12.233467 250.000000
    vertex -293.436615 12.233467 -250.000000
  endloop
endfacet
facet normal -201.402664 -25.817871 -0.000000
  outer loop
    vertex -293.384979 11.830662 250.000000
    vertex -293.436615 12.233467 -250.000000
    vertex -293.384979 11.830662 -250.000000
  endloop
endfacet
facet normal -201.402664 -26.016235 0.000000
  outer loop
    vertex -293.436615 12.233467 250.000000
    vertex -293.488647 12.636272 250.000000
    vertex -293.488647 12.636272 -250.000000
  endloop
endfacet
facet normal -201.402664 -26.016235 -0.000000
  outer loop
    vertex -293.436615 12.233467 250.000000
    vertex -293.488647 12.636272 -250.000000
    vertex -293.436615 12.233467 -250.000000
  endloop
endfacet
facet normal -201.402664 -26.199341 0.000000
  outer loop
    vertex -293.488647 12.636272 250.000000
    vertex -293.541046 13.039078 250.000000
    vertex -293.541046 13.039078 -250.000000
  endloop
endfacet
facet normal -201.402664 -26.199341 -0.000000
  outer loop
    vertex -293.488647 12.636272 250.000000
    vertex -293.541046 13.039078 -250.000000
    vertex -293.488647 12.636272 -250.000000
  endloop
endfacet
facet normal -201.403137 -26.397705 0.000000
  outer loop
    vertex -293.541046 13.039078 250.000000
    vertex -293.593842 13.441884 250.000000
    vertex -293.593842 13.441884 -250.000000
  endloop
endfacet
facet normal -201.403137 -26.397705 -0.000000
  outer loop
    vertex -293.541046 13.039078 250.000000
    vertex -293.593842 13.441884 -250.000000
    vertex -293.541046 13.039078 -250.000000
  endloop
endfacet
facet normal -201.402664 -26.580811 0.000000
  outer loop
    vertex -293.593842 13.441884 250.000000
    vertex -293.647003 13.844689 250.000000
    vertex -293.647003 13.844689 -250.000000
  endloop
endfacet
facet normal -201.402664 -26.580811 -0.000000
  outer loop
    vertex -293.593842 13.441884 250.000000
    vertex -293.647003 13.844689 -250.000000
    vertex -293.593842 13.441884 -250.000000
  endloop
endfacet
facet normal -201.402664 -26.763916 0.000000
  outer loop
    vertex -293.647003 13.844689 250.000000
    vertex -293.700531 14.247495 250.000000
    vertex -293.700531 14.247495 -250.000000
  endloop
endfacet
facet normal -201.402664 -26.763916 -0.000000
  outer loop
    vertex -293.647003 13.844689 250.000000
    vertex -293.700531 14.247495 -250.000000
    vertex -293.647003 13.844689 -250.000000
  endloop
endfacet
facet normal -201.403137 -26.947021 0.000000
  outer loop
    vertex -293.700531 14.247495 250.000000
    vertex -293.754425 14.650301 250.000000
    vertex -293.754425 14.650301 -250.000000
  endloop
endfacet
facet normal -201.403137 -26.947021 -0.000000
  outer loop
    vertex -293.700531 14.247495 250.000000
    vertex -293.754425 14.650301 -250.000000
    vertex -293.700531 14.247495 -250.000000
  endloop
endfacet
facet normal -201.402664 -27.145386 0.000000
  outer loop
    vertex -293.754425 14.650301 250.000000
    vertex -293.808716 15.053106 250.000000
    vertex -293.808716 15.053106 -250.000000
  endloop
endfacet
facet normal -201.402664 -27.145386 -0.000000
  outer loop
    vertex -293.754425 14.650301 250.000000
    vertex -293.808716 15.053106 -250.000000
    vertex -293.754425 14.650301 -250.000000
  endloop
endfacet
facet normal -201.402664 -27.313232 0.000000
  outer loop
    vertex -293.808716 15.053106 250.000000
    vertex -293.863342 15.455912 250.000000
    vertex -293.863342 15.455912 -250.000000
  endloop
endfacet
facet normal -201.402664 -27.313232 -0.000000
  outer loop
    vertex -293.808716 15.053106 250.000000
    vertex -293.863342 15.455912 -250.000000
    vertex -293.808716 15.053106 -250.000000
  endloop
endfacet
facet normal -201.402664 -27.511597 0.000000
  outer loop
    vertex -293.863342 15.455912 250.000000
    vertex -293.918365 15.858717 250.000000
    vertex -293.918365 15.858717 -250.000000
  endloop
endfacet
facet normal -201.402664 -27.511597 -0.000000
  outer loop
    vertex -293.863342 15.455912 250.000000
    vertex -293.918365 15.858717 -250.000000
    vertex -293.863342 15.455912 -250.000000
  endloop
endfacet
facet normal -201.402664 -27.679443 0.000000
  outer loop
    vertex -293.918365 15.858717 250.000000
    vertex -293.973724 16.261522 250.000000
    vertex -293.973724 16.261522 -250.000000
  endloop
endfacet
facet normal -201.402664 -27.679443 -0.000000
  outer loop
    vertex -293.918365 15.858717 250.000000
    vertex -293.973724 16.261522 -250.000000
    vertex -293.918365 15.858717 -250.000000
  endloop
endfacet
facet normal -201.403625 -27.862549 0.000000
  outer loop
    vertex -293.973724 16.261522 250.000000
    vertex -294.029449 16.664330 250.000000
    vertex -294.029449 16.664330 -250.000000
  endloop
endfacet
facet normal -201.403625 -27.862549 -0.000000
  outer loop
    vertex -293.973724 16.261522 250.000000
    vertex -294.029449 16.664330 -250.000000
    vertex -293.973724 16.261522 -250.000000
  endloop
endfacet
facet normal -201.402664 -28.045654 0.000000
  outer loop
    vertex -294.029449 16.664330 250.000000
    vertex -294.085541 17.067135 250.000000
    vertex -294.085541 17.067135 -250.000000
  endloop
endfacet
facet normal -201.402664 -28.045654 -0.000000
  outer loop
    vertex -294.029449 16.664330 250.000000
    vertex -294.085541 17.067135 -250.000000
    vertex -294.029449 16.664330 -250.000000
  endloop
endfacet
facet normal -201.402664 -28.213501 0.000000
  outer loop
    vertex -294.085541 17.067135 250.000000
    vertex -294.141968 17.469940 250.000000
    vertex -294.141968 17.469940 -250.000000
  endloop
endfacet
facet normal -201.402664 -28.213501 -0.000000
  outer loop
    vertex -294.085541 17.067135 250.000000
    vertex -294.141968 17.469940 -250.000000
    vertex -294.085541 17.067135 -250.000000
  endloop
endfacet
facet normal -201.402664 -28.396606 0.000000
  outer loop
    vertex -294.141968 17.469940 250.000000
    vertex -294.198761 17.872746 250.000000
    vertex -294.198761 17.872746 -250.000000
  endloop
endfacet
facet normal -201.402664 -28.396606 -0.000000
  outer loop
    vertex -294.141968 17.469940 250.000000
    vertex -294.198761 17.872746 -250.000000
    vertex -294.141968 17.469940 -250.000000
  endloop
endfacet
facet normal -201.402664 -28.564453 0.000000
  outer loop
    vertex -294.198761 17.872746 250.000000
    vertex -294.255890 18.275551 250.000000
    vertex -294.255890 18.275551 -250.000000
  endloop
endfacet
facet normal -201.402664 -28.564453 -0.000000
  outer loop
    vertex -294.198761 17.872746 250.000000
    vertex -294.255890 18.275551 -250.000000
    vertex -294.198761 17.872746 -250.000000
  endloop
endfacet
facet normal -201.402664 -28.747559 0.000000
  outer loop
    vertex -294.255890 18.275551 250.000000
    vertex -294.313385 18.678356 250.000000
    vertex -294.313385 18.678356 -250.000000
  endloop
endfacet
facet normal -201.402664 -28.747559 -0.000000
  outer loop
    vertex -294.255890 18.275551 250.000000
    vertex -294.313385 18.678356 -250.000000
    vertex -294.255890 18.275551 -250.000000
  endloop
endfacet
facet normal -201.402664 -28.915405 0.000000
  outer loop
    vertex -294.313385 18.678356 250.000000
    vertex -294.371216 19.081161 250.000000
    vertex -294.371216 19.081161 -250.000000
  endloop
endfacet
facet normal -201.402664 -28.915405 -0.000000
  outer loop
    vertex -294.313385 18.678356 250.000000
    vertex -294.371216 19.081161 -250.000000
    vertex -294.313385 18.678356 -250.000000
  endloop
endfacet
facet normal -201.403625 -29.083252 0.000000
  outer loop
    vertex -294.371216 19.081161 250.000000
    vertex -294.429382 19.483969 250.000000
    vertex -294.429382 19.483969 -250.000000
  endloop
endfacet
facet normal -201.403625 -29.083252 -0.000000
  outer loop
    vertex -294.371216 19.081161 250.000000
    vertex -294.429382 19.483969 -250.000000
    vertex -294.371216 19.081161 -250.000000
  endloop
endfacet
facet normal -201.402664 -29.251099 0.000000
  outer loop
    vertex -294.429382 19.483969 250.000000
    vertex -294.487885 19.886774 250.000000
    vertex -294.487885 19.886774 -250.000000
  endloop
endfacet
facet normal -201.402664 -29.251099 -0.000000
  outer loop
    vertex -294.429382 19.483969 250.000000
    vertex -294.487885 19.886774 -250.000000
    vertex -294.429382 19.483969 -250.000000
  endloop
endfacet
facet normal -201.402664 -29.434204 0.000000
  outer loop
    vertex -294.487885 19.886774 250.000000
    vertex -294.546753 20.289579 250.000000
    vertex -294.546753 20.289579 -250.000000
  endloop
endfacet
facet normal -201.402664 -29.434204 -0.000000
  outer loop
    vertex -294.487885 19.886774 250.000000
    vertex -294.546753 20.289579 -250.000000
    vertex -294.487885 19.886774 -250.000000
  endloop
endfacet
facet normal -201.402664 -29.586792 0.000000
  outer loop
    vertex -294.546753 20.289579 250.000000
    vertex -294.605927 20.692385 250.000000
    vertex -294.605927 20.692385 -250.000000
  endloop
endfacet
facet normal -201.402664 -29.586792 -0.000000
  outer loop
    vertex -294.546753 20.289579 250.000000
    vertex -294.605927 20.692385 -250.000000
    vertex -294.546753 20.289579 -250.000000
  endloop
endfacet
facet normal -201.402664 -29.769897 0.000000
  outer loop
    vertex -294.605927 20.692385 250.000000
    vertex -294.665466 21.095190 250.000000
    vertex -294.665466 21.095190 -250.000000
  endloop
endfacet
facet normal -201.402664 -29.769897 -0.000000
  outer loop
    vertex -294.605927 20.692385 250.000000
    vertex -294.665466 21.095190 -250.000000
    vertex -294.605927 20.692385 -250.000000
  endloop
endfacet
facet normal -201.402664 -29.937744 0.000000
  outer loop
    vertex -294.665466 21.095190 250.000000
    vertex -294.725342 21.497995 250.000000
    vertex -294.725342 21.497995 -250.000000
  endloop
endfacet
facet normal -201.402664 -29.937744 -0.000000
  outer loop
    vertex -294.665466 21.095190 250.000000
    vertex -294.725342 21.497995 -250.000000
    vertex -294.665466 21.095190 -250.000000
  endloop
endfacet
facet normal -201.402664 -30.105591 0.000000
  outer loop
    vertex -294.725342 21.497995 250.000000
    vertex -294.785553 21.900801 250.000000
    vertex -294.785553 21.900801 -250.000000
  endloop
endfacet
facet normal -201.402664 -30.105591 -0.000000
  outer loop
    vertex -294.725342 21.497995 250.000000
    vertex -294.785553 21.900801 -250.000000
    vertex -294.725342 21.497995 -250.000000
  endloop
endfacet
facet normal -201.403625 -30.258179 0.000000
  outer loop
    vertex -294.785553 21.900801 250.000000
    vertex -294.846069 22.303608 250.000000
    vertex -294.846069 22.303608 -250.000000
  endloop
endfacet
facet normal -201.403625 -30.258179 -0.000000
  outer loop
    vertex -294.785553 21.900801 250.000000
    vertex -294.846069 22.303608 -250.000000
    vertex -294.785553 21.900801 -250.000000
  endloop
endfacet
facet normal -201.402664 -30.441284 0.000000
  outer loop
    vertex -294.846069 22.303608 250.000000
    vertex -294.906952 22.706413 250.000000
    vertex -294.906952 22.706413 -250.000000
  endloop
endfacet
facet normal -201.402664 -30.441284 -0.000000
  outer loop
    vertex -294.846069 22.303608 250.000000
    vertex -294.906952 22.706413 -250.000000
    vertex -294.846069 22.303608 -250.000000
  endloop
endfacet
facet normal -201.402664 -30.593872 0.000000
  outer loop
    vertex -294.906952 22.706413 250.000000
    vertex -294.968140 23.109219 250.000000
    vertex -294.968140 23.109219 -250.000000
  endloop
endfacet
facet normal -201.402664 -30.593872 -0.000000
  outer loop
    vertex -294.906952 22.706413 250.000000
    vertex -294.968140 23.109219 -250.000000
    vertex -294.906952 22.706413 -250.000000
  endloop
endfacet
facet normal -201.402664 -30.761719 0.000000
  outer loop
    vertex -294.968140 23.109219 250.000000
    vertex -295.029663 23.512024 250.000000
    vertex -295.029663 23.512024 -250.000000
  endloop
endfacet
facet normal -201.402664 -30.761719 -0.000000
  outer loop
    vertex -294.968140 23.109219 250.000000
    vertex -295.029663 23.512024 -250.000000
    vertex -294.968140 23.109219 -250.000000
  endloop
endfacet
facet normal -201.402664 -30.929565 0.000000
  outer loop
    vertex -295.029663 23.512024 250.000000
    vertex -295.091522 23.914829 250.000000
    vertex -295.091522 23.914829 -250.000000
  endloop
endfacet
facet normal -201.402664 -30.929565 -0.000000
  outer loop
    vertex -295.029663 23.512024 250.000000
    vertex -295.091522 23.914829 -250.000000
    vertex -295.029663 23.512024 -250.000000
  endloop
endfacet
facet normal -201.402664 -31.097412 0.000000
  outer loop
    vertex -295.091522 23.914829 250.000000
    vertex -295.153717 24.317635 250.000000
    vertex -295.153717 24.317635 -250.000000
  endloop
endfacet
facet normal -201.402664 -31.097412 -0.000000
  outer loop
    vertex -295.091522 23.914829 250.000000
    vertex -295.153717 24.317635 -250.000000
    vertex -295.091522 23.914829 -250.000000
  endloop
endfacet
facet normal -201.403625 -31.250000 0.000000
  outer loop
    vertex -295.153717 24.317635 250.000000
    vertex -295.216217 24.720442 250.000000
    vertex -295.216217 24.720442 -250.000000
  endloop
endfacet
facet normal -201.403625 -31.250000 -0.000000
  outer loop
    vertex -295.153717 24.317635 250.000000
    vertex -295.216217 24.720442 -250.000000
    vertex -295.153717 24.317635 -250.000000
  endloop
endfacet
facet normal -201.402664 -31.417847 0.000000
  outer loop
    vertex -295.216217 24.720442 250.000000
    vertex -295.279053 25.123247 250.000000
    vertex -295.279053 25.123247 -250.000000
  endloop
endfacet
facet normal -201.402664 -31.417847 -0.000000
  outer loop
    vertex -295.216217 24.720442 250.000000
    vertex -295.279053 25.123247 -250.000000
    vertex -295.216217 24.720442 -250.000000
  endloop
endfacet
facet normal -201.402664 -31.585693 0.000000
  outer loop
    vertex -295.279053 25.123247 250.000000
    vertex -295.342224 25.526052 250.000000
    vertex -295.342224 25.526052 -250.000000
  endloop
endfacet
facet normal -201.402664 -31.585693 -0.000000
  outer loop
    vertex -295.279053 25.123247 250.000000
    vertex -295.342224 25.526052 -250.000000
    vertex -295.279053 25.123247 -250.000000
  endloop
endfacet
facet normal -201.402664 -31.738281 0.000000
  outer loop
    vertex -295.342224 25.526052 250.000000
    vertex -295.405701 25.928858 250.000000
    vertex -295.405701 25.928858 -250.000000
  endloop
endfacet
facet normal -201.402664 -31.738281 -0.000000
  outer loop
    vertex -295.342224 25.526052 250.000000
    vertex -295.405701 25.928858 -250.000000
    vertex -295.342224 25.526052 -250.000000
  endloop
endfacet
facet normal -201.402664 -31.906128 0.000000
  outer loop
    vertex -295.405701 25.928858 250.000000
    vertex -295.469513 26.331663 250.000000
    vertex -295.469513 26.331663 -250.000000
  endloop
endfacet
facet normal -201.402664 -31.906128 -0.000000
  outer loop
    vertex -295.405701 25.928858 250.000000
    vertex -295.469513 26.331663 -250.000000
    vertex -295.405701 25.928858 -250.000000
  endloop
endfacet
facet normal -201.402664 -32.073975 0.000000
  outer loop
    vertex -295.469513 26.331663 250.000000
    vertex -295.533661 26.734468 250.000000
    vertex -295.533661 26.734468 -250.000000
  endloop
endfacet
facet normal -201.402664 -32.073975 -0.000000
  outer loop
    vertex -295.469513 26.331663 250.000000
    vertex -295.533661 26.734468 -250.000000
    vertex -295.469513 26.331663 -250.000000
  endloop
endfacet
facet normal -201.402664 -32.226562 0.000000
  outer loop
    vertex -295.533661 26.734468 250.000000
    vertex -295.598114 27.137274 250.000000
    vertex -295.598114 27.137274 -250.000000
  endloop
endfacet
facet normal -201.402664 -32.226562 -0.000000
  outer loop
    vertex -295.533661 26.734468 250.000000
    vertex -295.598114 27.137274 -250.000000
    vertex -295.533661 26.734468 -250.000000
  endloop
endfacet
facet normal -201.403625 -32.394409 0.000000
  outer loop
    vertex -295.598114 27.137274 250.000000
    vertex -295.662903 27.540081 250.000000
    vertex -295.662903 27.540081 -250.000000
  endloop
endfacet
facet normal -201.403625 -32.394409 -0.000000
  outer loop
    vertex -295.598114 27.137274 250.000000
    vertex -295.662903 27.540081 -250.000000
    vertex -295.598114 27.137274 -250.000000
  endloop
endfacet
facet normal -201.402664 -32.562256 0.000000
  outer loop
    vertex -295.662903 27.540081 250.000000
    vertex -295.728027 27.942886 250.000000
    vertex -295.728027 27.942886 -250.000000
  endloop
endfacet
facet normal -201.402664 -32.562256 -0.000000
  outer loop
    vertex -295.662903 27.540081 250.000000
    vertex -295.728027 27.942886 -250.000000
    vertex -295.662903 27.540081 -250.000000
  endloop
endfacet
facet normal -201.402664 -32.714844 0.000000
  outer loop
    vertex -295.728027 27.942886 250.000000
    vertex -295.793457 28.345692 250.000000
    vertex -295.793457 28.345692 -250.000000
  endloop
endfacet
facet normal -201.402664 -32.714844 -0.000000
  outer loop
    vertex -295.728027 27.942886 250.000000
    vertex -295.793457 28.345692 -250.000000
    vertex -295.728027 27.942886 -250.000000
  endloop
endfacet
facet normal -201.402664 -32.867432 0.000000
  outer loop
    vertex -295.793457 28.345692 250.000000
    vertex -295.859192 28.748497 250.000000
    vertex -295.859192 28.748497 -250.000000
  endloop
endfacet
facet normal -201.402664 -32.867432 -0.000000
  outer loop
    vertex -295.793457 28.345692 250.000000
    vertex -295.859192 28.748497 -250.000000
    vertex -295.793457 28.345692 -250.000000
  endloop
endfacet
facet normal -201.402664 -33.050537 0.000000
  outer loop
    vertex -295.859192 28.748497 250.000000
    vertex -295.925293 29.151302 250.000000
    vertex -295.925293 29.151302 -250.000000
  endloop
endfacet
facet normal -201.402664 -33.050537 -0.000000
  outer loop
    vertex -295.859192 28.748497 250.000000
    vertex -295.925293 29.151302 -250.000000
    vertex -295.859192 28.748497 -250.000000
  endloop
endfacet
facet normal -201.402664 -33.203125 0.000000
  outer loop
    vertex -295.925293 29.151302 250.000000
    vertex -295.991699 29.554108 250.000000
    vertex -295.991699 29.554108 -250.000000
  endloop
endfacet
facet normal -201.402664 -33.203125 -0.000000
  outer loop
    vertex -295.925293 29.151302 250.000000
    vertex -295.991699 29.554108 -250.000000
    vertex -295.925293 29.151302 -250.000000
  endloop
endfacet
facet normal -201.402664 -33.355713 0.000000
  outer loop
    vertex -295.991699 29.554108 250.000000
    vertex -296.058411 29.956913 250.000000
    vertex -296.058411 29.956913 -250.000000
  endloop
endfacet
facet normal -201.402664 -33.355713 -0.000000
  outer loop
    vertex -295.991699 29.554108 250.000000
    vertex -296.058411 29.956913 -250.000000
    vertex -295.991699 29.554108 -250.000000
  endloop
endfacet
facet normal -201.403625 -33.523560 0.000000
  outer loop
    vertex -296.058411 29.956913 250.000000
    vertex -296.125458 30.359720 250.000000
    vertex -296.125458 30.359720 -250.000000
  endloop
endfacet
facet normal -201.403625 -33.523560 -0.000000
  outer loop
    vertex -296.058411 29.956913 250.000000
    vertex -296.125458 30.359720 -250.000000
    vertex -296.058411 29.956913 -250.000000
  endloop
endfacet
facet normal -201.402664 -33.691406 0.000000
  outer loop
    vertex -296.125458 30.359720 250.000000
    vertex -296.192841 30.762526 250.000000
    vertex -296.192841 30.762526 -250.000000
  endloop
endfacet
facet normal -201.402664 -33.691406 -0.000000
  outer loop
    vertex -296.125458 30.359720 250.000000
    vertex -296.192841 30.762526 -250.000000
    vertex -296.125458 30.359720 -250.000000
  endloop
endfacet
facet normal -201.402664 -33.843994 0.000000
  outer loop
    vertex -296.192841 30.762526 250.000000
    vertex -296.260529 31.165331 250.000000
    vertex -296.260529 31.165331 -250.000000
  endloop
endfacet
facet normal -201.402664 -33.843994 -0.000000
  outer loop
    vertex -296.192841 30.762526 250.000000
    vertex -296.260529 31.165331 -250.000000
    vertex -296.192841 30.762526 -250.000000
  endloop
endfacet
facet normal -201.402664 -34.011841 0.000000
  outer loop
    vertex -296.260529 31.165331 250.000000
    vertex -296.328552 31.568136 250.000000
    vertex -296.328552 31.568136 -250.000000
  endloop
endfacet
facet normal -201.402664 -34.011841 -0.000000
  outer loop
    vertex -296.260529 31.165331 250.000000
    vertex -296.328552 31.568136 -250.000000
    vertex -296.260529 31.165331 -250.000000
  endloop
endfacet
facet normal -201.402664 -34.179688 0.000000
  outer loop
    vertex -296.328552 31.568136 250.000000
    vertex -296.396912 31.970942 250.000000
    vertex -296.396912 31.970942 -250.000000
  endloop
endfacet
facet normal -201.402664 -34.179688 -0.000000
  outer loop
    vertex -296.328552 31.568136 250.000000
    vertex -296.396912 31.970942 -250.000000
    vertex -296.328552 31.568136 -250.000000
  endloop
endfacet
facet normal -201.403625 -34.347534 0.000000
  outer loop
    vertex -296.396912 31.970942 250.000000
    vertex -296.465607 32.373749 250.000000
    vertex -296.465607 32.373749 -250.000000
  endloop
endfacet
facet normal -201.403625 -34.347534 -0.000000
  outer loop
    vertex -296.396912 31.970942 250.000000
    vertex -296.465607 32.373749 -250.000000
    vertex -296.396912 31.970942 -250.000000
  endloop
endfacet
facet normal -201.402664 -34.500122 0.000000
  outer loop
    vertex -296.465607 32.373749 250.000000
    vertex -296.534607 32.776554 250.000000
    vertex -296.534607 32.776554 -250.000000
  endloop
endfacet
facet normal -201.402664 -34.500122 -0.000000
  outer loop
    vertex -296.465607 32.373749 250.000000
    vertex -296.534607 32.776554 -250.000000
    vertex -296.465607 32.373749 -250.000000
  endloop
endfacet
facet normal -201.402664 -34.667969 0.000000
  outer loop
    vertex -296.534607 32.776554 250.000000
    vertex -296.603943 33.179359 250.000000
    vertex -296.603943 33.179359 -250.000000
  endloop
endfacet
facet normal -201.402664 -34.667969 -0.000000
  outer loop
    vertex -296.534607 32.776554 250.000000
    vertex -296.603943 33.179359 -250.000000
    vertex -296.534607 32.776554 -250.000000
  endloop
endfacet
facet normal -201.402664 -34.820557 0.000000
  outer loop
    vertex -296.603943 33.179359 250.000000
    vertex -296.673584 33.582165 250.000000
    vertex -296.673584 33.582165 -250.000000
  endloop
endfacet
facet normal -201.402664 -34.820557 -0.000000
  outer loop
    vertex -296.603943 33.179359 250.000000
    vertex -296.673584 33.582165 -250.000000
    vertex -296.603943 33.179359 -250.000000
  endloop
endfacet
facet normal -201.402664 -35.003662 0.000000
  outer loop
    vertex -296.673584 33.582165 250.000000
    vertex -296.743591 33.984970 250.000000
    vertex -296.743591 33.984970 -250.000000
  endloop
endfacet
facet normal -201.402664 -35.003662 -0.000000
  outer loop
    vertex -296.673584 33.582165 250.000000
    vertex -296.743591 33.984970 -250.000000
    vertex -296.673584 33.582165 -250.000000
  endloop
endfacet
facet normal -201.402664 -35.156250 0.000000
  outer loop
    vertex -296.743591 33.984970 250.000000
    vertex -296.813904 34.387775 250.000000
    vertex -296.813904 34.387775 -250.000000
  endloop
endfacet
facet normal -201.402664 -35.156250 -0.000000
  outer loop
    vertex -296.743591 33.984970 250.000000
    vertex -296.813904 34.387775 -250.000000
    vertex -296.743591 33.984970 -250.000000
  endloop
endfacet
facet normal -201.402664 -35.324097 0.000000
  outer loop
    vertex -296.813904 34.387775 250.000000
    vertex -296.884552 34.790581 250.000000
    vertex -296.884552 34.790581 -250.000000
  endloop
endfacet
facet normal -201.402664 -35.324097 -0.000000
  outer loop
    vertex -296.813904 34.387775 250.000000
    vertex -296.884552 34.790581 -250.000000
    vertex -296.813904 34.387775 -250.000000
  endloop
endfacet
facet normal -201.402664 -35.491943 0.000000
  outer loop
    vertex -296.884552 34.790581 250.000000
    vertex -296.955536 35.193386 250.000000
    vertex -296.955536 35.193386 -250.000000
  endloop
endfacet
facet normal -201.402664 -35.491943 -0.000000
  outer loop
    vertex -296.884552 34.790581 250.000000
    vertex -296.955536 35.193386 -250.000000
    vertex -296.884552 34.790581 -250.000000
  endloop
endfacet
facet normal -201.402664 -35.659790 0.000000
  outer loop
    vertex -296.955536 35.193386 250.000000
    vertex -297.026855 35.596191 250.000000
    vertex -297.026855 35.596191 -250.000000
  endloop
endfacet
facet normal -201.402664 -35.659790 -0.000000
  outer loop
    vertex -296.955536 35.193386 250.000000
    vertex -297.026855 35.596191 -250.000000
    vertex -296.955536 35.193386 -250.000000
  endloop
endfacet
facet normal -201.402664 -35.827637 0.000000
  outer loop
    vertex -297.026855 35.596191 250.000000
    vertex -297.098511 35.998997 250.000000
    vertex -297.098511 35.998997 -250.000000
  endloop
endfacet
facet normal -201.402664 -35.827637 -0.000000
  outer loop
    vertex -297.026855 35.596191 250.000000
    vertex -297.098511 35.998997 -250.000000
    vertex -297.026855 35.596191 -250.000000
  endloop
endfacet
facet normal -201.402664 -35.995483 0.000000
  outer loop
    vertex -297.098511 35.998997 250.000000
    vertex -297.170502 36.401802 250.000000
    vertex -297.170502 36.401802 -250.000000
  endloop
endfacet
facet normal -201.402664 -35.995483 -0.000000
  outer loop
    vertex -297.098511 35.998997 250.000000
    vertex -297.170502 36.401802 -250.000000
    vertex -297.098511 35.998997 -250.000000
  endloop
endfacet
facet normal -201.402664 -36.163330 0.000000
  outer loop
    vertex -297.170502 36.401802 250.000000
    vertex -297.242828 36.804607 250.000000
    vertex -297.242828 36.804607 -250.000000
  endloop
endfacet
facet normal -201.402664 -36.163330 -0.000000
  outer loop
    vertex -297.170502 36.401802 250.000000
    vertex -297.242828 36.804607 -250.000000
    vertex -297.170502 36.401802 -250.000000
  endloop
endfacet
facet normal -201.404572 -36.331177 0.000000
  outer loop
    vertex -297.242828 36.804607 250.000000
    vertex -297.315491 37.207417 250.000000
    vertex -297.315491 37.207417 -250.000000
  endloop
endfacet
facet normal -201.404572 -36.331177 -0.000000
  outer loop
    vertex -297.242828 36.804607 250.000000
    vertex -297.315491 37.207417 -250.000000
    vertex -297.242828 36.804607 -250.000000
  endloop
endfacet
facet normal -201.402664 -36.499023 0.000000
  outer loop
    vertex -297.315491 37.207417 250.000000
    vertex -297.388489 37.610222 250.000000
    vertex -297.388489 37.610222 -250.000000
  endloop
endfacet
facet normal -201.402664 -36.499023 -0.000000
  outer loop
    vertex -297.315491 37.207417 250.000000
    vertex -297.388489 37.610222 -250.000000
    vertex -297.315491 37.207417 -250.000000
  endloop
endfacet
facet normal -201.402664 -36.666870 0.000000
  outer loop
    vertex -297.388489 37.610222 250.000000
    vertex -297.461823 38.013027 250.000000
    vertex -297.461823 38.013027 -250.000000
  endloop
endfacet
facet normal -201.402664 -36.666870 -0.000000
  outer loop
    vertex -297.388489 37.610222 250.000000
    vertex -297.461823 38.013027 -250.000000
    vertex -297.388489 37.610222 -250.000000
  endloop
endfacet
facet normal -201.402664 -36.849976 0.000000
  outer loop
    vertex -297.461823 38.013027 250.000000
    vertex -297.535522 38.415833 250.000000
    vertex -297.535522 38.415833 -250.000000
  endloop
endfacet
facet normal -201.402664 -36.849976 -0.000000
  outer loop
    vertex -297.461823 38.013027 250.000000
    vertex -297.535522 38.415833 -250.000000
    vertex -297.461823 38.013027 -250.000000
  endloop
endfacet
facet normal -201.402664 -37.017822 0.000000
  outer loop
    vertex -297.535522 38.415833 250.000000
    vertex -297.609558 38.818638 250.000000
    vertex -297.609558 38.818638 -250.000000
  endloop
endfacet
facet normal -201.402664 -37.017822 -0.000000
  outer loop
    vertex -297.535522 38.415833 250.000000
    vertex -297.609558 38.818638 -250.000000
    vertex -297.535522 38.415833 -250.000000
  endloop
endfacet
facet normal -201.402664 -37.185669 0.000000
  outer loop
    vertex -297.609558 38.818638 250.000000
    vertex -297.683929 39.221443 250.000000
    vertex -297.683929 39.221443 -250.000000
  endloop
endfacet
facet normal -201.402664 -37.185669 -0.000000
  outer loop
    vertex -297.609558 38.818638 250.000000
    vertex -297.683929 39.221443 -250.000000
    vertex -297.609558 38.818638 -250.000000
  endloop
endfacet
facet normal -201.402664 -37.368774 0.000000
  outer loop
    vertex -297.683929 39.221443 250.000000
    vertex -297.758667 39.624249 250.000000
    vertex -297.758667 39.624249 -250.000000
  endloop
endfacet
facet normal -201.402664 -37.368774 -0.000000
  outer loop
    vertex -297.683929 39.221443 250.000000
    vertex -297.758667 39.624249 -250.000000
    vertex -297.683929 39.221443 -250.000000
  endloop
endfacet
facet normal -201.402664 -37.536621 0.000000
  outer loop
    vertex -297.758667 39.624249 250.000000
    vertex -297.833740 40.027054 250.000000
    vertex -297.833740 40.027054 -250.000000
  endloop
endfacet
facet normal -201.402664 -37.536621 -0.000000
  outer loop
    vertex -297.758667 39.624249 250.000000
    vertex -297.833740 40.027054 -250.000000
    vertex -297.758667 39.624249 -250.000000
  endloop
endfacet
facet normal -201.402664 -37.719727 0.000000
  outer loop
    vertex -297.833740 40.027054 250.000000
    vertex -297.909180 40.429859 250.000000
    vertex -297.909180 40.429859 -250.000000
  endloop
endfacet
facet normal -201.402664 -37.719727 -0.000000
  outer loop
    vertex -297.833740 40.027054 250.000000
    vertex -297.909180 40.429859 -250.000000
    vertex -297.833740 40.027054 -250.000000
  endloop
endfacet
facet normal -201.402664 -37.902832 0.000000
  outer loop
    vertex -297.909180 40.429859 250.000000
    vertex -297.984985 40.832664 250.000000
    vertex -297.984985 40.832664 -250.000000
  endloop
endfacet
facet normal -201.402664 -37.902832 -0.000000
  outer loop
    vertex -297.909180 40.429859 250.000000
    vertex -297.984985 40.832664 -250.000000
    vertex -297.909180 40.429859 -250.000000
  endloop
endfacet
facet normal -201.402664 -38.070679 0.000000
  outer loop
    vertex -297.984985 40.832664 250.000000
    vertex -298.061127 41.235470 250.000000
    vertex -298.061127 41.235470 -250.000000
  endloop
endfacet
facet normal -201.402664 -38.070679 -0.000000
  outer loop
    vertex -297.984985 40.832664 250.000000
    vertex -298.061127 41.235470 -250.000000
    vertex -297.984985 40.832664 -250.000000
  endloop
endfacet
facet normal -201.402664 -38.253784 0.000000
  outer loop
    vertex -298.061127 41.235470 250.000000
    vertex -298.137634 41.638275 250.000000
    vertex -298.137634 41.638275 -250.000000
  endloop
endfacet
facet normal -201.402664 -38.253784 -0.000000
  outer loop
    vertex -298.061127 41.235470 250.000000
    vertex -298.137634 41.638275 -250.000000
    vertex -298.061127 41.235470 -250.000000
  endloop
endfacet
facet normal -201.402664 -38.436890 0.000000
  outer loop
    vertex -298.137634 41.638275 250.000000
    vertex -298.214508 42.041080 250.000000
    vertex -298.214508 42.041080 -250.000000
  endloop
endfacet
facet normal -201.402664 -38.436890 -0.000000
  outer loop
    vertex -298.137634 41.638275 250.000000
    vertex -298.214508 42.041080 -250.000000
    vertex -298.137634 41.638275 -250.000000
  endloop
endfacet
facet normal -201.404572 -38.604736 0.000000
  outer loop
    vertex -298.214508 42.041080 250.000000
    vertex -298.291718 42.443890 250.000000
    vertex -298.291718 42.443890 -250.000000
  endloop
endfacet
facet normal -201.404572 -38.604736 -0.000000
  outer loop
    vertex -298.214508 42.041080 250.000000
    vertex -298.291718 42.443890 -250.000000
    vertex -298.214508 42.041080 -250.000000
  endloop
endfacet
facet normal -201.402664 -38.803101 0.000000
  outer loop
    vertex -298.291718 42.443890 250.000000
    vertex -298.369324 42.846695 250.000000
    vertex -298.369324 42.846695 -250.000000
  endloop
endfacet
facet normal -201.402664 -38.803101 -0.000000
  outer loop
    vertex -298.291718 42.443890 250.000000
    vertex -298.369324 42.846695 -250.000000
    vertex -298.291718 42.443890 -250.000000
  endloop
endfacet
facet normal -201.402664 -38.986206 0.000000
  outer loop
    vertex -298.369324 42.846695 250.000000
    vertex -298.447296 43.249500 250.000000
    vertex -298.447296 43.249500 -250.000000
  endloop
endfacet
facet normal -201.402664 -38.986206 -0.000000
  outer loop
    vertex -298.369324 42.846695 250.000000
    vertex -298.447296 43.249500 -250.000000
    vertex -298.369324 42.846695 -250.000000
  endloop
endfacet
facet normal -201.402664 -39.169312 0.000000
  outer loop
    vertex -298.447296 43.249500 250.000000
    vertex -298.525635 43.652306 250.000000
    vertex -298.525635 43.652306 -250.000000
  endloop
endfacet
facet normal -201.402664 -39.169312 -0.000000
  outer loop
    vertex -298.447296 43.249500 250.000000
    vertex -298.525635 43.652306 -250.000000
    vertex -298.447296 43.249500 -250.000000
  endloop
endfacet
facet normal -201.402664 -39.352417 0.000000
  outer loop
    vertex -298.525635 43.652306 250.000000
    vertex -298.604340 44.055111 250.000000
    vertex -298.604340 44.055111 -250.000000
  endloop
endfacet
facet normal -201.402664 -39.352417 -0.000000
  outer loop
    vertex -298.525635 43.652306 250.000000
    vertex -298.604340 44.055111 -250.000000
    vertex -298.525635 43.652306 -250.000000
  endloop
endfacet
facet normal -201.402664 -39.535522 0.000000
  outer loop
    vertex -298.604340 44.055111 250.000000
    vertex -298.683411 44.457916 250.000000
    vertex -298.683411 44.457916 -250.000000
  endloop
endfacet
facet normal -201.402664 -39.535522 -0.000000
  outer loop
    vertex -298.604340 44.055111 250.000000
    vertex -298.683411 44.457916 -250.000000
    vertex -298.604340 44.055111 -250.000000
  endloop
endfacet
facet normal -201.402664 -39.733887 0.000000
  outer loop
    vertex -298.683411 44.457916 250.000000
    vertex -298.762878 44.860722 250.000000
    vertex -298.762878 44.860722 -250.000000
  endloop
endfacet
facet normal -201.402664 -39.733887 -0.000000
  outer loop
    vertex -298.683411 44.457916 250.000000
    vertex -298.762878 44.860722 -250.000000
    vertex -298.683411 44.457916 -250.000000
  endloop
endfacet
facet normal -201.402664 -39.932251 0.000000
  outer loop
    vertex -298.762878 44.860722 250.000000
    vertex -298.842743 45.263527 250.000000
    vertex -298.842743 45.263527 -250.000000
  endloop
endfacet
facet normal -201.402664 -39.932251 -0.000000
  outer loop
    vertex -298.762878 44.860722 250.000000
    vertex -298.842743 45.263527 -250.000000
    vertex -298.762878 44.860722 -250.000000
  endloop
endfacet
facet normal -201.402664 -40.115356 0.000000
  outer loop
    vertex -298.842743 45.263527 250.000000
    vertex -298.922974 45.666332 250.000000
    vertex -298.922974 45.666332 -250.000000
  endloop
endfacet
facet normal -201.402664 -40.115356 -0.000000
  outer loop
    vertex -298.842743 45.263527 250.000000
    vertex -298.922974 45.666332 -250.000000
    vertex -298.842743 45.263527 -250.000000
  endloop
endfacet
facet normal -201.402664 -40.313721 0.000000
  outer loop
    vertex -298.922974 45.666332 250.000000
    vertex -299.003601 46.069138 250.000000
    vertex -299.003601 46.069138 -250.000000
  endloop
endfacet
facet normal -201.402664 -40.313721 -0.000000
  outer loop
    vertex -298.922974 45.666332 250.000000
    vertex -299.003601 46.069138 -250.000000
    vertex -298.922974 45.666332 -250.000000
  endloop
endfacet
facet normal -201.402664 -40.496826 0.000000
  outer loop
    vertex -299.003601 46.069138 250.000000
    vertex -299.084595 46.471943 250.000000
    vertex -299.084595 46.471943 -250.000000
  endloop
endfacet
facet normal -201.402664 -40.496826 -0.000000
  outer loop
    vertex -299.003601 46.069138 250.000000
    vertex -299.084595 46.471943 -250.000000
    vertex -299.003601 46.069138 -250.000000
  endloop
endfacet
facet normal -201.402664 -40.710449 0.000000
  outer loop
    vertex -299.084595 46.471943 250.000000
    vertex -299.166016 46.874748 250.000000
    vertex -299.166016 46.874748 -250.000000
  endloop
endfacet
facet normal -201.402664 -40.710449 -0.000000
  outer loop
    vertex -299.084595 46.471943 250.000000
    vertex -299.166016 46.874748 -250.000000
    vertex -299.084595 46.471943 -250.000000
  endloop
endfacet
facet normal -201.402664 -40.893555 0.000000
  outer loop
    vertex -299.166016 46.874748 250.000000
    vertex -299.247803 47.277554 250.000000
    vertex -299.247803 47.277554 -250.000000
  endloop
endfacet
facet normal -201.402664 -40.893555 -0.000000
  outer loop
    vertex -299.166016 46.874748 250.000000
    vertex -299.247803 47.277554 -250.000000
    vertex -299.166016 46.874748 -250.000000
  endloop
endfacet
facet normal -201.402664 -41.107178 0.000000
  outer loop
    vertex -299.247803 47.277554 250.000000
    vertex -299.330017 47.680359 250.000000
    vertex -299.330017 47.680359 -250.000000
  endloop
endfacet
facet normal -201.402664 -41.107178 -0.000000
  outer loop
    vertex -299.247803 47.277554 250.000000
    vertex -299.330017 47.680359 -250.000000
    vertex -299.247803 47.277554 -250.000000
  endloop
endfacet
facet normal -201.404572 -41.290283 0.000000
  outer loop
    vertex -299.330017 47.680359 250.000000
    vertex -299.412598 48.083168 250.000000
    vertex -299.412598 48.083168 -250.000000
  endloop
endfacet
facet normal -201.404572 -41.290283 -0.000000
  outer loop
    vertex -299.330017 47.680359 250.000000
    vertex -299.412598 48.083168 -250.000000
    vertex -299.330017 47.680359 -250.000000
  endloop
endfacet
facet normal -201.402664 -41.519165 0.000000
  outer loop
    vertex -299.412598 48.083168 250.000000
    vertex -299.495636 48.485973 250.000000
    vertex -299.495636 48.485973 -250.000000
  endloop
endfacet
facet normal -201.402664 -41.519165 -0.000000
  outer loop
    vertex -299.412598 48.083168 250.000000
    vertex -299.495636 48.485973 -250.000000
    vertex -299.412598 48.083168 -250.000000
  endloop
endfacet
facet normal -201.402664 -41.702271 0.000000
  outer loop
    vertex -299.495636 48.485973 250.000000
    vertex -299.579041 48.888779 250.000000
    vertex -299.579041 48.888779 -250.000000
  endloop
endfacet
facet normal -201.402664 -41.702271 -0.000000
  outer loop
    vertex -299.495636 48.485973 250.000000
    vertex -299.579041 48.888779 -250.000000
    vertex -299.495636 48.485973 -250.000000
  endloop
endfacet
facet normal -201.402664 -41.915894 0.000000
  outer loop
    vertex -299.579041 48.888779 250.000000
    vertex -299.662872 49.291584 250.000000
    vertex -299.662872 49.291584 -250.000000
  endloop
endfacet
facet normal -201.402664 -41.915894 -0.000000
  outer loop
    vertex -299.579041 48.888779 250.000000
    vertex -299.662872 49.291584 -250.000000
    vertex -299.579041 48.888779 -250.000000
  endloop
endfacet
facet normal -191.955566 -47.271729 0.000000
  outer loop
    vertex -299.662872 49.291584 250.000000
    vertex -299.757416 49.675495 250.000000
    vertex -299.757416 49.675495 -250.000000
  endloop
endfacet
facet normal -191.955566 -47.271729 -0.000000
  outer loop
    vertex -299.662872 49.291584 250.000000
    vertex -299.757416 49.675495 -250.000000
    vertex -299.662872 49.291584 -250.000000
  endloop
endfacet
facet normal -121.688843 -85.708618 0.000000
  outer loop
    vertex -299.757416 49.675495 250.000000
    vertex -299.928833 49.918873 250.000000
    vertex -299.928833 49.918873 -250.000000
  endloop
endfacet
facet normal -121.688843 -85.708618 -0.000000
  outer loop
    vertex -299.757416 49.675495 250.000000
    vertex -299.928833 49.918873 -250.000000
    vertex -299.757416 49.675495 -250.000000
  endloop
endfacet
facet normal -40.563583 -130.081177 0.000000
  outer loop
    vertex -299.928833 49.918873 250.000000
    vertex -300.188995 50.000000 250.000000
    vertex -300.188995 50.000000 -250.000000
  endloop
endfacet
facet normal -40.563583 -130.081177 -0.000000
  outer loop
    vertex -299.928833 49.918873 250.000000
    vertex -300.188995 50.000000 -250.000000
    vertex -299.928833 49.918873 -250.000000
  endloop
endfacet
endsolid VAWT1.stl
