solid VAWT2.stl
facet normal -115.600586 351.547241 0.000000
  outer loop
    vertex 106.793228 -284.971313 250.000000
    vertex 107.496323 -284.740112 250.000000
    vertex 107.496323 -284.740112 -250.000000
  endloop
endfacet
facet normal -115.600586 351.547241 0.000000
  outer loop
    vertex 106.793228 -284.971313 250.000000
    vertex 107.496323 -284.740112 -250.000000
    vertex 106.793228 -284.971313 -250.000000
  endloop
endfacet
facet normal -89.904785 272.697449 0.000000
  outer loop
    vertex 107.496323 -284.740112 250.000000
    vertex 108.041718 -284.560303 250.000000
    vertex 108.041718 -284.560303 -250.000000
  endloop
endfacet
facet normal -89.904785 272.697449 0.000000
  outer loop
    vertex 107.496323 -284.740112 250.000000
    vertex 108.041718 -284.560303 -250.000000
    vertex 107.496323 -284.740112 -250.000000
  endloop
endfacet
facet normal -67.672729 204.395294 0.000000
  outer loop
    vertex 108.041718 -284.560303 250.000000
    vertex 108.450508 -284.424957 250.000000
    vertex 108.450508 -284.424957 -250.000000
  endloop
endfacet
facet normal -67.672729 204.395294 0.000000
  outer loop
    vertex 108.041718 -284.560303 250.000000
    vertex 108.450508 -284.424957 -250.000000
    vertex 108.041718 -284.560303 -250.000000
  endloop
endfacet
facet normal -64.849854 195.121765 0.000000
  outer loop
    vertex 108.450508 -284.424957 250.000000
    vertex 108.840752 -284.295258 250.000000
    vertex 108.840752 -284.295258 -250.000000
  endloop
endfacet
facet normal -64.849854 195.121765 0.000000
  outer loop
    vertex 108.450508 -284.424957 250.000000
    vertex 108.840752 -284.295258 -250.000000
    vertex 108.450508 -284.424957 -250.000000
  endloop
endfacet
facet normal -65.017700 195.022583 0.000000
  outer loop
    vertex 108.840752 -284.295258 250.000000
    vertex 109.230797 -284.165222 250.000000
    vertex 109.230797 -284.165222 -250.000000
  endloop
endfacet
facet normal -65.017700 195.022583 0.000000
  outer loop
    vertex 108.840752 -284.295258 250.000000
    vertex 109.230797 -284.165222 -250.000000
    vertex 108.840752 -284.295258 -250.000000
  endloop
endfacet
facet normal -65.185547 194.923401 0.000000
  outer loop
    vertex 109.230797 -284.165222 250.000000
    vertex 109.620644 -284.034851 250.000000
    vertex 109.620644 -284.034851 -250.000000
  endloop
endfacet
facet normal -65.185547 194.923401 0.000000
  outer loop
    vertex 109.230797 -284.165222 250.000000
    vertex 109.620644 -284.034851 -250.000000
    vertex 109.230797 -284.165222 -250.000000
  endloop
endfacet
facet normal -65.368652 194.820404 0.000000
  outer loop
    vertex 109.620644 -284.034851 250.000000
    vertex 110.010284 -283.904114 250.000000
    vertex 110.010284 -283.904114 -250.000000
  endloop
endfacet
facet normal -65.368652 194.820404 0.000000
  outer loop
    vertex 109.620644 -284.034851 250.000000
    vertex 110.010284 -283.904114 -250.000000
    vertex 109.620644 -284.034851 -250.000000
  endloop
endfacet
facet normal -65.521240 194.725037 0.000000
  outer loop
    vertex 110.010284 -283.904114 250.000000
    vertex 110.399734 -283.773071 250.000000
    vertex 110.399734 -283.773071 -250.000000
  endloop
endfacet
facet normal -65.521240 194.725037 0.000000
  outer loop
    vertex 110.010284 -283.904114 250.000000
    vertex 110.399734 -283.773071 -250.000000
    vertex 110.010284 -283.904114 -250.000000
  endloop
endfacet
facet normal -65.704346 194.625854 0.000000
  outer loop
    vertex 110.399734 -283.773071 250.000000
    vertex 110.788986 -283.641663 250.000000
    vertex 110.788986 -283.641663 -250.000000
  endloop
endfacet
facet normal -65.704346 194.625854 0.000000
  outer loop
    vertex 110.399734 -283.773071 250.000000
    vertex 110.788986 -283.641663 -250.000000
    vertex 110.399734 -283.773071 -250.000000
  endloop
endfacet
facet normal -65.887451 194.526672 0.000000
  outer loop
    vertex 110.788986 -283.641663 250.000000
    vertex 111.178040 -283.509888 250.000000
    vertex 111.178040 -283.509888 -250.000000
  endloop
endfacet
facet normal -65.887451 194.526672 0.000000
  outer loop
    vertex 110.788986 -283.641663 250.000000
    vertex 111.178040 -283.509888 -250.000000
    vertex 110.788986 -283.641663 -250.000000
  endloop
endfacet
facet normal -66.040039 194.431305 0.000000
  outer loop
    vertex 111.178040 -283.509888 250.000000
    vertex 111.566902 -283.377808 250.000000
    vertex 111.566902 -283.377808 -250.000000
  endloop
endfacet
facet normal -66.040039 194.431305 0.000000
  outer loop
    vertex 111.178040 -283.509888 250.000000
    vertex 111.566902 -283.377808 -250.000000
    vertex 111.178040 -283.509888 -250.000000
  endloop
endfacet
facet normal -66.192627 194.335938 0.000000
  outer loop
    vertex 111.566902 -283.377808 250.000000
    vertex 111.955574 -283.245422 250.000000
    vertex 111.955574 -283.245422 -250.000000
  endloop
endfacet
facet normal -66.192627 194.335938 0.000000
  outer loop
    vertex 111.566902 -283.377808 250.000000
    vertex 111.955574 -283.245422 -250.000000
    vertex 111.566902 -283.377808 -250.000000
  endloop
endfacet
facet normal -66.375732 194.240570 0.000000
  outer loop
    vertex 111.955574 -283.245422 250.000000
    vertex 112.344055 -283.112671 250.000000
    vertex 112.344055 -283.112671 -250.000000
  endloop
endfacet
facet normal -66.375732 194.240570 0.000000
  outer loop
    vertex 111.955574 -283.245422 250.000000
    vertex 112.344055 -283.112671 -250.000000
    vertex 111.955574 -283.245422 -250.000000
  endloop
endfacet
facet normal -66.543579 194.145203 0.000000
  outer loop
    vertex 112.344055 -283.112671 250.000000
    vertex 112.732346 -282.979584 250.000000
    vertex 112.732346 -282.979584 -250.000000
  endloop
endfacet
facet normal -66.543579 194.145203 0.000000
  outer loop
    vertex 112.344055 -283.112671 250.000000
    vertex 112.732346 -282.979584 -250.000000
    vertex 112.344055 -283.112671 -250.000000
  endloop
endfacet
facet normal -66.696167 194.053650 0.000000
  outer loop
    vertex 112.732346 -282.979584 250.000000
    vertex 113.120453 -282.846191 250.000000
    vertex 113.120453 -282.846191 -250.000000
  endloop
endfacet
facet normal -66.696167 194.053650 0.000000
  outer loop
    vertex 112.732346 -282.979584 250.000000
    vertex 113.120453 -282.846191 -250.000000
    vertex 112.732346 -282.979584 -250.000000
  endloop
endfacet
facet normal -66.848755 193.958282 0.000000
  outer loop
    vertex 113.120453 -282.846191 250.000000
    vertex 113.508369 -282.712494 250.000000
    vertex 113.508369 -282.712494 -250.000000
  endloop
endfacet
facet normal -66.848755 193.958282 0.000000
  outer loop
    vertex 113.120453 -282.846191 250.000000
    vertex 113.508369 -282.712494 -250.000000
    vertex 113.120453 -282.846191 -250.000000
  endloop
endfacet
facet normal -67.016602 193.866730 0.000000
  outer loop
    vertex 113.508369 -282.712494 250.000000
    vertex 113.896103 -282.578461 250.000000
    vertex 113.896103 -282.578461 -250.000000
  endloop
endfacet
facet normal -67.016602 193.866730 0.000000
  outer loop
    vertex 113.508369 -282.712494 250.000000
    vertex 113.896103 -282.578461 -250.000000
    vertex 113.508369 -282.712494 -250.000000
  endloop
endfacet
facet normal -67.184448 193.775177 0.000000
  outer loop
    vertex 113.896103 -282.578461 250.000000
    vertex 114.283653 -282.444092 250.000000
    vertex 114.283653 -282.444092 -250.000000
  endloop
endfacet
facet normal -67.184448 193.775177 0.000000
  outer loop
    vertex 113.896103 -282.578461 250.000000
    vertex 114.283653 -282.444092 -250.000000
    vertex 113.896103 -282.578461 -250.000000
  endloop
endfacet
facet normal -67.337036 193.683624 0.000000
  outer loop
    vertex 114.283653 -282.444092 250.000000
    vertex 114.671021 -282.309418 250.000000
    vertex 114.671021 -282.309418 -250.000000
  endloop
endfacet
facet normal -67.337036 193.683624 0.000000
  outer loop
    vertex 114.283653 -282.444092 250.000000
    vertex 114.671021 -282.309418 -250.000000
    vertex 114.283653 -282.444092 -250.000000
  endloop
endfacet
facet normal -67.489624 193.595886 0.000000
  outer loop
    vertex 114.671021 -282.309418 250.000000
    vertex 115.058212 -282.174438 250.000000
    vertex 115.058212 -282.174438 -250.000000
  endloop
endfacet
facet normal -67.489624 193.595886 0.000000
  outer loop
    vertex 114.671021 -282.309418 250.000000
    vertex 115.058212 -282.174438 -250.000000
    vertex 114.671021 -282.309418 -250.000000
  endloop
endfacet
facet normal -67.642212 193.500519 0.000000
  outer loop
    vertex 115.058212 -282.174438 250.000000
    vertex 115.445213 -282.039154 250.000000
    vertex 115.445213 -282.039154 -250.000000
  endloop
endfacet
facet normal -67.642212 193.500519 0.000000
  outer loop
    vertex 115.058212 -282.174438 250.000000
    vertex 115.445213 -282.039154 -250.000000
    vertex 115.058212 -282.174438 -250.000000
  endloop
endfacet
facet normal -67.810059 193.416595 0.000000
  outer loop
    vertex 115.445213 -282.039154 250.000000
    vertex 115.832047 -281.903534 250.000000
    vertex 115.832047 -281.903534 -250.000000
  endloop
endfacet
facet normal -67.810059 193.416595 0.000000
  outer loop
    vertex 115.445213 -282.039154 250.000000
    vertex 115.832047 -281.903534 -250.000000
    vertex 115.445213 -282.039154 -250.000000
  endloop
endfacet
facet normal -67.962646 193.321228 0.000000
  outer loop
    vertex 115.832047 -281.903534 250.000000
    vertex 116.218689 -281.767609 250.000000
    vertex 116.218689 -281.767609 -250.000000
  endloop
endfacet
facet normal -67.962646 193.321228 0.000000
  outer loop
    vertex 115.832047 -281.903534 250.000000
    vertex 116.218689 -281.767609 -250.000000
    vertex 115.832047 -281.903534 -250.000000
  endloop
endfacet
facet normal -68.099976 193.237305 0.000000
  outer loop
    vertex 116.218689 -281.767609 250.000000
    vertex 116.605164 -281.631409 250.000000
    vertex 116.605164 -281.631409 -250.000000
  endloop
endfacet
facet normal -68.099976 193.237305 0.000000
  outer loop
    vertex 116.218689 -281.767609 250.000000
    vertex 116.605164 -281.631409 -250.000000
    vertex 116.218689 -281.767609 -250.000000
  endloop
endfacet
facet normal -68.267822 193.149567 0.000000
  outer loop
    vertex 116.605164 -281.631409 250.000000
    vertex 116.991463 -281.494873 250.000000
    vertex 116.991463 -281.494873 -250.000000
  endloop
endfacet
facet normal -68.267822 193.149567 0.000000
  outer loop
    vertex 116.605164 -281.631409 250.000000
    vertex 116.991463 -281.494873 -250.000000
    vertex 116.605164 -281.631409 -250.000000
  endloop
endfacet
facet normal -68.420410 193.058014 0.000000
  outer loop
    vertex 116.991463 -281.494873 250.000000
    vertex 117.377579 -281.358032 250.000000
    vertex 117.377579 -281.358032 -250.000000
  endloop
endfacet
facet normal -68.420410 193.058014 0.000000
  outer loop
    vertex 116.991463 -281.494873 250.000000
    vertex 117.377579 -281.358032 -250.000000
    vertex 116.991463 -281.494873 -250.000000
  endloop
endfacet
facet normal -68.557739 192.974091 0.000000
  outer loop
    vertex 117.377579 -281.358032 250.000000
    vertex 117.763527 -281.220917 250.000000
    vertex 117.763527 -281.220917 -250.000000
  endloop
endfacet
facet normal -68.557739 192.974091 0.000000
  outer loop
    vertex 117.377579 -281.358032 250.000000
    vertex 117.763527 -281.220917 -250.000000
    vertex 117.377579 -281.358032 -250.000000
  endloop
endfacet
facet normal -68.725586 192.886353 0.000000
  outer loop
    vertex 117.763527 -281.220917 250.000000
    vertex 118.149300 -281.083466 250.000000
    vertex 118.149300 -281.083466 -250.000000
  endloop
endfacet
facet normal -68.725586 192.886353 0.000000
  outer loop
    vertex 117.763527 -281.220917 250.000000
    vertex 118.149300 -281.083466 -250.000000
    vertex 117.763527 -281.220917 -250.000000
  endloop
endfacet
facet normal -68.862915 192.802429 0.000000
  outer loop
    vertex 118.149300 -281.083466 250.000000
    vertex 118.534904 -280.945740 250.000000
    vertex 118.534904 -280.945740 -250.000000
  endloop
endfacet
facet normal -68.862915 192.802429 0.000000
  outer loop
    vertex 118.149300 -281.083466 250.000000
    vertex 118.534904 -280.945740 -250.000000
    vertex 118.149300 -281.083466 -250.000000
  endloop
endfacet
facet normal -69.000244 192.714691 0.000000
  outer loop
    vertex 118.534904 -280.945740 250.000000
    vertex 118.920334 -280.807739 250.000000
    vertex 118.920334 -280.807739 -250.000000
  endloop
endfacet
facet normal -69.000244 192.714691 0.000000
  outer loop
    vertex 118.534904 -280.945740 250.000000
    vertex 118.920334 -280.807739 -250.000000
    vertex 118.534904 -280.945740 -250.000000
  endloop
endfacet
facet normal -69.168091 192.630768 0.000000
  outer loop
    vertex 118.920334 -280.807739 250.000000
    vertex 119.305595 -280.669403 250.000000
    vertex 119.305595 -280.669403 -250.000000
  endloop
endfacet
facet normal -69.168091 192.630768 0.000000
  outer loop
    vertex 118.920334 -280.807739 250.000000
    vertex 119.305595 -280.669403 -250.000000
    vertex 118.920334 -280.807739 -250.000000
  endloop
endfacet
facet normal -69.305420 192.543030 0.000000
  outer loop
    vertex 119.305595 -280.669403 250.000000
    vertex 119.690681 -280.530792 250.000000
    vertex 119.690681 -280.530792 -250.000000
  endloop
endfacet
facet normal -69.305420 192.543030 0.000000
  outer loop
    vertex 119.305595 -280.669403 250.000000
    vertex 119.690681 -280.530792 -250.000000
    vertex 119.305595 -280.669403 -250.000000
  endloop
endfacet
facet normal -69.458008 192.462921 0.000000
  outer loop
    vertex 119.690681 -280.530792 250.000000
    vertex 120.075607 -280.391876 250.000000
    vertex 120.075607 -280.391876 -250.000000
  endloop
endfacet
facet normal -69.458008 192.462921 0.000000
  outer loop
    vertex 119.690681 -280.530792 250.000000
    vertex 120.075607 -280.391876 -250.000000
    vertex 119.690681 -280.530792 -250.000000
  endloop
endfacet
facet normal -69.595337 192.375183 0.000000
  outer loop
    vertex 120.075607 -280.391876 250.000000
    vertex 120.460358 -280.252686 250.000000
    vertex 120.460358 -280.252686 -250.000000
  endloop
endfacet
facet normal -69.595337 192.375183 0.000000
  outer loop
    vertex 120.075607 -280.391876 250.000000
    vertex 120.460358 -280.252686 -250.000000
    vertex 120.075607 -280.391876 -250.000000
  endloop
endfacet
facet normal -69.747925 192.291260 0.000000
  outer loop
    vertex 120.460358 -280.252686 250.000000
    vertex 120.844940 -280.113190 250.000000
    vertex 120.844940 -280.113190 -250.000000
  endloop
endfacet
facet normal -69.747925 192.291260 0.000000
  outer loop
    vertex 120.460358 -280.252686 250.000000
    vertex 120.844940 -280.113190 -250.000000
    vertex 120.460358 -280.252686 -250.000000
  endloop
endfacet
facet normal -69.885254 192.211151 0.000000
  outer loop
    vertex 120.844940 -280.113190 250.000000
    vertex 121.229362 -279.973419 250.000000
    vertex 121.229362 -279.973419 -250.000000
  endloop
endfacet
facet normal -69.885254 192.211151 0.000000
  outer loop
    vertex 120.844940 -280.113190 250.000000
    vertex 121.229362 -279.973419 -250.000000
    vertex 120.844940 -280.113190 -250.000000
  endloop
endfacet
facet normal -70.037842 192.123413 0.000000
  outer loop
    vertex 121.229362 -279.973419 250.000000
    vertex 121.613609 -279.833344 250.000000
    vertex 121.613609 -279.833344 -250.000000
  endloop
endfacet
facet normal -70.037842 192.123413 0.000000
  outer loop
    vertex 121.229362 -279.973419 250.000000
    vertex 121.613609 -279.833344 -250.000000
    vertex 121.229362 -279.973419 -250.000000
  endloop
endfacet
facet normal -70.175171 192.043304 0.000000
  outer loop
    vertex 121.613609 -279.833344 250.000000
    vertex 121.997696 -279.692993 250.000000
    vertex 121.997696 -279.692993 -250.000000
  endloop
endfacet
facet normal -70.175171 192.043304 0.000000
  outer loop
    vertex 121.613609 -279.833344 250.000000
    vertex 121.997696 -279.692993 -250.000000
    vertex 121.613609 -279.833344 -250.000000
  endloop
endfacet
facet normal -70.327759 191.959381 0.000000
  outer loop
    vertex 121.997696 -279.692993 250.000000
    vertex 122.381615 -279.552338 250.000000
    vertex 122.381615 -279.552338 -250.000000
  endloop
endfacet
facet normal -70.327759 191.959381 0.000000
  outer loop
    vertex 121.997696 -279.692993 250.000000
    vertex 122.381615 -279.552338 -250.000000
    vertex 121.997696 -279.692993 -250.000000
  endloop
endfacet
facet normal -70.465088 191.879272 0.000000
  outer loop
    vertex 122.381615 -279.552338 250.000000
    vertex 122.765373 -279.411407 250.000000
    vertex 122.765373 -279.411407 -250.000000
  endloop
endfacet
facet normal -70.465088 191.879272 0.000000
  outer loop
    vertex 122.381615 -279.552338 250.000000
    vertex 122.765373 -279.411407 -250.000000
    vertex 122.381615 -279.552338 -250.000000
  endloop
endfacet
facet normal -70.602417 191.795349 0.000000
  outer loop
    vertex 122.765373 -279.411407 250.000000
    vertex 123.148964 -279.270203 250.000000
    vertex 123.148964 -279.270203 -250.000000
  endloop
endfacet
facet normal -70.602417 191.795349 0.000000
  outer loop
    vertex 122.765373 -279.411407 250.000000
    vertex 123.148964 -279.270203 -250.000000
    vertex 122.765373 -279.411407 -250.000000
  endloop
endfacet
facet normal -70.755005 191.711426 0.000000
  outer loop
    vertex 123.148964 -279.270203 250.000000
    vertex 123.532387 -279.128693 250.000000
    vertex 123.532387 -279.128693 -250.000000
  endloop
endfacet
facet normal -70.755005 191.711426 0.000000
  outer loop
    vertex 123.148964 -279.270203 250.000000
    vertex 123.532387 -279.128693 -250.000000
    vertex 123.148964 -279.270203 -250.000000
  endloop
endfacet
facet normal -70.892334 191.631317 0.000000
  outer loop
    vertex 123.532387 -279.128693 250.000000
    vertex 123.915649 -278.986908 250.000000
    vertex 123.915649 -278.986908 -250.000000
  endloop
endfacet
facet normal -70.892334 191.631317 0.000000
  outer loop
    vertex 123.532387 -279.128693 250.000000
    vertex 123.915649 -278.986908 -250.000000
    vertex 123.532387 -279.128693 -250.000000
  endloop
endfacet
facet normal -71.029663 191.551208 0.000000
  outer loop
    vertex 123.915649 -278.986908 250.000000
    vertex 124.298752 -278.844849 250.000000
    vertex 124.298752 -278.844849 -250.000000
  endloop
endfacet
facet normal -71.029663 191.551208 0.000000
  outer loop
    vertex 123.915649 -278.986908 250.000000
    vertex 124.298752 -278.844849 -250.000000
    vertex 123.915649 -278.986908 -250.000000
  endloop
endfacet
facet normal -71.166992 191.467285 0.000000
  outer loop
    vertex 124.298752 -278.844849 250.000000
    vertex 124.681686 -278.702515 250.000000
    vertex 124.681686 -278.702515 -250.000000
  endloop
endfacet
facet normal -71.166992 191.467285 0.000000
  outer loop
    vertex 124.298752 -278.844849 250.000000
    vertex 124.681686 -278.702515 -250.000000
    vertex 124.298752 -278.844849 -250.000000
  endloop
endfacet
facet normal -71.319580 191.387177 0.000000
  outer loop
    vertex 124.681686 -278.702515 250.000000
    vertex 125.064461 -278.559875 250.000000
    vertex 125.064461 -278.559875 -250.000000
  endloop
endfacet
facet normal -71.319580 191.387177 0.000000
  outer loop
    vertex 124.681686 -278.702515 250.000000
    vertex 125.064461 -278.559875 -250.000000
    vertex 124.681686 -278.702515 -250.000000
  endloop
endfacet
facet normal -71.441650 191.307068 0.000000
  outer loop
    vertex 125.064461 -278.559875 250.000000
    vertex 125.447075 -278.416992 250.000000
    vertex 125.447075 -278.416992 -250.000000
  endloop
endfacet
facet normal -71.441650 191.307068 0.000000
  outer loop
    vertex 125.064461 -278.559875 250.000000
    vertex 125.447075 -278.416992 -250.000000
    vertex 125.064461 -278.559875 -250.000000
  endloop
endfacet
facet normal -71.609497 191.223145 0.000000
  outer loop
    vertex 125.447075 -278.416992 250.000000
    vertex 125.829521 -278.273773 250.000000
    vertex 125.829521 -278.273773 -250.000000
  endloop
endfacet
facet normal -71.609497 191.223145 0.000000
  outer loop
    vertex 125.447075 -278.416992 250.000000
    vertex 125.829521 -278.273773 -250.000000
    vertex 125.447075 -278.416992 -250.000000
  endloop
endfacet
facet normal -71.731567 191.143036 0.000000
  outer loop
    vertex 125.829521 -278.273773 250.000000
    vertex 126.211807 -278.130310 250.000000
    vertex 126.211807 -278.130310 -250.000000
  endloop
endfacet
facet normal -71.731567 191.143036 0.000000
  outer loop
    vertex 125.829521 -278.273773 250.000000
    vertex 126.211807 -278.130310 -250.000000
    vertex 125.829521 -278.273773 -250.000000
  endloop
endfacet
facet normal -71.868896 191.062927 0.000000
  outer loop
    vertex 126.211807 -278.130310 250.000000
    vertex 126.593933 -277.986572 250.000000
    vertex 126.593933 -277.986572 -250.000000
  endloop
endfacet
facet normal -71.868896 191.062927 0.000000
  outer loop
    vertex 126.211807 -278.130310 250.000000
    vertex 126.593933 -277.986572 -250.000000
    vertex 126.211807 -278.130310 -250.000000
  endloop
endfacet
facet normal -72.021484 190.982819 0.000000
  outer loop
    vertex 126.593933 -277.986572 250.000000
    vertex 126.975899 -277.842529 250.000000
    vertex 126.975899 -277.842529 -250.000000
  endloop
endfacet
facet normal -72.021484 190.982819 0.000000
  outer loop
    vertex 126.593933 -277.986572 250.000000
    vertex 126.975899 -277.842529 -250.000000
    vertex 126.593933 -277.986572 -250.000000
  endloop
endfacet
facet normal -72.158813 190.902710 0.000000
  outer loop
    vertex 126.975899 -277.842529 250.000000
    vertex 127.357704 -277.698212 250.000000
    vertex 127.357704 -277.698212 -250.000000
  endloop
endfacet
facet normal -72.158813 190.902710 0.000000
  outer loop
    vertex 126.975899 -277.842529 250.000000
    vertex 127.357704 -277.698212 -250.000000
    vertex 126.975899 -277.842529 -250.000000
  endloop
endfacet
facet normal -72.296143 190.818787 0.000000
  outer loop
    vertex 127.357704 -277.698212 250.000000
    vertex 127.739342 -277.553619 250.000000
    vertex 127.739342 -277.553619 -250.000000
  endloop
endfacet
facet normal -72.296143 190.818787 0.000000
  outer loop
    vertex 127.357704 -277.698212 250.000000
    vertex 127.739342 -277.553619 -250.000000
    vertex 127.357704 -277.698212 -250.000000
  endloop
endfacet
facet normal -72.433472 190.738678 0.000000
  outer loop
    vertex 127.739342 -277.553619 250.000000
    vertex 128.120819 -277.408752 250.000000
    vertex 128.120819 -277.408752 -250.000000
  endloop
endfacet
facet normal -72.433472 190.738678 0.000000
  outer loop
    vertex 127.739342 -277.553619 250.000000
    vertex 128.120819 -277.408752 -250.000000
    vertex 127.739342 -277.553619 -250.000000
  endloop
endfacet
facet normal -72.570801 190.658569 0.000000
  outer loop
    vertex 128.120819 -277.408752 250.000000
    vertex 128.502136 -277.263611 250.000000
    vertex 128.502136 -277.263611 -250.000000
  endloop
endfacet
facet normal -72.570801 190.658569 0.000000
  outer loop
    vertex 128.120819 -277.408752 250.000000
    vertex 128.502136 -277.263611 -250.000000
    vertex 128.120819 -277.408752 -250.000000
  endloop
endfacet
facet normal -72.708130 190.574646 0.000000
  outer loop
    vertex 128.502136 -277.263611 250.000000
    vertex 128.883286 -277.118195 250.000000
    vertex 128.883286 -277.118195 -250.000000
  endloop
endfacet
facet normal -72.708130 190.574646 0.000000
  outer loop
    vertex 128.502136 -277.263611 250.000000
    vertex 128.883286 -277.118195 -250.000000
    vertex 128.502136 -277.263611 -250.000000
  endloop
endfacet
facet normal -72.860718 190.498352 0.000000
  outer loop
    vertex 128.883286 -277.118195 250.000000
    vertex 129.264282 -276.972473 250.000000
    vertex 129.264282 -276.972473 -250.000000
  endloop
endfacet
facet normal -72.860718 190.498352 0.000000
  outer loop
    vertex 128.883286 -277.118195 250.000000
    vertex 129.264282 -276.972473 -250.000000
    vertex 128.883286 -277.118195 -250.000000
  endloop
endfacet
facet normal -72.998047 190.414429 0.000000
  outer loop
    vertex 129.264282 -276.972473 250.000000
    vertex 129.645111 -276.826477 250.000000
    vertex 129.645111 -276.826477 -250.000000
  endloop
endfacet
facet normal -72.998047 190.414429 0.000000
  outer loop
    vertex 129.264282 -276.972473 250.000000
    vertex 129.645111 -276.826477 -250.000000
    vertex 129.264282 -276.972473 -250.000000
  endloop
endfacet
facet normal -73.135376 190.338135 0.000000
  outer loop
    vertex 129.645111 -276.826477 250.000000
    vertex 130.025787 -276.680206 250.000000
    vertex 130.025787 -276.680206 -250.000000
  endloop
endfacet
facet normal -73.135376 190.338135 0.000000
  outer loop
    vertex 129.645111 -276.826477 250.000000
    vertex 130.025787 -276.680206 -250.000000
    vertex 129.645111 -276.826477 -250.000000
  endloop
endfacet
facet normal -73.287964 190.254211 0.000000
  outer loop
    vertex 130.025787 -276.680206 250.000000
    vertex 130.406296 -276.533630 250.000000
    vertex 130.406296 -276.533630 -250.000000
  endloop
endfacet
facet normal -73.287964 190.254211 0.000000
  outer loop
    vertex 130.025787 -276.680206 250.000000
    vertex 130.406296 -276.533630 -250.000000
    vertex 130.025787 -276.680206 -250.000000
  endloop
endfacet
facet normal -73.410034 190.170288 0.000000
  outer loop
    vertex 130.406296 -276.533630 250.000000
    vertex 130.786636 -276.386810 250.000000
    vertex 130.786636 -276.386810 -250.000000
  endloop
endfacet
facet normal -73.410034 190.170288 0.000000
  outer loop
    vertex 130.406296 -276.533630 250.000000
    vertex 130.786636 -276.386810 -250.000000
    vertex 130.406296 -276.533630 -250.000000
  endloop
endfacet
facet normal -73.562622 190.086365 0.000000
  outer loop
    vertex 130.786636 -276.386810 250.000000
    vertex 131.166809 -276.239685 250.000000
    vertex 131.166809 -276.239685 -250.000000
  endloop
endfacet
facet normal -73.562622 190.086365 0.000000
  outer loop
    vertex 130.786636 -276.386810 250.000000
    vertex 131.166809 -276.239685 -250.000000
    vertex 130.786636 -276.386810 -250.000000
  endloop
endfacet
facet normal -73.699951 190.010071 0.000000
  outer loop
    vertex 131.166809 -276.239685 250.000000
    vertex 131.546829 -276.092285 250.000000
    vertex 131.546829 -276.092285 -250.000000
  endloop
endfacet
facet normal -73.699951 190.010071 0.000000
  outer loop
    vertex 131.166809 -276.239685 250.000000
    vertex 131.546829 -276.092285 -250.000000
    vertex 131.166809 -276.239685 -250.000000
  endloop
endfacet
facet normal -73.837280 189.926147 0.000000
  outer loop
    vertex 131.546829 -276.092285 250.000000
    vertex 131.926682 -275.944611 250.000000
    vertex 131.926682 -275.944611 -250.000000
  endloop
endfacet
facet normal -73.837280 189.926147 0.000000
  outer loop
    vertex 131.546829 -276.092285 250.000000
    vertex 131.926682 -275.944611 -250.000000
    vertex 131.546829 -276.092285 -250.000000
  endloop
endfacet
facet normal -73.989868 189.842224 0.000000
  outer loop
    vertex 131.926682 -275.944611 250.000000
    vertex 132.306366 -275.796631 250.000000
    vertex 132.306366 -275.796631 -250.000000
  endloop
endfacet
facet normal -73.989868 189.842224 0.000000
  outer loop
    vertex 131.926682 -275.944611 250.000000
    vertex 132.306366 -275.796631 -250.000000
    vertex 131.926682 -275.944611 -250.000000
  endloop
endfacet
facet normal -74.127197 189.765930 0.000000
  outer loop
    vertex 132.306366 -275.796631 250.000000
    vertex 132.685898 -275.648376 250.000000
    vertex 132.685898 -275.648376 -250.000000
  endloop
endfacet
facet normal -74.127197 189.765930 0.000000
  outer loop
    vertex 132.306366 -275.796631 250.000000
    vertex 132.685898 -275.648376 -250.000000
    vertex 132.306366 -275.796631 -250.000000
  endloop
endfacet
facet normal -74.279785 189.674377 0.000000
  outer loop
    vertex 132.685898 -275.648376 250.000000
    vertex 133.065247 -275.499817 250.000000
    vertex 133.065247 -275.499817 -250.000000
  endloop
endfacet
facet normal -74.279785 189.674377 0.000000
  outer loop
    vertex 132.685898 -275.648376 250.000000
    vertex 133.065247 -275.499817 -250.000000
    vertex 132.685898 -275.648376 -250.000000
  endloop
endfacet
facet normal -74.417114 189.598083 0.000000
  outer loop
    vertex 133.065247 -275.499817 250.000000
    vertex 133.444443 -275.350983 250.000000
    vertex 133.444443 -275.350983 -250.000000
  endloop
endfacet
facet normal -74.417114 189.598083 0.000000
  outer loop
    vertex 133.065247 -275.499817 250.000000
    vertex 133.444443 -275.350983 -250.000000
    vertex 133.065247 -275.499817 -250.000000
  endloop
endfacet
facet normal -74.554443 189.514160 0.000000
  outer loop
    vertex 133.444443 -275.350983 250.000000
    vertex 133.823471 -275.201874 250.000000
    vertex 133.823471 -275.201874 -250.000000
  endloop
endfacet
facet normal -74.554443 189.514160 0.000000
  outer loop
    vertex 133.444443 -275.350983 250.000000
    vertex 133.823471 -275.201874 -250.000000
    vertex 133.444443 -275.350983 -250.000000
  endloop
endfacet
facet normal -74.707031 189.430237 0.000000
  outer loop
    vertex 133.823471 -275.201874 250.000000
    vertex 134.202332 -275.052460 250.000000
    vertex 134.202332 -275.052460 -250.000000
  endloop
endfacet
facet normal -74.707031 189.430237 0.000000
  outer loop
    vertex 133.823471 -275.201874 250.000000
    vertex 134.202332 -275.052460 -250.000000
    vertex 133.823471 -275.201874 -250.000000
  endloop
endfacet
facet normal -74.844360 189.346313 0.000000
  outer loop
    vertex 134.202332 -275.052460 250.000000
    vertex 134.581024 -274.902771 250.000000
    vertex 134.581024 -274.902771 -250.000000
  endloop
endfacet
facet normal -74.844360 189.346313 0.000000
  outer loop
    vertex 134.202332 -275.052460 250.000000
    vertex 134.581024 -274.902771 -250.000000
    vertex 134.202332 -275.052460 -250.000000
  endloop
endfacet
facet normal -74.996948 189.262390 0.000000
  outer loop
    vertex 134.581024 -274.902771 250.000000
    vertex 134.959549 -274.752777 250.000000
    vertex 134.959549 -274.752777 -250.000000
  endloop
endfacet
facet normal -74.996948 189.262390 0.000000
  outer loop
    vertex 134.581024 -274.902771 250.000000
    vertex 134.959549 -274.752777 -250.000000
    vertex 134.581024 -274.902771 -250.000000
  endloop
endfacet
facet normal -75.134277 189.178467 0.000000
  outer loop
    vertex 134.959549 -274.752777 250.000000
    vertex 135.337906 -274.602509 250.000000
    vertex 135.337906 -274.602509 -250.000000
  endloop
endfacet
facet normal -75.134277 189.178467 0.000000
  outer loop
    vertex 134.959549 -274.752777 250.000000
    vertex 135.337906 -274.602509 -250.000000
    vertex 134.959549 -274.752777 -250.000000
  endloop
endfacet
facet normal -75.286865 189.094543 0.000000
  outer loop
    vertex 135.337906 -274.602509 250.000000
    vertex 135.716095 -274.451935 250.000000
    vertex 135.716095 -274.451935 -250.000000
  endloop
endfacet
facet normal -75.286865 189.094543 0.000000
  outer loop
    vertex 135.337906 -274.602509 250.000000
    vertex 135.716095 -274.451935 -250.000000
    vertex 135.337906 -274.602509 -250.000000
  endloop
endfacet
facet normal -75.439453 189.002991 0.000000
  outer loop
    vertex 135.716095 -274.451935 250.000000
    vertex 136.094101 -274.301056 250.000000
    vertex 136.094101 -274.301056 -250.000000
  endloop
endfacet
facet normal -75.439453 189.002991 0.000000
  outer loop
    vertex 135.716095 -274.451935 250.000000
    vertex 136.094101 -274.301056 -250.000000
    vertex 135.716095 -274.451935 -250.000000
  endloop
endfacet
facet normal -75.576782 188.926697 0.000000
  outer loop
    vertex 136.094101 -274.301056 250.000000
    vertex 136.471954 -274.149902 250.000000
    vertex 136.471954 -274.149902 -250.000000
  endloop
endfacet
facet normal -75.576782 188.926697 0.000000
  outer loop
    vertex 136.094101 -274.301056 250.000000
    vertex 136.471954 -274.149902 -250.000000
    vertex 136.094101 -274.301056 -250.000000
  endloop
endfacet
facet normal -75.744629 188.835144 0.000000
  outer loop
    vertex 136.471954 -274.149902 250.000000
    vertex 136.849625 -273.998413 250.000000
    vertex 136.849625 -273.998413 -250.000000
  endloop
endfacet
facet normal -75.744629 188.835144 0.000000
  outer loop
    vertex 136.471954 -274.149902 250.000000
    vertex 136.849625 -273.998413 -250.000000
    vertex 136.471954 -274.149902 -250.000000
  endloop
endfacet
facet normal -75.881958 188.743591 0.000000
  outer loop
    vertex 136.849625 -273.998413 250.000000
    vertex 137.227112 -273.846649 250.000000
    vertex 137.227112 -273.846649 -250.000000
  endloop
endfacet
facet normal -75.881958 188.743591 0.000000
  outer loop
    vertex 136.849625 -273.998413 250.000000
    vertex 137.227112 -273.846649 -250.000000
    vertex 136.849625 -273.998413 -250.000000
  endloop
endfacet
facet normal -76.034546 188.667297 0.000000
  outer loop
    vertex 137.227112 -273.846649 250.000000
    vertex 137.604446 -273.694580 250.000000
    vertex 137.604446 -273.694580 -250.000000
  endloop
endfacet
facet normal -76.034546 188.667297 0.000000
  outer loop
    vertex 137.227112 -273.846649 250.000000
    vertex 137.604446 -273.694580 -250.000000
    vertex 137.227112 -273.846649 -250.000000
  endloop
endfacet
facet normal -76.171875 188.568115 0.000000
  outer loop
    vertex 137.604446 -273.694580 250.000000
    vertex 137.981583 -273.542236 250.000000
    vertex 137.981583 -273.542236 -250.000000
  endloop
endfacet
facet normal -76.171875 188.568115 0.000000
  outer loop
    vertex 137.604446 -273.694580 250.000000
    vertex 137.981583 -273.542236 -250.000000
    vertex 137.604446 -273.694580 -250.000000
  endloop
endfacet
facet normal -76.339722 188.491821 0.000000
  outer loop
    vertex 137.981583 -273.542236 250.000000
    vertex 138.358566 -273.389557 250.000000
    vertex 138.358566 -273.389557 -250.000000
  endloop
endfacet
facet normal -76.339722 188.491821 0.000000
  outer loop
    vertex 137.981583 -273.542236 250.000000
    vertex 138.358566 -273.389557 -250.000000
    vertex 137.981583 -273.542236 -250.000000
  endloop
endfacet
facet normal -76.492310 188.392639 0.000000
  outer loop
    vertex 138.358566 -273.389557 250.000000
    vertex 138.735352 -273.236572 250.000000
    vertex 138.735352 -273.236572 -250.000000
  endloop
endfacet
facet normal -76.492310 188.392639 0.000000
  outer loop
    vertex 138.358566 -273.389557 250.000000
    vertex 138.735352 -273.236572 -250.000000
    vertex 138.358566 -273.389557 -250.000000
  endloop
endfacet
facet normal -76.644897 188.308716 0.000000
  outer loop
    vertex 138.735352 -273.236572 250.000000
    vertex 139.111969 -273.083282 250.000000
    vertex 139.111969 -273.083282 -250.000000
  endloop
endfacet
facet normal -76.644897 188.308716 0.000000
  outer loop
    vertex 138.735352 -273.236572 250.000000
    vertex 139.111969 -273.083282 -250.000000
    vertex 138.735352 -273.236572 -250.000000
  endloop
endfacet
facet normal -76.812744 188.217163 0.000000
  outer loop
    vertex 139.111969 -273.083282 250.000000
    vertex 139.488403 -272.929657 250.000000
    vertex 139.488403 -272.929657 -250.000000
  endloop
endfacet
facet normal -76.812744 188.217163 0.000000
  outer loop
    vertex 139.111969 -273.083282 250.000000
    vertex 139.488403 -272.929657 -250.000000
    vertex 139.111969 -273.083282 -250.000000
  endloop
endfacet
facet normal -76.950073 188.133240 0.000000
  outer loop
    vertex 139.488403 -272.929657 250.000000
    vertex 139.864670 -272.775757 250.000000
    vertex 139.864670 -272.775757 -250.000000
  endloop
endfacet
facet normal -76.950073 188.133240 0.000000
  outer loop
    vertex 139.488403 -272.929657 250.000000
    vertex 139.864670 -272.775757 -250.000000
    vertex 139.488403 -272.929657 -250.000000
  endloop
endfacet
facet normal -77.117920 188.034058 0.000000
  outer loop
    vertex 139.864670 -272.775757 250.000000
    vertex 140.240738 -272.621521 250.000000
    vertex 140.240738 -272.621521 -250.000000
  endloop
endfacet
facet normal -77.117920 188.034058 0.000000
  outer loop
    vertex 139.864670 -272.775757 250.000000
    vertex 140.240738 -272.621521 -250.000000
    vertex 139.864670 -272.775757 -250.000000
  endloop
endfacet
facet normal -77.285767 187.942505 0.000000
  outer loop
    vertex 140.240738 -272.621521 250.000000
    vertex 140.616623 -272.466949 250.000000
    vertex 140.616623 -272.466949 -250.000000
  endloop
endfacet
facet normal -77.285767 187.942505 0.000000
  outer loop
    vertex 140.240738 -272.621521 250.000000
    vertex 140.616623 -272.466949 -250.000000
    vertex 140.240738 -272.621521 -250.000000
  endloop
endfacet
facet normal -77.423096 187.850952 0.000000
  outer loop
    vertex 140.616623 -272.466949 250.000000
    vertex 140.992325 -272.312103 250.000000
    vertex 140.992325 -272.312103 -250.000000
  endloop
endfacet
facet normal -77.423096 187.850952 0.000000
  outer loop
    vertex 140.616623 -272.466949 250.000000
    vertex 140.992325 -272.312103 -250.000000
    vertex 140.616623 -272.466949 -250.000000
  endloop
endfacet
facet normal -77.606201 187.759399 0.000000
  outer loop
    vertex 140.992325 -272.312103 250.000000
    vertex 141.367844 -272.156891 250.000000
    vertex 141.367844 -272.156891 -250.000000
  endloop
endfacet
facet normal -77.606201 187.759399 0.000000
  outer loop
    vertex 140.992325 -272.312103 250.000000
    vertex 141.367844 -272.156891 -250.000000
    vertex 140.992325 -272.312103 -250.000000
  endloop
endfacet
facet normal -77.758789 187.667847 0.000000
  outer loop
    vertex 141.367844 -272.156891 250.000000
    vertex 141.743179 -272.001373 250.000000
    vertex 141.743179 -272.001373 -250.000000
  endloop
endfacet
facet normal -77.758789 187.667847 0.000000
  outer loop
    vertex 141.367844 -272.156891 250.000000
    vertex 141.743179 -272.001373 -250.000000
    vertex 141.367844 -272.156891 -250.000000
  endloop
endfacet
facet normal -77.926636 187.568665 0.000000
  outer loop
    vertex 141.743179 -272.001373 250.000000
    vertex 142.118317 -271.845520 250.000000
    vertex 142.118317 -271.845520 -250.000000
  endloop
endfacet
facet normal -77.926636 187.568665 0.000000
  outer loop
    vertex 141.743179 -272.001373 250.000000
    vertex 142.118317 -271.845520 -250.000000
    vertex 141.743179 -272.001373 -250.000000
  endloop
endfacet
facet normal -78.079224 187.477112 0.000000
  outer loop
    vertex 142.118317 -271.845520 250.000000
    vertex 142.493271 -271.689362 250.000000
    vertex 142.493271 -271.689362 -250.000000
  endloop
endfacet
facet normal -78.079224 187.477112 0.000000
  outer loop
    vertex 142.118317 -271.845520 250.000000
    vertex 142.493271 -271.689362 -250.000000
    vertex 142.118317 -271.845520 -250.000000
  endloop
endfacet
facet normal -78.262329 187.377930 0.000000
  outer loop
    vertex 142.493271 -271.689362 250.000000
    vertex 142.868027 -271.532837 250.000000
    vertex 142.868027 -271.532837 -250.000000
  endloop
endfacet
facet normal -78.262329 187.377930 0.000000
  outer loop
    vertex 142.493271 -271.689362 250.000000
    vertex 142.868027 -271.532837 -250.000000
    vertex 142.493271 -271.689362 -250.000000
  endloop
endfacet
facet normal -78.414917 187.286377 0.000000
  outer loop
    vertex 142.868027 -271.532837 250.000000
    vertex 143.242599 -271.376007 250.000000
    vertex 143.242599 -271.376007 -250.000000
  endloop
endfacet
facet normal -78.414917 187.286377 0.000000
  outer loop
    vertex 142.868027 -271.532837 250.000000
    vertex 143.242599 -271.376007 -250.000000
    vertex 142.868027 -271.532837 -250.000000
  endloop
endfacet
facet normal -78.598022 187.179565 0.000000
  outer loop
    vertex 143.242599 -271.376007 250.000000
    vertex 143.616959 -271.218811 250.000000
    vertex 143.616959 -271.218811 -250.000000
  endloop
endfacet
facet normal -78.598022 187.179565 0.000000
  outer loop
    vertex 143.242599 -271.376007 250.000000
    vertex 143.616959 -271.218811 -250.000000
    vertex 143.242599 -271.376007 -250.000000
  endloop
endfacet
facet normal -78.765869 187.088013 0.000000
  outer loop
    vertex 143.616959 -271.218811 250.000000
    vertex 143.991135 -271.061279 250.000000
    vertex 143.991135 -271.061279 -250.000000
  endloop
endfacet
facet normal -78.765869 187.088013 0.000000
  outer loop
    vertex 143.616959 -271.218811 250.000000
    vertex 143.991135 -271.061279 -250.000000
    vertex 143.616959 -271.218811 -250.000000
  endloop
endfacet
facet normal -78.933716 186.988831 0.000000
  outer loop
    vertex 143.991135 -271.061279 250.000000
    vertex 144.365112 -270.903412 250.000000
    vertex 144.365112 -270.903412 -250.000000
  endloop
endfacet
facet normal -78.933716 186.988831 0.000000
  outer loop
    vertex 143.991135 -271.061279 250.000000
    vertex 144.365112 -270.903412 -250.000000
    vertex 143.991135 -271.061279 -250.000000
  endloop
endfacet
facet normal -79.116821 186.882019 0.000000
  outer loop
    vertex 144.365112 -270.903412 250.000000
    vertex 144.738876 -270.745178 250.000000
    vertex 144.738876 -270.745178 -250.000000
  endloop
endfacet
facet normal -79.116821 186.882019 0.000000
  outer loop
    vertex 144.365112 -270.903412 250.000000
    vertex 144.738876 -270.745178 -250.000000
    vertex 144.365112 -270.903412 -250.000000
  endloop
endfacet
facet normal -79.284668 186.782837 0.000000
  outer loop
    vertex 144.738876 -270.745178 250.000000
    vertex 145.112442 -270.586609 250.000000
    vertex 145.112442 -270.586609 -250.000000
  endloop
endfacet
facet normal -79.284668 186.782837 0.000000
  outer loop
    vertex 144.738876 -270.745178 250.000000
    vertex 145.112442 -270.586609 -250.000000
    vertex 144.738876 -270.745178 -250.000000
  endloop
endfacet
facet normal -79.452515 186.683655 0.000000
  outer loop
    vertex 145.112442 -270.586609 250.000000
    vertex 145.485809 -270.427704 250.000000
    vertex 145.485809 -270.427704 -250.000000
  endloop
endfacet
facet normal -79.452515 186.683655 0.000000
  outer loop
    vertex 145.112442 -270.586609 250.000000
    vertex 145.485809 -270.427704 -250.000000
    vertex 145.112442 -270.586609 -250.000000
  endloop
endfacet
facet normal -79.650879 186.576843 0.000000
  outer loop
    vertex 145.485809 -270.427704 250.000000
    vertex 145.858963 -270.268402 250.000000
    vertex 145.858963 -270.268402 -250.000000
  endloop
endfacet
facet normal -79.650879 186.576843 0.000000
  outer loop
    vertex 145.485809 -270.427704 250.000000
    vertex 145.858963 -270.268402 -250.000000
    vertex 145.485809 -270.427704 -250.000000
  endloop
endfacet
facet normal -79.818726 186.477661 0.000000
  outer loop
    vertex 145.858963 -270.268402 250.000000
    vertex 146.231918 -270.108765 250.000000
    vertex 146.231918 -270.108765 -250.000000
  endloop
endfacet
facet normal -79.818726 186.477661 0.000000
  outer loop
    vertex 145.858963 -270.268402 250.000000
    vertex 146.231918 -270.108765 -250.000000
    vertex 145.858963 -270.268402 -250.000000
  endloop
endfacet
facet normal -80.001831 186.370850 0.000000
  outer loop
    vertex 146.231918 -270.108765 250.000000
    vertex 146.604660 -269.948761 250.000000
    vertex 146.604660 -269.948761 -250.000000
  endloop
endfacet
facet normal -80.001831 186.370850 0.000000
  outer loop
    vertex 146.231918 -270.108765 250.000000
    vertex 146.604660 -269.948761 -250.000000
    vertex 146.231918 -270.108765 -250.000000
  endloop
endfacet
facet normal -80.200195 186.256409 0.000000
  outer loop
    vertex 146.604660 -269.948761 250.000000
    vertex 146.977173 -269.788361 250.000000
    vertex 146.977173 -269.788361 -250.000000
  endloop
endfacet
facet normal -80.200195 186.256409 0.000000
  outer loop
    vertex 146.604660 -269.948761 250.000000
    vertex 146.977173 -269.788361 -250.000000
    vertex 146.604660 -269.948761 -250.000000
  endloop
endfacet
facet normal -80.368042 186.157227 0.000000
  outer loop
    vertex 146.977173 -269.788361 250.000000
    vertex 147.349487 -269.627625 250.000000
    vertex 147.349487 -269.627625 -250.000000
  endloop
endfacet
facet normal -80.368042 186.157227 0.000000
  outer loop
    vertex 146.977173 -269.788361 250.000000
    vertex 147.349487 -269.627625 -250.000000
    vertex 146.977173 -269.788361 -250.000000
  endloop
endfacet
facet normal -80.566406 186.042786 0.000000
  outer loop
    vertex 147.349487 -269.627625 250.000000
    vertex 147.721573 -269.466492 250.000000
    vertex 147.721573 -269.466492 -250.000000
  endloop
endfacet
facet normal -80.566406 186.042786 0.000000
  outer loop
    vertex 147.349487 -269.627625 250.000000
    vertex 147.721573 -269.466492 -250.000000
    vertex 147.349487 -269.627625 -250.000000
  endloop
endfacet
facet normal -80.749512 185.943604 0.000000
  outer loop
    vertex 147.721573 -269.466492 250.000000
    vertex 148.093460 -269.304993 250.000000
    vertex 148.093460 -269.304993 -250.000000
  endloop
endfacet
facet normal -80.749512 185.943604 0.000000
  outer loop
    vertex 147.721573 -269.466492 250.000000
    vertex 148.093460 -269.304993 -250.000000
    vertex 147.721573 -269.466492 -250.000000
  endloop
endfacet
facet normal -80.947876 185.821533 0.000000
  outer loop
    vertex 148.093460 -269.304993 250.000000
    vertex 148.465103 -269.143097 250.000000
    vertex 148.465103 -269.143097 -250.000000
  endloop
endfacet
facet normal -80.947876 185.821533 0.000000
  outer loop
    vertex 148.093460 -269.304993 250.000000
    vertex 148.465103 -269.143097 -250.000000
    vertex 148.093460 -269.304993 -250.000000
  endloop
endfacet
facet normal -81.146240 185.714722 0.000000
  outer loop
    vertex 148.465103 -269.143097 250.000000
    vertex 148.836533 -268.980804 250.000000
    vertex 148.836533 -268.980804 -250.000000
  endloop
endfacet
facet normal -81.146240 185.714722 0.000000
  outer loop
    vertex 148.465103 -269.143097 250.000000
    vertex 148.836533 -268.980804 -250.000000
    vertex 148.465103 -269.143097 -250.000000
  endloop
endfacet
facet normal -81.329346 185.600281 0.000000
  outer loop
    vertex 148.836533 -268.980804 250.000000
    vertex 149.207733 -268.818146 250.000000
    vertex 149.207733 -268.818146 -250.000000
  endloop
endfacet
facet normal -81.329346 185.600281 0.000000
  outer loop
    vertex 148.836533 -268.980804 250.000000
    vertex 149.207733 -268.818146 -250.000000
    vertex 148.836533 -268.980804 -250.000000
  endloop
endfacet
facet normal -81.542969 185.485840 0.000000
  outer loop
    vertex 149.207733 -268.818146 250.000000
    vertex 149.578705 -268.655060 250.000000
    vertex 149.578705 -268.655060 -250.000000
  endloop
endfacet
facet normal -81.542969 185.485840 0.000000
  outer loop
    vertex 149.207733 -268.818146 250.000000
    vertex 149.578705 -268.655060 -250.000000
    vertex 149.207733 -268.818146 -250.000000
  endloop
endfacet
facet normal -81.726074 185.371399 0.000000
  outer loop
    vertex 149.578705 -268.655060 250.000000
    vertex 149.949448 -268.491608 250.000000
    vertex 149.949448 -268.491608 -250.000000
  endloop
endfacet
facet normal -81.726074 185.371399 0.000000
  outer loop
    vertex 149.578705 -268.655060 250.000000
    vertex 149.949448 -268.491608 -250.000000
    vertex 149.578705 -268.655060 -250.000000
  endloop
endfacet
facet normal -81.939697 185.249329 0.000000
  outer loop
    vertex 149.949448 -268.491608 250.000000
    vertex 150.319946 -268.327728 250.000000
    vertex 150.319946 -268.327728 -250.000000
  endloop
endfacet
facet normal -81.939697 185.249329 0.000000
  outer loop
    vertex 149.949448 -268.491608 250.000000
    vertex 150.319946 -268.327728 -250.000000
    vertex 149.949448 -268.491608 -250.000000
  endloop
endfacet
facet normal -82.153320 185.134888 0.000000
  outer loop
    vertex 150.319946 -268.327728 250.000000
    vertex 150.690216 -268.163422 250.000000
    vertex 150.690216 -268.163422 -250.000000
  endloop
endfacet
facet normal -82.153320 185.134888 0.000000
  outer loop
    vertex 150.319946 -268.327728 250.000000
    vertex 150.690216 -268.163422 -250.000000
    vertex 150.319946 -268.327728 -250.000000
  endloop
endfacet
facet normal -82.351685 185.012817 0.000000
  outer loop
    vertex 150.690216 -268.163422 250.000000
    vertex 151.060242 -267.998718 250.000000
    vertex 151.060242 -267.998718 -250.000000
  endloop
endfacet
facet normal -82.351685 185.012817 0.000000
  outer loop
    vertex 150.690216 -268.163422 250.000000
    vertex 151.060242 -267.998718 -250.000000
    vertex 150.690216 -268.163422 -250.000000
  endloop
endfacet
facet normal -82.565308 184.890747 0.000000
  outer loop
    vertex 151.060242 -267.998718 250.000000
    vertex 151.430023 -267.833588 250.000000
    vertex 151.430023 -267.833588 -250.000000
  endloop
endfacet
facet normal -82.565308 184.890747 0.000000
  outer loop
    vertex 151.060242 -267.998718 250.000000
    vertex 151.430023 -267.833588 -250.000000
    vertex 151.060242 -267.998718 -250.000000
  endloop
endfacet
facet normal -82.763672 184.768677 0.000000
  outer loop
    vertex 151.430023 -267.833588 250.000000
    vertex 151.799561 -267.668060 250.000000
    vertex 151.799561 -267.668060 -250.000000
  endloop
endfacet
facet normal -82.763672 184.768677 0.000000
  outer loop
    vertex 151.430023 -267.833588 250.000000
    vertex 151.799561 -267.668060 -250.000000
    vertex 151.430023 -267.833588 -250.000000
  endloop
endfacet
facet normal -82.992554 184.646606 0.000000
  outer loop
    vertex 151.799561 -267.668060 250.000000
    vertex 152.168854 -267.502075 250.000000
    vertex 152.168854 -267.502075 -250.000000
  endloop
endfacet
facet normal -82.992554 184.646606 0.000000
  outer loop
    vertex 151.799561 -267.668060 250.000000
    vertex 152.168854 -267.502075 -250.000000
    vertex 151.799561 -267.668060 -250.000000
  endloop
endfacet
facet normal -83.206177 184.524536 0.000000
  outer loop
    vertex 152.168854 -267.502075 250.000000
    vertex 152.537903 -267.335663 250.000000
    vertex 152.537903 -267.335663 -250.000000
  endloop
endfacet
facet normal -83.206177 184.524536 0.000000
  outer loop
    vertex 152.168854 -267.502075 250.000000
    vertex 152.537903 -267.335663 -250.000000
    vertex 152.168854 -267.502075 -250.000000
  endloop
endfacet
facet normal -83.435059 184.394836 0.000000
  outer loop
    vertex 152.537903 -267.335663 250.000000
    vertex 152.906693 -267.168793 250.000000
    vertex 152.906693 -267.168793 -250.000000
  endloop
endfacet
facet normal -83.435059 184.394836 0.000000
  outer loop
    vertex 152.537903 -267.335663 250.000000
    vertex 152.906693 -267.168793 -250.000000
    vertex 152.537903 -267.335663 -250.000000
  endloop
endfacet
facet normal -83.648682 184.265137 0.000000
  outer loop
    vertex 152.906693 -267.168793 250.000000
    vertex 153.275223 -267.001495 250.000000
    vertex 153.275223 -267.001495 -250.000000
  endloop
endfacet
facet normal -83.648682 184.265137 0.000000
  outer loop
    vertex 152.906693 -267.168793 250.000000
    vertex 153.275223 -267.001495 -250.000000
    vertex 152.906693 -267.168793 -250.000000
  endloop
endfacet
facet normal -83.862305 184.135437 0.000000
  outer loop
    vertex 153.275223 -267.001495 250.000000
    vertex 153.643494 -266.833771 250.000000
    vertex 153.643494 -266.833771 -250.000000
  endloop
endfacet
facet normal -83.862305 184.135437 0.000000
  outer loop
    vertex 153.275223 -267.001495 250.000000
    vertex 153.643494 -266.833771 -250.000000
    vertex 153.275223 -267.001495 -250.000000
  endloop
endfacet
facet normal -84.106445 183.998108 0.000000
  outer loop
    vertex 153.643494 -266.833771 250.000000
    vertex 154.011490 -266.665558 250.000000
    vertex 154.011490 -266.665558 -250.000000
  endloop
endfacet
facet normal -84.106445 183.998108 0.000000
  outer loop
    vertex 153.643494 -266.833771 250.000000
    vertex 154.011490 -266.665558 -250.000000
    vertex 153.643494 -266.833771 -250.000000
  endloop
endfacet
facet normal -84.335327 183.876038 0.000000
  outer loop
    vertex 154.011490 -266.665558 250.000000
    vertex 154.379242 -266.496887 250.000000
    vertex 154.379242 -266.496887 -250.000000
  endloop
endfacet
facet normal -84.335327 183.876038 0.000000
  outer loop
    vertex 154.011490 -266.665558 250.000000
    vertex 154.379242 -266.496887 -250.000000
    vertex 154.011490 -266.665558 -250.000000
  endloop
endfacet
facet normal -84.564209 183.731079 0.000000
  outer loop
    vertex 154.379242 -266.496887 250.000000
    vertex 154.746704 -266.327759 250.000000
    vertex 154.746704 -266.327759 -250.000000
  endloop
endfacet
facet normal -84.564209 183.731079 0.000000
  outer loop
    vertex 154.379242 -266.496887 250.000000
    vertex 154.746704 -266.327759 -250.000000
    vertex 154.379242 -266.496887 -250.000000
  endloop
endfacet
facet normal -84.808350 183.601379 0.000000
  outer loop
    vertex 154.746704 -266.327759 250.000000
    vertex 155.113907 -266.158142 250.000000
    vertex 155.113907 -266.158142 -250.000000
  endloop
endfacet
facet normal -84.808350 183.601379 0.000000
  outer loop
    vertex 154.746704 -266.327759 250.000000
    vertex 155.113907 -266.158142 -250.000000
    vertex 154.746704 -266.327759 -250.000000
  endloop
endfacet
facet normal -85.037231 183.456421 0.000000
  outer loop
    vertex 155.113907 -266.158142 250.000000
    vertex 155.480820 -265.988068 250.000000
    vertex 155.480820 -265.988068 -250.000000
  endloop
endfacet
facet normal -85.037231 183.456421 0.000000
  outer loop
    vertex 155.113907 -266.158142 250.000000
    vertex 155.480820 -265.988068 -250.000000
    vertex 155.113907 -266.158142 -250.000000
  endloop
endfacet
facet normal -85.296631 183.319092 0.000000
  outer loop
    vertex 155.480820 -265.988068 250.000000
    vertex 155.847458 -265.817474 250.000000
    vertex 155.847458 -265.817474 -250.000000
  endloop
endfacet
facet normal -85.296631 183.319092 0.000000
  outer loop
    vertex 155.480820 -265.988068 250.000000
    vertex 155.847458 -265.817474 -250.000000
    vertex 155.480820 -265.988068 -250.000000
  endloop
endfacet
facet normal -85.525513 183.174133 0.000000
  outer loop
    vertex 155.847458 -265.817474 250.000000
    vertex 156.213806 -265.646423 250.000000
    vertex 156.213806 -265.646423 -250.000000
  endloop
endfacet
facet normal -85.525513 183.174133 0.000000
  outer loop
    vertex 155.847458 -265.817474 250.000000
    vertex 156.213806 -265.646423 -250.000000
    vertex 155.847458 -265.817474 -250.000000
  endloop
endfacet
facet normal -85.784912 183.036804 0.000000
  outer loop
    vertex 156.213806 -265.646423 250.000000
    vertex 156.579880 -265.474854 250.000000
    vertex 156.579880 -265.474854 -250.000000
  endloop
endfacet
facet normal -85.784912 183.036804 0.000000
  outer loop
    vertex 156.213806 -265.646423 250.000000
    vertex 156.579880 -265.474854 -250.000000
    vertex 156.213806 -265.646423 -250.000000
  endloop
endfacet
facet normal -86.044312 182.884216 0.000000
  outer loop
    vertex 156.579880 -265.474854 250.000000
    vertex 156.945648 -265.302765 250.000000
    vertex 156.945648 -265.302765 -250.000000
  endloop
endfacet
facet normal -86.044312 182.884216 0.000000
  outer loop
    vertex 156.579880 -265.474854 250.000000
    vertex 156.945648 -265.302765 -250.000000
    vertex 156.579880 -265.474854 -250.000000
  endloop
endfacet
facet normal -86.288452 182.746887 0.000000
  outer loop
    vertex 156.945648 -265.302765 250.000000
    vertex 157.311142 -265.130188 250.000000
    vertex 157.311142 -265.130188 -250.000000
  endloop
endfacet
facet normal -86.288452 182.746887 0.000000
  outer loop
    vertex 156.945648 -265.302765 250.000000
    vertex 157.311142 -265.130188 -250.000000
    vertex 156.945648 -265.302765 -250.000000
  endloop
endfacet
facet normal -86.547852 182.586670 0.000000
  outer loop
    vertex 157.311142 -265.130188 250.000000
    vertex 157.676315 -264.957092 250.000000
    vertex 157.676315 -264.957092 -250.000000
  endloop
endfacet
facet normal -86.547852 182.586670 0.000000
  outer loop
    vertex 157.311142 -265.130188 250.000000
    vertex 157.676315 -264.957092 -250.000000
    vertex 157.311142 -265.130188 -250.000000
  endloop
endfacet
facet normal -86.807251 182.441711 0.000000
  outer loop
    vertex 157.676315 -264.957092 250.000000
    vertex 158.041199 -264.783478 250.000000
    vertex 158.041199 -264.783478 -250.000000
  endloop
endfacet
facet normal -86.807251 182.441711 0.000000
  outer loop
    vertex 157.676315 -264.957092 250.000000
    vertex 158.041199 -264.783478 -250.000000
    vertex 157.676315 -264.957092 -250.000000
  endloop
endfacet
facet normal -87.081909 182.281494 0.000000
  outer loop
    vertex 158.041199 -264.783478 250.000000
    vertex 158.405762 -264.609314 250.000000
    vertex 158.405762 -264.609314 -250.000000
  endloop
endfacet
facet normal -87.081909 182.281494 0.000000
  outer loop
    vertex 158.041199 -264.783478 250.000000
    vertex 158.405762 -264.609314 -250.000000
    vertex 158.041199 -264.783478 -250.000000
  endloop
endfacet
facet normal -87.341309 182.128906 0.000000
  outer loop
    vertex 158.405762 -264.609314 250.000000
    vertex 158.770020 -264.434631 250.000000
    vertex 158.770020 -264.434631 -250.000000
  endloop
endfacet
facet normal -87.341309 182.128906 0.000000
  outer loop
    vertex 158.405762 -264.609314 250.000000
    vertex 158.770020 -264.434631 -250.000000
    vertex 158.405762 -264.609314 -250.000000
  endloop
endfacet
facet normal -87.631226 181.976318 0.000000
  outer loop
    vertex 158.770020 -264.434631 250.000000
    vertex 159.133972 -264.259369 250.000000
    vertex 159.133972 -264.259369 -250.000000
  endloop
endfacet
facet normal -87.631226 181.976318 0.000000
  outer loop
    vertex 158.770020 -264.434631 250.000000
    vertex 159.133972 -264.259369 -250.000000
    vertex 158.770020 -264.434631 -250.000000
  endloop
endfacet
facet normal -87.890625 181.808472 0.000000
  outer loop
    vertex 159.133972 -264.259369 250.000000
    vertex 159.497589 -264.083588 250.000000
    vertex 159.497589 -264.083588 -250.000000
  endloop
endfacet
facet normal -87.890625 181.808472 0.000000
  outer loop
    vertex 159.133972 -264.259369 250.000000
    vertex 159.497589 -264.083588 -250.000000
    vertex 159.133972 -264.259369 -250.000000
  endloop
endfacet
facet normal -88.180542 181.648254 0.000000
  outer loop
    vertex 159.497589 -264.083588 250.000000
    vertex 159.860886 -263.907227 250.000000
    vertex 159.860886 -263.907227 -250.000000
  endloop
endfacet
facet normal -88.180542 181.648254 0.000000
  outer loop
    vertex 159.497589 -264.083588 250.000000
    vertex 159.860886 -263.907227 -250.000000
    vertex 159.497589 -264.083588 -250.000000
  endloop
endfacet
facet normal -88.470459 181.488037 0.000000
  outer loop
    vertex 159.860886 -263.907227 250.000000
    vertex 160.223862 -263.730286 250.000000
    vertex 160.223862 -263.730286 -250.000000
  endloop
endfacet
facet normal -88.470459 181.488037 0.000000
  outer loop
    vertex 159.860886 -263.907227 250.000000
    vertex 160.223862 -263.730286 -250.000000
    vertex 159.860886 -263.907227 -250.000000
  endloop
endfacet
facet normal -88.745117 181.320190 0.000000
  outer loop
    vertex 160.223862 -263.730286 250.000000
    vertex 160.586502 -263.552795 250.000000
    vertex 160.586502 -263.552795 -250.000000
  endloop
endfacet
facet normal -88.745117 181.320190 0.000000
  outer loop
    vertex 160.223862 -263.730286 250.000000
    vertex 160.586502 -263.552795 -250.000000
    vertex 160.223862 -263.730286 -250.000000
  endloop
endfacet
facet normal -89.050293 181.144714 0.000000
  outer loop
    vertex 160.586502 -263.552795 250.000000
    vertex 160.948792 -263.374695 250.000000
    vertex 160.948792 -263.374695 -250.000000
  endloop
endfacet
facet normal -89.050293 181.144714 0.000000
  outer loop
    vertex 160.586502 -263.552795 250.000000
    vertex 160.948792 -263.374695 -250.000000
    vertex 160.586502 -263.552795 -250.000000
  endloop
endfacet
facet normal -89.340210 180.984497 0.000000
  outer loop
    vertex 160.948792 -263.374695 250.000000
    vertex 161.310760 -263.196014 250.000000
    vertex 161.310760 -263.196014 -250.000000
  endloop
endfacet
facet normal -89.340210 180.984497 0.000000
  outer loop
    vertex 160.948792 -263.374695 250.000000
    vertex 161.310760 -263.196014 -250.000000
    vertex 160.948792 -263.374695 -250.000000
  endloop
endfacet
facet normal -89.645386 180.801392 0.000000
  outer loop
    vertex 161.310760 -263.196014 250.000000
    vertex 161.672363 -263.016724 250.000000
    vertex 161.672363 -263.016724 -250.000000
  endloop
endfacet
facet normal -89.645386 180.801392 0.000000
  outer loop
    vertex 161.310760 -263.196014 250.000000
    vertex 161.672363 -263.016724 -250.000000
    vertex 161.310760 -263.196014 -250.000000
  endloop
endfacet
facet normal -89.950562 180.625916 0.000000
  outer loop
    vertex 161.672363 -263.016724 250.000000
    vertex 162.033615 -262.836823 250.000000
    vertex 162.033615 -262.836823 -250.000000
  endloop
endfacet
facet normal -89.950562 180.625916 0.000000
  outer loop
    vertex 161.672363 -263.016724 250.000000
    vertex 162.033615 -262.836823 -250.000000
    vertex 161.672363 -263.016724 -250.000000
  endloop
endfacet
facet normal -90.255737 180.450439 0.000000
  outer loop
    vertex 162.033615 -262.836823 250.000000
    vertex 162.394516 -262.656311 250.000000
    vertex 162.394516 -262.656311 -250.000000
  endloop
endfacet
facet normal -90.255737 180.450439 0.000000
  outer loop
    vertex 162.033615 -262.836823 250.000000
    vertex 162.394516 -262.656311 -250.000000
    vertex 162.033615 -262.836823 -250.000000
  endloop
endfacet
facet normal -90.576172 180.267334 0.000000
  outer loop
    vertex 162.394516 -262.656311 250.000000
    vertex 162.755051 -262.475159 250.000000
    vertex 162.755051 -262.475159 -250.000000
  endloop
endfacet
facet normal -90.576172 180.267334 0.000000
  outer loop
    vertex 162.394516 -262.656311 250.000000
    vertex 162.755051 -262.475159 -250.000000
    vertex 162.394516 -262.656311 -250.000000
  endloop
endfacet
facet normal -90.881348 180.084229 0.000000
  outer loop
    vertex 162.755051 -262.475159 250.000000
    vertex 163.115219 -262.293396 250.000000
    vertex 163.115219 -262.293396 -250.000000
  endloop
endfacet
facet normal -90.881348 180.084229 0.000000
  outer loop
    vertex 162.755051 -262.475159 250.000000
    vertex 163.115219 -262.293396 -250.000000
    vertex 162.755051 -262.475159 -250.000000
  endloop
endfacet
facet normal -91.217041 179.901123 0.000000
  outer loop
    vertex 163.115219 -262.293396 250.000000
    vertex 163.475021 -262.110962 250.000000
    vertex 163.475021 -262.110962 -250.000000
  endloop
endfacet
facet normal -91.217041 179.901123 0.000000
  outer loop
    vertex 163.115219 -262.293396 250.000000
    vertex 163.475021 -262.110962 -250.000000
    vertex 163.115219 -262.293396 -250.000000
  endloop
endfacet
facet normal -91.537476 179.702759 0.000000
  outer loop
    vertex 163.475021 -262.110962 250.000000
    vertex 163.834427 -261.927887 250.000000
    vertex 163.834427 -261.927887 -250.000000
  endloop
endfacet
facet normal -91.537476 179.702759 0.000000
  outer loop
    vertex 163.475021 -262.110962 250.000000
    vertex 163.834427 -261.927887 -250.000000
    vertex 163.475021 -262.110962 -250.000000
  endloop
endfacet
facet normal -91.888428 179.519653 0.000000
  outer loop
    vertex 163.834427 -261.927887 250.000000
    vertex 164.193466 -261.744110 250.000000
    vertex 164.193466 -261.744110 -250.000000
  endloop
endfacet
facet normal -91.888428 179.519653 0.000000
  outer loop
    vertex 163.834427 -261.927887 250.000000
    vertex 164.193466 -261.744110 -250.000000
    vertex 163.834427 -261.927887 -250.000000
  endloop
endfacet
facet normal -92.208862 179.321289 0.000000
  outer loop
    vertex 164.193466 -261.744110 250.000000
    vertex 164.552109 -261.559692 250.000000
    vertex 164.552109 -261.559692 -250.000000
  endloop
endfacet
facet normal -92.208862 179.321289 0.000000
  outer loop
    vertex 164.193466 -261.744110 250.000000
    vertex 164.552109 -261.559692 -250.000000
    vertex 164.193466 -261.744110 -250.000000
  endloop
endfacet
facet normal -92.559814 179.115295 0.000000
  outer loop
    vertex 164.552109 -261.559692 250.000000
    vertex 164.910339 -261.374573 250.000000
    vertex 164.910339 -261.374573 -250.000000
  endloop
endfacet
facet normal -92.559814 179.115295 0.000000
  outer loop
    vertex 164.552109 -261.559692 250.000000
    vertex 164.910339 -261.374573 -250.000000
    vertex 164.552109 -261.559692 -250.000000
  endloop
endfacet
facet normal -92.895508 178.924561 0.000000
  outer loop
    vertex 164.910339 -261.374573 250.000000
    vertex 165.268188 -261.188782 250.000000
    vertex 165.268188 -261.188782 -250.000000
  endloop
endfacet
facet normal -92.895508 178.924561 0.000000
  outer loop
    vertex 164.910339 -261.374573 250.000000
    vertex 165.268188 -261.188782 -250.000000
    vertex 164.910339 -261.374573 -250.000000
  endloop
endfacet
facet normal -93.261719 178.718567 0.000000
  outer loop
    vertex 165.268188 -261.188782 250.000000
    vertex 165.625626 -261.002258 250.000000
    vertex 165.625626 -261.002258 -250.000000
  endloop
endfacet
facet normal -93.261719 178.718567 0.000000
  outer loop
    vertex 165.268188 -261.188782 250.000000
    vertex 165.625626 -261.002258 -250.000000
    vertex 165.268188 -261.188782 -250.000000
  endloop
endfacet
facet normal -93.612671 178.512573 0.000000
  outer loop
    vertex 165.625626 -261.002258 250.000000
    vertex 165.982651 -260.815033 250.000000
    vertex 165.982651 -260.815033 -250.000000
  endloop
endfacet
facet normal -93.612671 178.512573 0.000000
  outer loop
    vertex 165.625626 -261.002258 250.000000
    vertex 165.982651 -260.815033 -250.000000
    vertex 165.625626 -261.002258 -250.000000
  endloop
endfacet
facet normal -93.978882 178.298950 0.000000
  outer loop
    vertex 165.982651 -260.815033 250.000000
    vertex 166.339249 -260.627075 250.000000
    vertex 166.339249 -260.627075 -250.000000
  endloop
endfacet
facet normal -93.978882 178.298950 0.000000
  outer loop
    vertex 165.982651 -260.815033 250.000000
    vertex 166.339249 -260.627075 -250.000000
    vertex 165.982651 -260.815033 -250.000000
  endloop
endfacet
facet normal -94.360352 178.085327 0.000000
  outer loop
    vertex 166.339249 -260.627075 250.000000
    vertex 166.695419 -260.438354 250.000000
    vertex 166.695419 -260.438354 -250.000000
  endloop
endfacet
facet normal -94.360352 178.085327 0.000000
  outer loop
    vertex 166.339249 -260.627075 250.000000
    vertex 166.695419 -260.438354 -250.000000
    vertex 166.339249 -260.627075 -250.000000
  endloop
endfacet
facet normal -94.726562 177.871704 0.000000
  outer loop
    vertex 166.695419 -260.438354 250.000000
    vertex 167.051163 -260.248901 250.000000
    vertex 167.051163 -260.248901 -250.000000
  endloop
endfacet
facet normal -94.726562 177.871704 0.000000
  outer loop
    vertex 166.695419 -260.438354 250.000000
    vertex 167.051163 -260.248901 -250.000000
    vertex 166.695419 -260.438354 -250.000000
  endloop
endfacet
facet normal -95.108032 177.650452 0.000000
  outer loop
    vertex 167.051163 -260.248901 250.000000
    vertex 167.406464 -260.058685 250.000000
    vertex 167.406464 -260.058685 -250.000000
  endloop
endfacet
facet normal -95.108032 177.650452 0.000000
  outer loop
    vertex 167.051163 -260.248901 250.000000
    vertex 167.406464 -260.058685 -250.000000
    vertex 167.051163 -260.248901 -250.000000
  endloop
endfacet
facet normal -95.489502 177.421570 0.000000
  outer loop
    vertex 167.406464 -260.058685 250.000000
    vertex 167.761307 -259.867706 250.000000
    vertex 167.761307 -259.867706 -250.000000
  endloop
endfacet
facet normal -95.489502 177.421570 0.000000
  outer loop
    vertex 167.406464 -260.058685 250.000000
    vertex 167.761307 -259.867706 -250.000000
    vertex 167.406464 -260.058685 -250.000000
  endloop
endfacet
facet normal -95.886230 177.200317 0.000000
  outer loop
    vertex 167.761307 -259.867706 250.000000
    vertex 168.115707 -259.675934 250.000000
    vertex 168.115707 -259.675934 -250.000000
  endloop
endfacet
facet normal -95.886230 177.200317 0.000000
  outer loop
    vertex 167.761307 -259.867706 250.000000
    vertex 168.115707 -259.675934 -250.000000
    vertex 167.761307 -259.867706 -250.000000
  endloop
endfacet
facet normal -96.298218 176.963806 0.000000
  outer loop
    vertex 168.115707 -259.675934 250.000000
    vertex 168.469635 -259.483337 250.000000
    vertex 168.469635 -259.483337 -250.000000
  endloop
endfacet
facet normal -96.298218 176.963806 0.000000
  outer loop
    vertex 168.115707 -259.675934 250.000000
    vertex 168.469635 -259.483337 -250.000000
    vertex 168.115707 -259.675934 -250.000000
  endloop
endfacet
facet normal -96.694946 176.734924 0.000000
  outer loop
    vertex 168.469635 -259.483337 250.000000
    vertex 168.823105 -259.289948 250.000000
    vertex 168.823105 -259.289948 -250.000000
  endloop
endfacet
facet normal -96.694946 176.734924 0.000000
  outer loop
    vertex 168.469635 -259.483337 250.000000
    vertex 168.823105 -259.289948 -250.000000
    vertex 168.469635 -259.483337 -250.000000
  endloop
endfacet
facet normal -97.106934 176.490784 0.000000
  outer loop
    vertex 168.823105 -259.289948 250.000000
    vertex 169.176086 -259.095734 250.000000
    vertex 169.176086 -259.095734 -250.000000
  endloop
endfacet
facet normal -97.106934 176.490784 0.000000
  outer loop
    vertex 168.823105 -259.289948 250.000000
    vertex 169.176086 -259.095734 -250.000000
    vertex 168.823105 -259.289948 -250.000000
  endloop
endfacet
facet normal -97.534180 176.254272 0.000000
  outer loop
    vertex 169.176086 -259.095734 250.000000
    vertex 169.528595 -258.900665 250.000000
    vertex 169.528595 -258.900665 -250.000000
  endloop
endfacet
facet normal -97.534180 176.254272 0.000000
  outer loop
    vertex 169.176086 -259.095734 250.000000
    vertex 169.528595 -258.900665 -250.000000
    vertex 169.176086 -259.095734 -250.000000
  endloop
endfacet
facet normal -97.946167 176.010132 0.000000
  outer loop
    vertex 169.528595 -258.900665 250.000000
    vertex 169.880615 -258.704773 250.000000
    vertex 169.880615 -258.704773 -250.000000
  endloop
endfacet
facet normal -97.946167 176.010132 0.000000
  outer loop
    vertex 169.528595 -258.900665 250.000000
    vertex 169.880615 -258.704773 -250.000000
    vertex 169.528595 -258.900665 -250.000000
  endloop
endfacet
facet normal -98.388672 175.750732 0.000000
  outer loop
    vertex 169.880615 -258.704773 250.000000
    vertex 170.232117 -258.507996 250.000000
    vertex 170.232117 -258.507996 -250.000000
  endloop
endfacet
facet normal -98.388672 175.750732 0.000000
  outer loop
    vertex 169.880615 -258.704773 250.000000
    vertex 170.232117 -258.507996 -250.000000
    vertex 169.880615 -258.704773 -250.000000
  endloop
endfacet
facet normal -98.831177 175.506592 0.000000
  outer loop
    vertex 170.232117 -258.507996 250.000000
    vertex 170.583130 -258.310333 250.000000
    vertex 170.583130 -258.310333 -250.000000
  endloop
endfacet
facet normal -98.831177 175.506592 0.000000
  outer loop
    vertex 170.232117 -258.507996 250.000000
    vertex 170.583130 -258.310333 -250.000000
    vertex 170.232117 -258.507996 -250.000000
  endloop
endfacet
facet normal -99.273682 175.239563 0.000000
  outer loop
    vertex 170.583130 -258.310333 250.000000
    vertex 170.933609 -258.111786 250.000000
    vertex 170.933609 -258.111786 -250.000000
  endloop
endfacet
facet normal -99.273682 175.239563 0.000000
  outer loop
    vertex 170.583130 -258.310333 250.000000
    vertex 170.933609 -258.111786 -250.000000
    vertex 170.583130 -258.310333 -250.000000
  endloop
endfacet
facet normal -99.731445 174.980164 0.000000
  outer loop
    vertex 170.933609 -258.111786 250.000000
    vertex 171.283569 -257.912323 250.000000
    vertex 171.283569 -257.912323 -250.000000
  endloop
endfacet
facet normal -99.731445 174.980164 0.000000
  outer loop
    vertex 170.933609 -258.111786 250.000000
    vertex 171.283569 -257.912323 -250.000000
    vertex 170.933609 -258.111786 -250.000000
  endloop
endfacet
facet normal -100.204468 174.705505 0.000000
  outer loop
    vertex 171.283569 -257.912323 250.000000
    vertex 171.632980 -257.711914 250.000000
    vertex 171.632980 -257.711914 -250.000000
  endloop
endfacet
facet normal -100.204468 174.705505 0.000000
  outer loop
    vertex 171.283569 -257.912323 250.000000
    vertex 171.632980 -257.711914 -250.000000
    vertex 171.283569 -257.912323 -250.000000
  endloop
endfacet
facet normal -100.662231 174.438477 0.000000
  outer loop
    vertex 171.632980 -257.711914 250.000000
    vertex 171.981857 -257.510590 250.000000
    vertex 171.981857 -257.510590 -250.000000
  endloop
endfacet
facet normal -100.662231 174.438477 0.000000
  outer loop
    vertex 171.632980 -257.711914 250.000000
    vertex 171.981857 -257.510590 -250.000000
    vertex 171.632980 -257.711914 -250.000000
  endloop
endfacet
facet normal -101.150513 174.163818 0.000000
  outer loop
    vertex 171.981857 -257.510590 250.000000
    vertex 172.330185 -257.308289 250.000000
    vertex 172.330185 -257.308289 -250.000000
  endloop
endfacet
facet normal -101.150513 174.163818 0.000000
  outer loop
    vertex 171.981857 -257.510590 250.000000
    vertex 172.330185 -257.308289 -250.000000
    vertex 171.981857 -257.510590 -250.000000
  endloop
endfacet
facet normal -101.638794 173.881531 0.000000
  outer loop
    vertex 172.330185 -257.308289 250.000000
    vertex 172.677948 -257.105011 250.000000
    vertex 172.677948 -257.105011 -250.000000
  endloop
endfacet
facet normal -101.638794 173.881531 0.000000
  outer loop
    vertex 172.330185 -257.308289 250.000000
    vertex 172.677948 -257.105011 -250.000000
    vertex 172.330185 -257.308289 -250.000000
  endloop
endfacet
facet normal -102.127075 173.591614 0.000000
  outer loop
    vertex 172.677948 -257.105011 250.000000
    vertex 173.025131 -256.900757 250.000000
    vertex 173.025131 -256.900757 -250.000000
  endloop
endfacet
facet normal -102.127075 173.591614 0.000000
  outer loop
    vertex 172.677948 -257.105011 250.000000
    vertex 173.025131 -256.900757 -250.000000
    vertex 172.677948 -257.105011 -250.000000
  endloop
endfacet
facet normal -102.645874 173.301697 0.000000
  outer loop
    vertex 173.025131 -256.900757 250.000000
    vertex 173.371735 -256.695465 250.000000
    vertex 173.371735 -256.695465 -250.000000
  endloop
endfacet
facet normal -102.645874 173.301697 0.000000
  outer loop
    vertex 173.025131 -256.900757 250.000000
    vertex 173.371735 -256.695465 -250.000000
    vertex 173.025131 -256.900757 -250.000000
  endloop
endfacet
facet normal -103.164673 173.004150 0.000000
  outer loop
    vertex 173.371735 -256.695465 250.000000
    vertex 173.717743 -256.489136 250.000000
    vertex 173.717743 -256.489136 -250.000000
  endloop
endfacet
facet normal -103.164673 173.004150 0.000000
  outer loop
    vertex 173.371735 -256.695465 250.000000
    vertex 173.717743 -256.489136 -250.000000
    vertex 173.371735 -256.695465 -250.000000
  endloop
endfacet
facet normal -103.668213 172.698975 0.000000
  outer loop
    vertex 173.717743 -256.489136 250.000000
    vertex 174.063141 -256.281799 250.000000
    vertex 174.063141 -256.281799 -250.000000
  endloop
endfacet
facet normal -103.668213 172.698975 0.000000
  outer loop
    vertex 173.717743 -256.489136 250.000000
    vertex 174.063141 -256.281799 -250.000000
    vertex 173.717743 -256.489136 -250.000000
  endloop
endfacet
facet normal -104.217529 172.393799 0.000000
  outer loop
    vertex 174.063141 -256.281799 250.000000
    vertex 174.407928 -256.073364 250.000000
    vertex 174.407928 -256.073364 -250.000000
  endloop
endfacet
facet normal -104.217529 172.393799 0.000000
  outer loop
    vertex 174.063141 -256.281799 250.000000
    vertex 174.407928 -256.073364 -250.000000
    vertex 174.063141 -256.281799 -250.000000
  endloop
endfacet
facet normal -104.759216 172.073364 0.000000
  outer loop
    vertex 174.407928 -256.073364 250.000000
    vertex 174.752075 -255.863846 250.000000
    vertex 174.752075 -255.863846 -250.000000
  endloop
endfacet
facet normal -104.759216 172.073364 0.000000
  outer loop
    vertex 174.407928 -256.073364 250.000000
    vertex 174.752075 -255.863846 -250.000000
    vertex 174.407928 -256.073364 -250.000000
  endloop
endfacet
facet normal -105.316162 171.760559 0.000000
  outer loop
    vertex 174.752075 -255.863846 250.000000
    vertex 175.095596 -255.653214 250.000000
    vertex 175.095596 -255.653214 -250.000000
  endloop
endfacet
facet normal -105.316162 171.760559 0.000000
  outer loop
    vertex 174.752075 -255.863846 250.000000
    vertex 175.095596 -255.653214 -250.000000
    vertex 174.752075 -255.863846 -250.000000
  endloop
endfacet
facet normal -105.880737 171.424866 0.000000
  outer loop
    vertex 175.095596 -255.653214 250.000000
    vertex 175.438446 -255.441452 250.000000
    vertex 175.438446 -255.441452 -250.000000
  endloop
endfacet
facet normal -105.880737 171.424866 0.000000
  outer loop
    vertex 175.095596 -255.653214 250.000000
    vertex 175.438446 -255.441452 -250.000000
    vertex 175.095596 -255.653214 -250.000000
  endloop
endfacet
facet normal -106.452942 171.096802 0.000000
  outer loop
    vertex 175.438446 -255.441452 250.000000
    vertex 175.780640 -255.228546 250.000000
    vertex 175.780640 -255.228546 -250.000000
  endloop
endfacet
facet normal -106.452942 171.096802 0.000000
  outer loop
    vertex 175.438446 -255.441452 250.000000
    vertex 175.780640 -255.228546 -250.000000
    vertex 175.438446 -255.441452 -250.000000
  endloop
endfacet
facet normal -107.048035 170.761108 0.000000
  outer loop
    vertex 175.780640 -255.228546 250.000000
    vertex 176.122162 -255.014450 250.000000
    vertex 176.122162 -255.014450 -250.000000
  endloop
endfacet
facet normal -107.048035 170.761108 0.000000
  outer loop
    vertex 175.780640 -255.228546 250.000000
    vertex 176.122162 -255.014450 -250.000000
    vertex 175.780640 -255.228546 -250.000000
  endloop
endfacet
facet normal -107.643127 170.410156 0.000000
  outer loop
    vertex 176.122162 -255.014450 250.000000
    vertex 176.462982 -254.799164 250.000000
    vertex 176.462982 -254.799164 -250.000000
  endloop
endfacet
facet normal -107.643127 170.410156 0.000000
  outer loop
    vertex 176.122162 -255.014450 250.000000
    vertex 176.462982 -254.799164 -250.000000
    vertex 176.122162 -255.014450 -250.000000
  endloop
endfacet
facet normal -108.253479 170.059204 0.000000
  outer loop
    vertex 176.462982 -254.799164 250.000000
    vertex 176.803101 -254.582657 250.000000
    vertex 176.803101 -254.582657 -250.000000
  endloop
endfacet
facet normal -108.253479 170.059204 0.000000
  outer loop
    vertex 176.462982 -254.799164 250.000000
    vertex 176.803101 -254.582657 -250.000000
    vertex 176.462982 -254.799164 -250.000000
  endloop
endfacet
facet normal -108.879089 169.700623 0.000000
  outer loop
    vertex 176.803101 -254.582657 250.000000
    vertex 177.142502 -254.364899 250.000000
    vertex 177.142502 -254.364899 -250.000000
  endloop
endfacet
facet normal -108.879089 169.700623 0.000000
  outer loop
    vertex 176.803101 -254.582657 250.000000
    vertex 177.142502 -254.364899 -250.000000
    vertex 176.803101 -254.582657 -250.000000
  endloop
endfacet
facet normal -109.512329 169.326782 0.000000
  outer loop
    vertex 177.142502 -254.364899 250.000000
    vertex 177.481155 -254.145874 250.000000
    vertex 177.481155 -254.145874 -250.000000
  endloop
endfacet
facet normal -109.512329 169.326782 0.000000
  outer loop
    vertex 177.142502 -254.364899 250.000000
    vertex 177.481155 -254.145874 -250.000000
    vertex 177.142502 -254.364899 -250.000000
  endloop
endfacet
facet normal -110.168457 168.960571 0.000000
  outer loop
    vertex 177.481155 -254.145874 250.000000
    vertex 177.819077 -253.925537 250.000000
    vertex 177.819077 -253.925537 -250.000000
  endloop
endfacet
facet normal -110.168457 168.960571 0.000000
  outer loop
    vertex 177.481155 -254.145874 250.000000
    vertex 177.819077 -253.925537 -250.000000
    vertex 177.481155 -254.145874 -250.000000
  endloop
endfacet
facet normal -110.832214 168.571472 0.000000
  outer loop
    vertex 177.819077 -253.925537 250.000000
    vertex 178.156219 -253.703873 250.000000
    vertex 178.156219 -253.703873 -250.000000
  endloop
endfacet
facet normal -110.832214 168.571472 0.000000
  outer loop
    vertex 177.819077 -253.925537 250.000000
    vertex 178.156219 -253.703873 -250.000000
    vertex 177.819077 -253.925537 -250.000000
  endloop
endfacet
facet normal -111.511230 168.174744 0.000000
  outer loop
    vertex 178.156219 -253.703873 250.000000
    vertex 178.492569 -253.480850 250.000000
    vertex 178.492569 -253.480850 -250.000000
  endloop
endfacet
facet normal -111.511230 168.174744 0.000000
  outer loop
    vertex 178.156219 -253.703873 250.000000
    vertex 178.492569 -253.480850 -250.000000
    vertex 178.156219 -253.703873 -250.000000
  endloop
endfacet
facet normal -112.205505 167.778015 0.000000
  outer loop
    vertex 178.492569 -253.480850 250.000000
    vertex 178.828125 -253.256439 250.000000
    vertex 178.828125 -253.256439 -250.000000
  endloop
endfacet
facet normal -112.205505 167.778015 0.000000
  outer loop
    vertex 178.492569 -253.480850 250.000000
    vertex 178.828125 -253.256439 -250.000000
    vertex 178.492569 -253.480850 -250.000000
  endloop
endfacet
facet normal -112.907410 167.373657 0.000000
  outer loop
    vertex 178.828125 -253.256439 250.000000
    vertex 179.162872 -253.030624 250.000000
    vertex 179.162872 -253.030624 -250.000000
  endloop
endfacet
facet normal -112.907410 167.373657 0.000000
  outer loop
    vertex 178.828125 -253.256439 250.000000
    vertex 179.162872 -253.030624 -250.000000
    vertex 178.828125 -253.256439 -250.000000
  endloop
endfacet
facet normal -113.647461 166.946411 0.000000
  outer loop
    vertex 179.162872 -253.030624 250.000000
    vertex 179.496765 -252.803329 250.000000
    vertex 179.496765 -252.803329 -250.000000
  endloop
endfacet
facet normal -113.647461 166.946411 0.000000
  outer loop
    vertex 179.162872 -253.030624 250.000000
    vertex 179.496765 -252.803329 -250.000000
    vertex 179.162872 -253.030624 -250.000000
  endloop
endfacet
facet normal -114.379883 166.526794 0.000000
  outer loop
    vertex 179.496765 -252.803329 250.000000
    vertex 179.829819 -252.574570 250.000000
    vertex 179.829819 -252.574570 -250.000000
  endloop
endfacet
facet normal -114.379883 166.526794 0.000000
  outer loop
    vertex 179.496765 -252.803329 250.000000
    vertex 179.829819 -252.574570 -250.000000
    vertex 179.496765 -252.803329 -250.000000
  endloop
endfacet
facet normal -115.135193 166.084290 0.000000
  outer loop
    vertex 179.829819 -252.574570 250.000000
    vertex 180.161987 -252.344299 250.000000
    vertex 180.161987 -252.344299 -250.000000
  endloop
endfacet
facet normal -115.135193 166.084290 0.000000
  outer loop
    vertex 179.829819 -252.574570 250.000000
    vertex 180.161987 -252.344299 -250.000000
    vertex 179.829819 -252.574570 -250.000000
  endloop
endfacet
facet normal -115.921021 165.626526 0.000000
  outer loop
    vertex 180.161987 -252.344299 250.000000
    vertex 180.493240 -252.112457 250.000000
    vertex 180.493240 -252.112457 -250.000000
  endloop
endfacet
facet normal -115.921021 165.626526 0.000000
  outer loop
    vertex 180.161987 -252.344299 250.000000
    vertex 180.493240 -252.112457 -250.000000
    vertex 180.161987 -252.344299 -250.000000
  endloop
endfacet
facet normal -116.714478 165.176392 0.000000
  outer loop
    vertex 180.493240 -252.112457 250.000000
    vertex 180.823593 -251.879028 250.000000
    vertex 180.823593 -251.879028 -250.000000
  endloop
endfacet
facet normal -116.714478 165.176392 0.000000
  outer loop
    vertex 180.493240 -252.112457 250.000000
    vertex 180.823593 -251.879028 -250.000000
    vertex 180.493240 -252.112457 -250.000000
  endloop
endfacet
facet normal -117.538452 164.703369 0.000000
  outer loop
    vertex 180.823593 -251.879028 250.000000
    vertex 181.153000 -251.643951 250.000000
    vertex 181.153000 -251.643951 -250.000000
  endloop
endfacet
facet normal -117.538452 164.703369 0.000000
  outer loop
    vertex 180.823593 -251.879028 250.000000
    vertex 181.153000 -251.643951 -250.000000
    vertex 180.823593 -251.879028 -250.000000
  endloop
endfacet
facet normal -118.370056 164.215088 0.000000
  outer loop
    vertex 181.153000 -251.643951 250.000000
    vertex 181.481430 -251.407211 250.000000
    vertex 181.481430 -251.407211 -250.000000
  endloop
endfacet
facet normal -118.370056 164.215088 0.000000
  outer loop
    vertex 181.153000 -251.643951 250.000000
    vertex 181.481430 -251.407211 -250.000000
    vertex 181.153000 -251.643951 -250.000000
  endloop
endfacet
facet normal -119.232178 163.726807 0.000000
  outer loop
    vertex 181.481430 -251.407211 250.000000
    vertex 181.808884 -251.168747 250.000000
    vertex 181.808884 -251.168747 -250.000000
  endloop
endfacet
facet normal -119.232178 163.726807 0.000000
  outer loop
    vertex 181.481430 -251.407211 250.000000
    vertex 181.808884 -251.168747 -250.000000
    vertex 181.481430 -251.407211 -250.000000
  endloop
endfacet
facet normal -120.117188 163.208008 0.000000
  outer loop
    vertex 181.808884 -251.168747 250.000000
    vertex 182.135300 -250.928513 250.000000
    vertex 182.135300 -250.928513 -250.000000
  endloop
endfacet
facet normal -120.117188 163.208008 0.000000
  outer loop
    vertex 181.808884 -251.168747 250.000000
    vertex 182.135300 -250.928513 -250.000000
    vertex 181.808884 -251.168747 -250.000000
  endloop
endfacet
facet normal -121.017456 162.689209 0.000000
  outer loop
    vertex 182.135300 -250.928513 250.000000
    vertex 182.460678 -250.686478 250.000000
    vertex 182.460678 -250.686478 -250.000000
  endloop
endfacet
facet normal -121.017456 162.689209 0.000000
  outer loop
    vertex 182.135300 -250.928513 250.000000
    vertex 182.460678 -250.686478 -250.000000
    vertex 182.135300 -250.928513 -250.000000
  endloop
endfacet
facet normal -121.963501 162.147522 0.000000
  outer loop
    vertex 182.460678 -250.686478 250.000000
    vertex 182.784973 -250.442551 250.000000
    vertex 182.784973 -250.442551 -250.000000
  endloop
endfacet
facet normal -121.963501 162.147522 0.000000
  outer loop
    vertex 182.460678 -250.686478 250.000000
    vertex 182.784973 -250.442551 -250.000000
    vertex 182.460678 -250.686478 -250.000000
  endloop
endfacet
facet normal -122.917175 161.590576 0.000000
  outer loop
    vertex 182.784973 -250.442551 250.000000
    vertex 183.108154 -250.196716 250.000000
    vertex 183.108154 -250.196716 -250.000000
  endloop
endfacet
facet normal -122.917175 161.590576 0.000000
  outer loop
    vertex 182.784973 -250.442551 250.000000
    vertex 183.108154 -250.196716 -250.000000
    vertex 182.784973 -250.442551 -250.000000
  endloop
endfacet
facet normal -123.901367 161.026001 0.000000
  outer loop
    vertex 183.108154 -250.196716 250.000000
    vertex 183.430206 -249.948914 250.000000
    vertex 183.430206 -249.948914 -250.000000
  endloop
endfacet
facet normal -123.901367 161.026001 0.000000
  outer loop
    vertex 183.108154 -250.196716 250.000000
    vertex 183.430206 -249.948914 -250.000000
    vertex 183.108154 -250.196716 -250.000000
  endloop
endfacet
facet normal -124.923706 160.438538 0.000000
  outer loop
    vertex 183.430206 -249.948914 250.000000
    vertex 183.751083 -249.699066 250.000000
    vertex 183.751083 -249.699066 -250.000000
  endloop
endfacet
facet normal -124.923706 160.438538 0.000000
  outer loop
    vertex 183.430206 -249.948914 250.000000
    vertex 183.751083 -249.699066 -250.000000
    vertex 183.430206 -249.948914 -250.000000
  endloop
endfacet
facet normal -125.961304 159.835815 0.000000
  outer loop
    vertex 183.751083 -249.699066 250.000000
    vertex 184.070755 -249.447144 250.000000
    vertex 184.070755 -249.447144 -250.000000
  endloop
endfacet
facet normal -125.961304 159.835815 0.000000
  outer loop
    vertex 183.751083 -249.699066 250.000000
    vertex 184.070755 -249.447144 -250.000000
    vertex 183.751083 -249.699066 -250.000000
  endloop
endfacet
facet normal -127.059937 159.202576 0.000000
  outer loop
    vertex 184.070755 -249.447144 250.000000
    vertex 184.389160 -249.193024 250.000000
    vertex 184.389160 -249.193024 -250.000000
  endloop
endfacet
facet normal -127.059937 159.202576 0.000000
  outer loop
    vertex 184.070755 -249.447144 250.000000
    vertex 184.389160 -249.193024 -250.000000
    vertex 184.070755 -249.447144 -250.000000
  endloop
endfacet
facet normal -128.166199 158.561707 0.000000
  outer loop
    vertex 184.389160 -249.193024 250.000000
    vertex 184.706284 -248.936691 250.000000
    vertex 184.706284 -248.936691 -250.000000
  endloop
endfacet
facet normal -128.166199 158.561707 0.000000
  outer loop
    vertex 184.389160 -249.193024 250.000000
    vertex 184.706284 -248.936691 -250.000000
    vertex 184.389160 -249.193024 -250.000000
  endloop
endfacet
facet normal -129.325867 157.890320 0.000000
  outer loop
    vertex 184.706284 -248.936691 250.000000
    vertex 185.022064 -248.678040 250.000000
    vertex 185.022064 -248.678040 -250.000000
  endloop
endfacet
facet normal -129.325867 157.890320 0.000000
  outer loop
    vertex 184.706284 -248.936691 250.000000
    vertex 185.022064 -248.678040 -250.000000
    vertex 184.706284 -248.936691 -250.000000
  endloop
endfacet
facet normal -130.523682 157.203674 0.000000
  outer loop
    vertex 185.022064 -248.678040 250.000000
    vertex 185.336472 -248.416992 250.000000
    vertex 185.336472 -248.416992 -250.000000
  endloop
endfacet
facet normal -130.523682 157.203674 0.000000
  outer loop
    vertex 185.022064 -248.678040 250.000000
    vertex 185.336472 -248.416992 -250.000000
    vertex 185.022064 -248.678040 -250.000000
  endloop
endfacet
facet normal -131.752014 156.494141 0.000000
  outer loop
    vertex 185.336472 -248.416992 250.000000
    vertex 185.649460 -248.153488 250.000000
    vertex 185.649460 -248.153488 -250.000000
  endloop
endfacet
facet normal -131.752014 156.494141 0.000000
  outer loop
    vertex 185.336472 -248.416992 250.000000
    vertex 185.649460 -248.153488 -250.000000
    vertex 185.336472 -248.416992 -250.000000
  endloop
endfacet
facet normal -133.056641 155.738831 0.000000
  outer loop
    vertex 185.649460 -248.153488 250.000000
    vertex 185.960938 -247.887375 250.000000
    vertex 185.960938 -247.887375 -250.000000
  endloop
endfacet
facet normal -133.056641 155.738831 0.000000
  outer loop
    vertex 185.649460 -248.153488 250.000000
    vertex 185.960938 -247.887375 -250.000000
    vertex 185.649460 -248.153488 -250.000000
  endloop
endfacet
facet normal -134.376526 154.975891 0.000000
  outer loop
    vertex 185.960938 -247.887375 250.000000
    vertex 186.270889 -247.618622 250.000000
    vertex 186.270889 -247.618622 -250.000000
  endloop
endfacet
facet normal -134.376526 154.975891 0.000000
  outer loop
    vertex 185.960938 -247.887375 250.000000
    vertex 186.270889 -247.618622 -250.000000
    vertex 185.960938 -247.887375 -250.000000
  endloop
endfacet
facet normal -135.765076 154.174805 0.000000
  outer loop
    vertex 186.270889 -247.618622 250.000000
    vertex 186.579239 -247.347092 250.000000
    vertex 186.579239 -247.347092 -250.000000
  endloop
endfacet
facet normal -135.765076 154.174805 0.000000
  outer loop
    vertex 186.270889 -247.618622 250.000000
    vertex 186.579239 -247.347092 -250.000000
    vertex 186.270889 -247.618622 -250.000000
  endloop
endfacet
facet normal -137.229919 153.335571 0.000000
  outer loop
    vertex 186.579239 -247.347092 250.000000
    vertex 186.885910 -247.072632 250.000000
    vertex 186.885910 -247.072632 -250.000000
  endloop
endfacet
facet normal -137.229919 153.335571 0.000000
  outer loop
    vertex 186.579239 -247.347092 250.000000
    vertex 186.885910 -247.072632 -250.000000
    vertex 186.579239 -247.347092 -250.000000
  endloop
endfacet
facet normal -138.710022 152.473450 0.000000
  outer loop
    vertex 186.885910 -247.072632 250.000000
    vertex 187.190857 -246.795212 250.000000
    vertex 187.190857 -246.795212 -250.000000
  endloop
endfacet
facet normal -138.710022 152.473450 0.000000
  outer loop
    vertex 186.885910 -247.072632 250.000000
    vertex 187.190857 -246.795212 -250.000000
    vertex 186.885910 -247.072632 -250.000000
  endloop
endfacet
facet normal -140.312195 151.550293 0.000000
  outer loop
    vertex 187.190857 -246.795212 250.000000
    vertex 187.493958 -246.514587 250.000000
    vertex 187.493958 -246.514587 -250.000000
  endloop
endfacet
facet normal -140.312195 151.550293 0.000000
  outer loop
    vertex 187.190857 -246.795212 250.000000
    vertex 187.493958 -246.514587 -250.000000
    vertex 187.190857 -246.795212 -250.000000
  endloop
endfacet
facet normal -141.937256 150.611877 0.000000
  outer loop
    vertex 187.493958 -246.514587 250.000000
    vertex 187.795181 -246.230713 250.000000
    vertex 187.795181 -246.230713 -250.000000
  endloop
endfacet
facet normal -141.937256 150.611877 0.000000
  outer loop
    vertex 187.493958 -246.514587 250.000000
    vertex 187.795181 -246.230713 -250.000000
    vertex 187.493958 -246.514587 -250.000000
  endloop
endfacet
facet normal -143.676758 149.604797 0.000000
  outer loop
    vertex 187.795181 -246.230713 250.000000
    vertex 188.094391 -245.943359 250.000000
    vertex 188.094391 -245.943359 -250.000000
  endloop
endfacet
facet normal -143.676758 149.604797 0.000000
  outer loop
    vertex 187.795181 -246.230713 250.000000
    vertex 188.094391 -245.943359 -250.000000
    vertex 187.795181 -246.230713 -250.000000
  endloop
endfacet
facet normal -145.515442 148.551941 0.000000
  outer loop
    vertex 188.094391 -245.943359 250.000000
    vertex 188.391495 -245.652328 250.000000
    vertex 188.391495 -245.652328 -250.000000
  endloop
endfacet
facet normal -145.515442 148.551941 0.000000
  outer loop
    vertex 188.094391 -245.943359 250.000000
    vertex 188.391495 -245.652328 -250.000000
    vertex 188.094391 -245.943359 -250.000000
  endloop
endfacet
facet normal -147.384644 147.460938 0.000000
  outer loop
    vertex 188.391495 -245.652328 250.000000
    vertex 188.686417 -245.357559 250.000000
    vertex 188.686417 -245.357559 -250.000000
  endloop
endfacet
facet normal -147.384644 147.460938 0.000000
  outer loop
    vertex 188.391495 -245.652328 250.000000
    vertex 188.686417 -245.357559 -250.000000
    vertex 188.391495 -245.652328 -250.000000
  endloop
endfacet
facet normal -149.467468 146.270752 0.000000
  outer loop
    vertex 188.686417 -245.357559 250.000000
    vertex 188.978958 -245.058624 250.000000
    vertex 188.978958 -245.058624 -250.000000
  endloop
endfacet
facet normal -149.467468 146.270752 0.000000
  outer loop
    vertex 188.686417 -245.357559 250.000000
    vertex 188.978958 -245.058624 -250.000000
    vertex 188.686417 -245.357559 -250.000000
  endloop
endfacet
facet normal -151.557922 145.057678 0.000000
  outer loop
    vertex 188.978958 -245.058624 250.000000
    vertex 189.269073 -244.755508 250.000000
    vertex 189.269073 -244.755508 -250.000000
  endloop
endfacet
facet normal -151.557922 145.057678 0.000000
  outer loop
    vertex 188.978958 -245.058624 250.000000
    vertex 189.269073 -244.755508 -250.000000
    vertex 188.978958 -245.058624 -250.000000
  endloop
endfacet
facet normal -153.869629 143.722534 0.000000
  outer loop
    vertex 189.269073 -244.755508 250.000000
    vertex 189.556519 -244.447769 250.000000
    vertex 189.556519 -244.447769 -250.000000
  endloop
endfacet
facet normal -153.869629 143.722534 0.000000
  outer loop
    vertex 189.269073 -244.755508 250.000000
    vertex 189.556519 -244.447769 -250.000000
    vertex 189.269073 -244.755508 -250.000000
  endloop
endfacet
facet normal -156.311035 142.311096 0.000000
  outer loop
    vertex 189.556519 -244.447769 250.000000
    vertex 189.841141 -244.135147 250.000000
    vertex 189.841141 -244.135147 -250.000000
  endloop
endfacet
facet normal -156.311035 142.311096 0.000000
  outer loop
    vertex 189.556519 -244.447769 250.000000
    vertex 189.841141 -244.135147 -250.000000
    vertex 189.556519 -244.447769 -250.000000
  endloop
endfacet
facet normal -158.843994 140.853882 0.000000
  outer loop
    vertex 189.841141 -244.135147 250.000000
    vertex 190.122849 -243.817459 250.000000
    vertex 190.122849 -243.817459 -250.000000
  endloop
endfacet
facet normal -158.843994 140.853882 0.000000
  outer loop
    vertex 189.841141 -244.135147 250.000000
    vertex 190.122849 -243.817459 -250.000000
    vertex 189.841141 -244.135147 -250.000000
  endloop
endfacet
facet normal -161.727905 139.183044 0.000000
  outer loop
    vertex 190.122849 -243.817459 250.000000
    vertex 190.401215 -243.494003 250.000000
    vertex 190.401215 -243.494003 -250.000000
  endloop
endfacet
facet normal -161.727905 139.183044 0.000000
  outer loop
    vertex 190.122849 -243.817459 250.000000
    vertex 190.401215 -243.494003 -250.000000
    vertex 190.122849 -243.817459 -250.000000
  endloop
endfacet
facet normal -164.665222 137.496948 0.000000
  outer loop
    vertex 190.401215 -243.494003 250.000000
    vertex 190.676208 -243.164673 250.000000
    vertex 190.676208 -243.164673 -250.000000
  endloop
endfacet
facet normal -164.665222 137.496948 0.000000
  outer loop
    vertex 190.401215 -243.494003 250.000000
    vertex 190.676208 -243.164673 -250.000000
    vertex 190.401215 -243.494003 -250.000000
  endloop
endfacet
facet normal -167.999268 135.559082 0.000000
  outer loop
    vertex 190.676208 -243.164673 250.000000
    vertex 190.947327 -242.828674 250.000000
    vertex 190.947327 -242.828674 -250.000000
  endloop
endfacet
facet normal -167.999268 135.559082 0.000000
  outer loop
    vertex 190.676208 -243.164673 250.000000
    vertex 190.947327 -242.828674 -250.000000
    vertex 190.676208 -243.164673 -250.000000
  endloop
endfacet
facet normal -171.600342 133.483887 0.000000
  outer loop
    vertex 190.947327 -242.828674 250.000000
    vertex 191.214294 -242.485474 250.000000
    vertex 191.214294 -242.485474 -250.000000
  endloop
endfacet
facet normal -171.600342 133.483887 0.000000
  outer loop
    vertex 190.947327 -242.828674 250.000000
    vertex 191.214294 -242.485474 -250.000000
    vertex 190.947327 -242.828674 -250.000000
  endloop
endfacet
facet normal -175.422668 131.286621 0.000000
  outer loop
    vertex 191.214294 -242.485474 250.000000
    vertex 191.476868 -242.134628 250.000000
    vertex 191.476868 -242.134628 -250.000000
  endloop
endfacet
facet normal -175.422668 131.286621 0.000000
  outer loop
    vertex 191.214294 -242.485474 250.000000
    vertex 191.476868 -242.134628 -250.000000
    vertex 191.214294 -242.485474 -250.000000
  endloop
endfacet
facet normal -179.992676 128.639221 0.000000
  outer loop
    vertex 191.476868 -242.134628 250.000000
    vertex 191.734146 -241.774643 250.000000
    vertex 191.734146 -241.774643 -250.000000
  endloop
endfacet
facet normal -179.992676 128.639221 0.000000
  outer loop
    vertex 191.476868 -242.134628 250.000000
    vertex 191.734146 -241.774643 -250.000000
    vertex 191.476868 -242.134628 -250.000000
  endloop
endfacet
facet normal -184.661865 125.946045 0.000000
  outer loop
    vertex 191.734146 -241.774643 250.000000
    vertex 191.986038 -241.405319 250.000000
    vertex 191.986038 -241.405319 -250.000000
  endloop
endfacet
facet normal -184.661865 125.946045 0.000000
  outer loop
    vertex 191.734146 -241.774643 250.000000
    vertex 191.986038 -241.405319 -250.000000
    vertex 191.734146 -241.774643 -250.000000
  endloop
endfacet
facet normal -190.422058 122.619629 0.000000
  outer loop
    vertex 191.986038 -241.405319 250.000000
    vertex 192.231277 -241.024475 250.000000
    vertex 192.231277 -241.024475 -250.000000
  endloop
endfacet
facet normal -190.422058 122.619629 0.000000
  outer loop
    vertex 191.986038 -241.405319 250.000000
    vertex 192.231277 -241.024475 -250.000000
    vertex 191.986038 -241.405319 -250.000000
  endloop
endfacet
facet normal -196.807861 118.927002 0.000000
  outer loop
    vertex 192.231277 -241.024475 250.000000
    vertex 192.469131 -240.630859 250.000000
    vertex 192.469131 -240.630859 -250.000000
  endloop
endfacet
facet normal -196.807861 118.927002 0.000000
  outer loop
    vertex 192.231277 -241.024475 250.000000
    vertex 192.469131 -240.630859 -250.000000
    vertex 192.231277 -241.024475 -250.000000
  endloop
endfacet
facet normal -203.971863 114.807129 0.000000
  outer loop
    vertex 192.469131 -240.630859 250.000000
    vertex 192.698746 -240.222916 250.000000
    vertex 192.698746 -240.222916 -250.000000
  endloop
endfacet
facet normal -203.971863 114.807129 0.000000
  outer loop
    vertex 192.469131 -240.630859 250.000000
    vertex 192.698746 -240.222916 -250.000000
    vertex 192.469131 -240.630859 -250.000000
  endloop
endfacet
facet normal -213.554382 109.260559 0.000000
  outer loop
    vertex 192.698746 -240.222916 250.000000
    vertex 192.917267 -239.795807 250.000000
    vertex 192.917267 -239.795807 -250.000000
  endloop
endfacet
facet normal -213.554382 109.260559 0.000000
  outer loop
    vertex 192.698746 -240.222916 250.000000
    vertex 192.917267 -239.795807 -250.000000
    vertex 192.698746 -240.222916 -250.000000
  endloop
endfacet
facet normal -223.495483 103.523254 0.000000
  outer loop
    vertex 192.917267 -239.795807 250.000000
    vertex 193.124313 -239.348816 250.000000
    vertex 193.124313 -239.348816 -250.000000
  endloop
endfacet
facet normal -223.495483 103.523254 0.000000
  outer loop
    vertex 192.917267 -239.795807 250.000000
    vertex 193.124313 -239.348816 -250.000000
    vertex 192.917267 -239.795807 -250.000000
  endloop
endfacet
facet normal -239.143372 94.490051 0.000000
  outer loop
    vertex 193.124313 -239.348816 250.000000
    vertex 193.313293 -238.870529 250.000000
    vertex 193.313293 -238.870529 -250.000000
  endloop
endfacet
facet normal -239.143372 94.490051 0.000000
  outer loop
    vertex 193.124313 -239.348816 250.000000
    vertex 193.313293 -238.870529 -250.000000
    vertex 193.124313 -239.348816 -250.000000
  endloop
endfacet
facet normal -257.652283 83.801270 0.000000
  outer loop
    vertex 193.313293 -238.870529 250.000000
    vertex 193.480896 -238.355225 250.000000
    vertex 193.480896 -238.355225 -250.000000
  endloop
endfacet
facet normal -257.652283 83.801270 0.000000
  outer loop
    vertex 193.313293 -238.870529 250.000000
    vertex 193.480896 -238.355225 -250.000000
    vertex 193.313293 -238.870529 -250.000000
  endloop
endfacet
facet normal -299.102783 59.875488 0.000000
  outer loop
    vertex 193.480896 -238.355225 250.000000
    vertex 193.600647 -237.757019 250.000000
    vertex 193.600647 -237.757019 -250.000000
  endloop
endfacet
facet normal -299.102783 59.875488 0.000000
  outer loop
    vertex 193.480896 -238.355225 250.000000
    vertex 193.600647 -237.757019 -250.000000
    vertex 193.480896 -238.355225 -250.000000
  endloop
endfacet
facet normal -405.548096 -1.586914 0.000000
  outer loop
    vertex 193.600647 -237.757019 250.000000
    vertex 193.597473 -236.945923 250.000000
    vertex 193.597473 -236.945923 -250.000000
  endloop
endfacet
facet normal -405.548096 -1.586914 -0.000000
  outer loop
    vertex 193.600647 -237.757019 250.000000
    vertex 193.597473 -236.945923 -250.000000
    vertex 193.600647 -237.757019 -250.000000
  endloop
endfacet
facet normal -507.675171 -62.889099 0.000000
  outer loop
    vertex 193.597473 -236.945923 250.000000
    vertex 193.471695 -235.930573 250.000000
    vertex 193.471695 -235.930573 -250.000000
  endloop
endfacet
facet normal -507.675171 -62.889099 -0.000000
  outer loop
    vertex 193.597473 -236.945923 250.000000
    vertex 193.471695 -235.930573 -250.000000
    vertex 193.597473 -236.945923 -250.000000
  endloop
endfacet
facet normal -387.107849 -58.753967 0.000000
  outer loop
    vertex 193.471695 -235.930573 250.000000
    vertex 193.354187 -235.156357 250.000000
    vertex 193.354187 -235.156357 -250.000000
  endloop
endfacet
facet normal -387.107849 -58.753967 -0.000000
  outer loop
    vertex 193.471695 -235.930573 250.000000
    vertex 193.354187 -235.156357 -250.000000
    vertex 193.471695 -235.930573 -250.000000
  endloop
endfacet
facet normal -166.999817 -25.337219 0.000000
  outer loop
    vertex 193.354187 -235.156357 250.000000
    vertex 193.303513 -234.822357 250.000000
    vertex 193.303513 -234.822357 -250.000000
  endloop
endfacet
facet normal -166.999817 -25.337219 -0.000000
  outer loop
    vertex 193.354187 -235.156357 250.000000
    vertex 193.303513 -234.822357 -250.000000
    vertex 193.354187 -235.156357 -250.000000
  endloop
endfacet
facet normal -45.555115 -48.904419 0.000000
  outer loop
    vertex 193.303513 -234.822357 250.000000
    vertex 193.205704 -234.731247 250.000000
    vertex 193.205704 -234.731247 -250.000000
  endloop
endfacet
facet normal -45.555115 -48.904419 -0.000000
  outer loop
    vertex 193.303513 -234.822357 250.000000
    vertex 193.205704 -234.731247 -250.000000
    vertex 193.303513 -234.822357 -250.000000
  endloop
endfacet
facet normal -172.515869 -215.888977 0.000000
  outer loop
    vertex 193.205704 -234.731247 250.000000
    vertex 192.773926 -234.386215 250.000000
    vertex 192.773926 -234.386215 -250.000000
  endloop
endfacet
facet normal -172.515869 -215.888977 -0.000000
  outer loop
    vertex 193.205704 -234.731247 250.000000
    vertex 192.773926 -234.386215 -250.000000
    vertex 193.205704 -234.731247 -250.000000
  endloop
endfacet
facet normal -303.161621 -381.851196 0.000000
  outer loop
    vertex 192.773926 -234.386215 250.000000
    vertex 192.010223 -233.779892 250.000000
    vertex 192.010223 -233.779892 -250.000000
  endloop
endfacet
facet normal -303.161621 -381.851196 -0.000000
  outer loop
    vertex 192.773926 -234.386215 250.000000
    vertex 192.010223 -233.779892 -250.000000
    vertex 192.773926 -234.386215 -250.000000
  endloop
endfacet
facet normal -261.276245 -383.399963 0.000000
  outer loop
    vertex 192.010223 -233.779892 250.000000
    vertex 191.243423 -233.257339 250.000000
    vertex 191.243423 -233.257339 -250.000000
  endloop
endfacet
facet normal -261.276245 -383.399963 -0.000000
  outer loop
    vertex 192.010223 -233.779892 250.000000
    vertex 191.243423 -233.257339 -250.000000
    vertex 192.010223 -233.779892 -250.000000
  endloop
endfacet
facet normal -150.863647 -319.664001 0.000000
  outer loop
    vertex 191.243423 -233.257339 250.000000
    vertex 190.604095 -232.955612 250.000000
    vertex 190.604095 -232.955612 -250.000000
  endloop
endfacet
facet normal -150.863647 -319.664001 -0.000000
  outer loop
    vertex 191.243423 -233.257339 250.000000
    vertex 190.604095 -232.955612 -250.000000
    vertex 191.243423 -233.257339 -250.000000
  endloop
endfacet
facet normal -68.138123 -271.896362 0.000000
  outer loop
    vertex 190.604095 -232.955612 250.000000
    vertex 190.060303 -232.819336 250.000000
    vertex 190.060303 -232.819336 -250.000000
  endloop
endfacet
facet normal -68.138123 -271.896362 -0.000000
  outer loop
    vertex 190.604095 -232.955612 250.000000
    vertex 190.060303 -232.819336 -250.000000
    vertex 190.604095 -232.955612 -250.000000
  endloop
endfacet
facet normal -47.317505 -259.880066 0.000000
  outer loop
    vertex 190.060303 -232.819336 250.000000
    vertex 189.540543 -232.724701 250.000000
    vertex 189.540543 -232.724701 -250.000000
  endloop
endfacet
facet normal -47.317505 -259.880066 -0.000000
  outer loop
    vertex 190.060303 -232.819336 250.000000
    vertex 189.540543 -232.724701 -250.000000
    vertex 190.060303 -232.819336 -250.000000
  endloop
endfacet
facet normal -29.174805 -249.404907 0.000000
  outer loop
    vertex 189.540543 -232.724701 250.000000
    vertex 189.041733 -232.666351 250.000000
    vertex 189.041733 -232.666351 -250.000000
  endloop
endfacet
facet normal -29.174805 -249.404907 -0.000000
  outer loop
    vertex 189.540543 -232.724701 250.000000
    vertex 189.041733 -232.666351 -250.000000
    vertex 189.540543 -232.724701 -250.000000
  endloop
endfacet
facet normal -17.219543 -242.500305 0.000000
  outer loop
    vertex 189.041733 -232.666351 250.000000
    vertex 188.556732 -232.631912 250.000000
    vertex 188.556732 -232.631912 -250.000000
  endloop
endfacet
facet normal -17.219543 -242.500305 -0.000000
  outer loop
    vertex 189.041733 -232.666351 250.000000
    vertex 188.556732 -232.631912 -250.000000
    vertex 189.041733 -232.666351 -250.000000
  endloop
endfacet
facet normal -7.438660 -236.854553 0.000000
  outer loop
    vertex 188.556732 -232.631912 250.000000
    vertex 188.083023 -232.617035 250.000000
    vertex 188.083023 -232.617035 -250.000000
  endloop
endfacet
facet normal -7.438660 -236.854553 -0.000000
  outer loop
    vertex 188.556732 -232.631912 250.000000
    vertex 188.083023 -232.617035 -250.000000
    vertex 188.556732 -232.631912 -250.000000
  endloop
endfacet
facet normal 1.228333 -231.857300 0.000000
  outer loop
    vertex 188.083023 -232.617035 250.000000
    vertex 187.619308 -232.619492 250.000000
    vertex 187.619308 -232.619492 -250.000000
  endloop
endfacet
facet normal 1.228333 -231.857300 0.000000
  outer loop
    vertex 188.083023 -232.617035 250.000000
    vertex 187.619308 -232.619492 -250.000000
    vertex 188.083023 -232.617035 -250.000000
  endloop
endfacet
facet normal 7.675171 -228.126526 0.000000
  outer loop
    vertex 187.619308 -232.619492 250.000000
    vertex 187.163055 -232.634842 250.000000
    vertex 187.163055 -232.634842 -250.000000
  endloop
endfacet
facet normal 7.675171 -228.126526 0.000000
  outer loop
    vertex 187.619308 -232.619492 250.000000
    vertex 187.163055 -232.634842 -250.000000
    vertex 187.619308 -232.619492 -250.000000
  endloop
endfacet
facet normal 13.961792 -224.494934 0.000000
  outer loop
    vertex 187.163055 -232.634842 250.000000
    vertex 186.714066 -232.662766 250.000000
    vertex 186.714066 -232.662766 -250.000000
  endloop
endfacet
facet normal 13.961792 -224.494934 0.000000
  outer loop
    vertex 187.163055 -232.634842 250.000000
    vertex 186.714066 -232.662766 -250.000000
    vertex 187.163055 -232.634842 -250.000000
  endloop
endfacet
facet normal 19.012451 -221.588135 0.000000
  outer loop
    vertex 186.714066 -232.662766 250.000000
    vertex 186.270889 -232.700790 250.000000
    vertex 186.270889 -232.700790 -250.000000
  endloop
endfacet
facet normal 19.012451 -221.588135 0.000000
  outer loop
    vertex 186.714066 -232.662766 250.000000
    vertex 186.270889 -232.700790 -250.000000
    vertex 186.714066 -232.662766 -250.000000
  endloop
endfacet
facet normal 23.643494 -218.910217 0.000000
  outer loop
    vertex 186.270889 -232.700790 250.000000
    vertex 185.833069 -232.748077 250.000000
    vertex 185.833069 -232.748077 -250.000000
  endloop
endfacet
facet normal 23.643494 -218.910217 0.000000
  outer loop
    vertex 186.270889 -232.700790 250.000000
    vertex 185.833069 -232.748077 -250.000000
    vertex 186.270889 -232.700790 -250.000000
  endloop
endfacet
facet normal 27.923584 -216.438293 0.000000
  outer loop
    vertex 185.833069 -232.748077 250.000000
    vertex 185.400192 -232.803925 250.000000
    vertex 185.400192 -232.803925 -250.000000
  endloop
endfacet
facet normal 27.923584 -216.438293 0.000000
  outer loop
    vertex 185.833069 -232.748077 250.000000
    vertex 185.400192 -232.803925 -250.000000
    vertex 185.833069 -232.748077 -250.000000
  endloop
endfacet
facet normal 31.539917 -214.347839 0.000000
  outer loop
    vertex 185.400192 -232.803925 250.000000
    vertex 184.971497 -232.867004 250.000000
    vertex 184.971497 -232.867004 -250.000000
  endloop
endfacet
facet normal 31.539917 -214.347839 0.000000
  outer loop
    vertex 185.400192 -232.803925 250.000000
    vertex 184.971497 -232.867004 -250.000000
    vertex 185.400192 -232.803925 -250.000000
  endloop
endfacet
facet normal 35.095215 -212.295532 0.000000
  outer loop
    vertex 184.971497 -232.867004 250.000000
    vertex 184.546906 -232.937195 250.000000
    vertex 184.546906 -232.937195 -250.000000
  endloop
endfacet
facet normal 35.095215 -212.295532 0.000000
  outer loop
    vertex 184.971497 -232.867004 250.000000
    vertex 184.546906 -232.937195 -250.000000
    vertex 184.971497 -232.867004 -250.000000
  endloop
endfacet
facet normal 38.162231 -210.533142 0.000000
  outer loop
    vertex 184.546906 -232.937195 250.000000
    vertex 184.125839 -233.013519 250.000000
    vertex 184.125839 -233.013519 -250.000000
  endloop
endfacet
facet normal 38.162231 -210.533142 0.000000
  outer loop
    vertex 184.546906 -232.937195 250.000000
    vertex 184.125839 -233.013519 -250.000000
    vertex 184.546906 -232.937195 -250.000000
  endloop
endfacet
facet normal 41.076660 -208.839417 0.000000
  outer loop
    vertex 184.125839 -233.013519 250.000000
    vertex 183.708160 -233.095673 250.000000
    vertex 183.708160 -233.095673 -250.000000
  endloop
endfacet
facet normal 41.076660 -208.839417 0.000000
  outer loop
    vertex 184.125839 -233.013519 250.000000
    vertex 183.708160 -233.095673 -250.000000
    vertex 184.125839 -233.013519 -250.000000
  endloop
endfacet
facet normal 43.823242 -207.260132 0.000000
  outer loop
    vertex 183.708160 -233.095673 250.000000
    vertex 183.293640 -233.183319 250.000000
    vertex 183.293640 -233.183319 -250.000000
  endloop
endfacet
facet normal 43.823242 -207.260132 0.000000
  outer loop
    vertex 183.708160 -233.095673 250.000000
    vertex 183.293640 -233.183319 -250.000000
    vertex 183.708160 -233.095673 -250.000000
  endloop
endfacet
facet normal 46.272278 -205.841064 0.000000
  outer loop
    vertex 183.293640 -233.183319 250.000000
    vertex 182.881958 -233.275864 250.000000
    vertex 182.881958 -233.275864 -250.000000
  endloop
endfacet
facet normal 46.272278 -205.841064 0.000000
  outer loop
    vertex 183.293640 -233.183319 250.000000
    vertex 182.881958 -233.275864 -250.000000
    vertex 183.293640 -233.183319 -250.000000
  endloop
endfacet
facet normal 48.690796 -204.452515 0.000000
  outer loop
    vertex 182.881958 -233.275864 250.000000
    vertex 182.473053 -233.373245 250.000000
    vertex 182.473053 -233.373245 -250.000000
  endloop
endfacet
facet normal 48.690796 -204.452515 0.000000
  outer loop
    vertex 182.881958 -233.275864 250.000000
    vertex 182.473053 -233.373245 -250.000000
    vertex 182.881958 -233.275864 -250.000000
  endloop
endfacet
facet normal 50.857544 -203.193665 0.000000
  outer loop
    vertex 182.473053 -233.373245 250.000000
    vertex 182.066666 -233.474960 250.000000
    vertex 182.066666 -233.474960 -250.000000
  endloop
endfacet
facet normal 50.857544 -203.193665 0.000000
  outer loop
    vertex 182.473053 -233.373245 250.000000
    vertex 182.066666 -233.474960 -250.000000
    vertex 182.473053 -233.373245 -250.000000
  endloop
endfacet
facet normal 52.955627 -201.988220 0.000000
  outer loop
    vertex 182.066666 -233.474960 250.000000
    vertex 181.662689 -233.580872 250.000000
    vertex 181.662689 -233.580872 -250.000000
  endloop
endfacet
facet normal 52.955627 -201.988220 0.000000
  outer loop
    vertex 182.066666 -233.474960 250.000000
    vertex 181.662689 -233.580872 -250.000000
    vertex 182.066666 -233.474960 -250.000000
  endloop
endfacet
facet normal 54.939270 -200.843811 0.000000
  outer loop
    vertex 181.662689 -233.580872 250.000000
    vertex 181.261002 -233.690750 250.000000
    vertex 181.261002 -233.690750 -250.000000
  endloop
endfacet
facet normal 54.939270 -200.843811 0.000000
  outer loop
    vertex 181.662689 -233.580872 250.000000
    vertex 181.261002 -233.690750 -250.000000
    vertex 181.662689 -233.580872 -250.000000
  endloop
endfacet
facet normal 56.777954 -199.775696 0.000000
  outer loop
    vertex 181.261002 -233.690750 250.000000
    vertex 180.861450 -233.804306 250.000000
    vertex 180.861450 -233.804306 -250.000000
  endloop
endfacet
facet normal 56.777954 -199.775696 0.000000
  outer loop
    vertex 181.261002 -233.690750 250.000000
    vertex 180.861450 -233.804306 -250.000000
    vertex 181.261002 -233.690750 -250.000000
  endloop
endfacet
facet normal 58.586121 -198.738098 0.000000
  outer loop
    vertex 180.861450 -233.804306 250.000000
    vertex 180.463974 -233.921478 250.000000
    vertex 180.463974 -233.921478 -250.000000
  endloop
endfacet
facet normal 58.586121 -198.738098 0.000000
  outer loop
    vertex 180.861450 -233.804306 250.000000
    vertex 180.463974 -233.921478 -250.000000
    vertex 180.861450 -233.804306 -250.000000
  endloop
endfacet
facet normal 60.249329 -197.776794 0.000000
  outer loop
    vertex 180.463974 -233.921478 250.000000
    vertex 180.068420 -234.041977 250.000000
    vertex 180.068420 -234.041977 -250.000000
  endloop
endfacet
facet normal 60.249329 -197.776794 0.000000
  outer loop
    vertex 180.463974 -233.921478 250.000000
    vertex 180.068420 -234.041977 -250.000000
    vertex 180.463974 -233.921478 -250.000000
  endloop
endfacet
facet normal 61.874390 -196.830750 0.000000
  outer loop
    vertex 180.068420 -234.041977 250.000000
    vertex 179.674759 -234.165726 250.000000
    vertex 179.674759 -234.165726 -250.000000
  endloop
endfacet
facet normal 61.874390 -196.830750 0.000000
  outer loop
    vertex 180.068420 -234.041977 250.000000
    vertex 179.674759 -234.165726 -250.000000
    vertex 180.068420 -234.041977 -250.000000
  endloop
endfacet
facet normal 63.415527 -195.945740 0.000000
  outer loop
    vertex 179.674759 -234.165726 250.000000
    vertex 179.282867 -234.292557 250.000000
    vertex 179.282867 -234.292557 -250.000000
  endloop
endfacet
facet normal 63.415527 -195.945740 0.000000
  outer loop
    vertex 179.674759 -234.165726 250.000000
    vertex 179.282867 -234.292557 -250.000000
    vertex 179.674759 -234.165726 -250.000000
  endloop
endfacet
facet normal 64.880371 -195.098877 0.000000
  outer loop
    vertex 179.282867 -234.292557 250.000000
    vertex 178.892670 -234.422318 250.000000
    vertex 178.892670 -234.422318 -250.000000
  endloop
endfacet
facet normal 64.880371 -195.098877 0.000000
  outer loop
    vertex 179.282867 -234.292557 250.000000
    vertex 178.892670 -234.422318 -250.000000
    vertex 179.282867 -234.292557 -250.000000
  endloop
endfacet
facet normal 66.329956 -194.274902 0.000000
  outer loop
    vertex 178.892670 -234.422318 250.000000
    vertex 178.504120 -234.554977 250.000000
    vertex 178.504120 -234.554977 -250.000000
  endloop
endfacet
facet normal 66.329956 -194.274902 0.000000
  outer loop
    vertex 178.892670 -234.422318 250.000000
    vertex 178.504120 -234.554977 -250.000000
    vertex 178.892670 -234.422318 -250.000000
  endloop
endfacet
facet normal 67.657471 -193.489075 0.000000
  outer loop
    vertex 178.504120 -234.554977 250.000000
    vertex 178.117142 -234.690292 250.000000
    vertex 178.117142 -234.690292 -250.000000
  endloop
endfacet
facet normal 67.657471 -193.489075 0.000000
  outer loop
    vertex 178.504120 -234.554977 250.000000
    vertex 178.117142 -234.690292 -250.000000
    vertex 178.504120 -234.554977 -250.000000
  endloop
endfacet
facet normal 68.984985 -192.733765 0.000000
  outer loop
    vertex 178.117142 -234.690292 250.000000
    vertex 177.731674 -234.828262 250.000000
    vertex 177.731674 -234.828262 -250.000000
  endloop
endfacet
facet normal 68.984985 -192.733765 0.000000
  outer loop
    vertex 178.117142 -234.690292 250.000000
    vertex 177.731674 -234.828262 -250.000000
    vertex 178.117142 -234.690292 -250.000000
  endloop
endfacet
facet normal 70.251465 -192.001343 0.000000
  outer loop
    vertex 177.731674 -234.828262 250.000000
    vertex 177.347672 -234.968765 250.000000
    vertex 177.347672 -234.968765 -250.000000
  endloop
endfacet
facet normal 70.251465 -192.001343 0.000000
  outer loop
    vertex 177.731674 -234.828262 250.000000
    vertex 177.347672 -234.968765 -250.000000
    vertex 177.731674 -234.828262 -250.000000
  endloop
endfacet
facet normal 71.456909 -191.307068 0.000000
  outer loop
    vertex 177.347672 -234.968765 250.000000
    vertex 176.965057 -235.111679 250.000000
    vertex 176.965057 -235.111679 -250.000000
  endloop
endfacet
facet normal 71.456909 -191.307068 0.000000
  outer loop
    vertex 177.347672 -234.968765 250.000000
    vertex 176.965057 -235.111679 -250.000000
    vertex 177.347672 -234.968765 -250.000000
  endloop
endfacet
facet normal 72.647095 -190.612793 0.000000
  outer loop
    vertex 176.965057 -235.111679 250.000000
    vertex 176.583832 -235.256973 250.000000
    vertex 176.583832 -235.256973 -250.000000
  endloop
endfacet
facet normal 72.647095 -190.612793 0.000000
  outer loop
    vertex 176.965057 -235.111679 250.000000
    vertex 176.583832 -235.256973 -250.000000
    vertex 176.965057 -235.111679 -250.000000
  endloop
endfacet
facet normal 73.768616 -189.971924 0.000000
  outer loop
    vertex 176.583832 -235.256973 250.000000
    vertex 176.203888 -235.404510 250.000000
    vertex 176.203888 -235.404510 -250.000000
  endloop
endfacet
facet normal 73.768616 -189.971924 0.000000
  outer loop
    vertex 176.583832 -235.256973 250.000000
    vertex 176.203888 -235.404510 -250.000000
    vertex 176.583832 -235.256973 -250.000000
  endloop
endfacet
facet normal 74.882507 -189.323425 0.000000
  outer loop
    vertex 176.203888 -235.404510 250.000000
    vertex 175.825241 -235.554276 250.000000
    vertex 175.825241 -235.554276 -250.000000
  endloop
endfacet
facet normal 74.882507 -189.323425 0.000000
  outer loop
    vertex 176.203888 -235.404510 250.000000
    vertex 175.825241 -235.554276 -250.000000
    vertex 176.203888 -235.404510 -250.000000
  endloop
endfacet
facet normal 75.942993 -188.713074 0.000000
  outer loop
    vertex 175.825241 -235.554276 250.000000
    vertex 175.447815 -235.706161 250.000000
    vertex 175.447815 -235.706161 -250.000000
  endloop
endfacet
facet normal 75.942993 -188.713074 0.000000
  outer loop
    vertex 175.825241 -235.554276 250.000000
    vertex 175.447815 -235.706161 -250.000000
    vertex 175.825241 -235.554276 -250.000000
  endloop
endfacet
facet normal 76.972961 -188.125610 0.000000
  outer loop
    vertex 175.447815 -235.706161 250.000000
    vertex 175.071564 -235.860107 250.000000
    vertex 175.071564 -235.860107 -250.000000
  endloop
endfacet
facet normal 76.972961 -188.125610 0.000000
  outer loop
    vertex 175.447815 -235.706161 250.000000
    vertex 175.071564 -235.860107 -250.000000
    vertex 175.447815 -235.706161 -250.000000
  endloop
endfacet
facet normal 77.987671 -187.530518 0.000000
  outer loop
    vertex 175.071564 -235.860107 250.000000
    vertex 174.696503 -236.016083 250.000000
    vertex 174.696503 -236.016083 -250.000000
  endloop
endfacet
facet normal 77.987671 -187.530518 0.000000
  outer loop
    vertex 175.071564 -235.860107 250.000000
    vertex 174.696503 -236.016083 -250.000000
    vertex 175.071564 -235.860107 -250.000000
  endloop
endfacet
facet normal 78.948975 -186.981201 0.000000
  outer loop
    vertex 174.696503 -236.016083 250.000000
    vertex 174.322540 -236.173981 250.000000
    vertex 174.322540 -236.173981 -250.000000
  endloop
endfacet
facet normal 78.948975 -186.981201 0.000000
  outer loop
    vertex 174.696503 -236.016083 250.000000
    vertex 174.322540 -236.173981 -250.000000
    vertex 174.696503 -236.016083 -250.000000
  endloop
endfacet
facet normal 79.902649 -186.424255 0.000000
  outer loop
    vertex 174.322540 -236.173981 250.000000
    vertex 173.949692 -236.333786 250.000000
    vertex 173.949692 -236.333786 -250.000000
  endloop
endfacet
facet normal 79.902649 -186.424255 0.000000
  outer loop
    vertex 174.322540 -236.173981 250.000000
    vertex 173.949692 -236.333786 -250.000000
    vertex 174.322540 -236.173981 -250.000000
  endloop
endfacet
facet normal 80.818176 -185.897827 0.000000
  outer loop
    vertex 173.949692 -236.333786 250.000000
    vertex 173.577896 -236.495422 250.000000
    vertex 173.577896 -236.495422 -250.000000
  endloop
endfacet
facet normal 80.818176 -185.897827 0.000000
  outer loop
    vertex 173.949692 -236.333786 250.000000
    vertex 173.577896 -236.495422 -250.000000
    vertex 173.949692 -236.333786 -250.000000
  endloop
endfacet
facet normal 81.710815 -185.386658 0.000000
  outer loop
    vertex 173.577896 -236.495422 250.000000
    vertex 173.207123 -236.658844 250.000000
    vertex 173.207123 -236.658844 -250.000000
  endloop
endfacet
facet normal 81.710815 -185.386658 0.000000
  outer loop
    vertex 173.577896 -236.495422 250.000000
    vertex 173.207123 -236.658844 -250.000000
    vertex 173.577896 -236.495422 -250.000000
  endloop
endfacet
facet normal 82.595825 -184.875488 0.000000
  outer loop
    vertex 173.207123 -236.658844 250.000000
    vertex 172.837372 -236.824036 250.000000
    vertex 172.837372 -236.824036 -250.000000
  endloop
endfacet
facet normal 82.595825 -184.875488 0.000000
  outer loop
    vertex 173.207123 -236.658844 250.000000
    vertex 172.837372 -236.824036 -250.000000
    vertex 173.207123 -236.658844 -250.000000
  endloop
endfacet
facet normal 83.435059 -184.387207 0.000000
  outer loop
    vertex 172.837372 -236.824036 250.000000
    vertex 172.468597 -236.990906 250.000000
    vertex 172.468597 -236.990906 -250.000000
  endloop
endfacet
facet normal 83.435059 -184.387207 0.000000
  outer loop
    vertex 172.837372 -236.824036 250.000000
    vertex 172.468597 -236.990906 -250.000000
    vertex 172.837372 -236.824036 -250.000000
  endloop
endfacet
facet normal 84.266663 -183.906555 0.000000
  outer loop
    vertex 172.468597 -236.990906 250.000000
    vertex 172.100784 -237.159439 250.000000
    vertex 172.100784 -237.159439 -250.000000
  endloop
endfacet
facet normal 84.266663 -183.906555 0.000000
  outer loop
    vertex 172.468597 -236.990906 250.000000
    vertex 172.100784 -237.159439 -250.000000
    vertex 172.468597 -236.990906 -250.000000
  endloop
endfacet
facet normal 85.075378 -183.441162 0.000000
  outer loop
    vertex 172.100784 -237.159439 250.000000
    vertex 171.733902 -237.329590 250.000000
    vertex 171.733902 -237.329590 -250.000000
  endloop
endfacet
facet normal 85.075378 -183.441162 0.000000
  outer loop
    vertex 172.100784 -237.159439 250.000000
    vertex 171.733902 -237.329590 -250.000000
    vertex 172.100784 -237.159439 -250.000000
  endloop
endfacet
facet normal 85.861206 -182.991028 0.000000
  outer loop
    vertex 171.733902 -237.329590 250.000000
    vertex 171.367920 -237.501312 250.000000
    vertex 171.367920 -237.501312 -250.000000
  endloop
endfacet
facet normal 85.861206 -182.991028 0.000000
  outer loop
    vertex 171.733902 -237.329590 250.000000
    vertex 171.367920 -237.501312 -250.000000
    vertex 171.733902 -237.329590 -250.000000
  endloop
endfacet
facet normal 86.631775 -182.540894 0.000000
  outer loop
    vertex 171.367920 -237.501312 250.000000
    vertex 171.002838 -237.674576 250.000000
    vertex 171.002838 -237.674576 -250.000000
  endloop
endfacet
facet normal 86.631775 -182.540894 0.000000
  outer loop
    vertex 171.367920 -237.501312 250.000000
    vertex 171.002838 -237.674576 -250.000000
    vertex 171.367920 -237.501312 -250.000000
  endloop
endfacet
facet normal 87.379456 -182.113647 0.000000
  outer loop
    vertex 171.002838 -237.674576 250.000000
    vertex 170.638611 -237.849335 250.000000
    vertex 170.638611 -237.849335 -250.000000
  endloop
endfacet
facet normal 87.379456 -182.113647 0.000000
  outer loop
    vertex 171.002838 -237.674576 250.000000
    vertex 170.638611 -237.849335 -250.000000
    vertex 171.002838 -237.674576 -250.000000
  endloop
endfacet
facet normal 88.119507 -181.686401 0.000000
  outer loop
    vertex 170.638611 -237.849335 250.000000
    vertex 170.275238 -238.025574 250.000000
    vertex 170.275238 -238.025574 -250.000000
  endloop
endfacet
facet normal 88.119507 -181.686401 0.000000
  outer loop
    vertex 170.638611 -237.849335 250.000000
    vertex 170.275238 -238.025574 -250.000000
    vertex 170.638611 -237.849335 -250.000000
  endloop
endfacet
facet normal 88.829041 -181.266785 0.000000
  outer loop
    vertex 170.275238 -238.025574 250.000000
    vertex 169.912704 -238.203232 250.000000
    vertex 169.912704 -238.203232 -250.000000
  endloop
endfacet
facet normal 88.829041 -181.266785 0.000000
  outer loop
    vertex 170.275238 -238.025574 250.000000
    vertex 169.912704 -238.203232 -250.000000
    vertex 170.275238 -238.025574 -250.000000
  endloop
endfacet
facet normal 89.538574 -180.870056 0.000000
  outer loop
    vertex 169.912704 -238.203232 250.000000
    vertex 169.550964 -238.382309 250.000000
    vertex 169.550964 -238.382309 -250.000000
  endloop
endfacet
facet normal 89.538574 -180.870056 0.000000
  outer loop
    vertex 169.912704 -238.203232 250.000000
    vertex 169.550964 -238.382309 -250.000000
    vertex 169.912704 -238.203232 -250.000000
  endloop
endfacet
facet normal 90.225220 -180.465698 0.000000
  outer loop
    vertex 169.550964 -238.382309 250.000000
    vertex 169.190033 -238.562759 250.000000
    vertex 169.190033 -238.562759 -250.000000
  endloop
endfacet
facet normal 90.225220 -180.465698 0.000000
  outer loop
    vertex 169.550964 -238.382309 250.000000
    vertex 169.190033 -238.562759 -250.000000
    vertex 169.550964 -238.382309 -250.000000
  endloop
endfacet
facet normal 90.888977 -180.084229 0.000000
  outer loop
    vertex 169.190033 -238.562759 250.000000
    vertex 168.829865 -238.744537 250.000000
    vertex 168.829865 -238.744537 -250.000000
  endloop
endfacet
facet normal 90.888977 -180.084229 0.000000
  outer loop
    vertex 169.190033 -238.562759 250.000000
    vertex 168.829865 -238.744537 -250.000000
    vertex 169.190033 -238.562759 -250.000000
  endloop
endfacet
facet normal 91.552734 -179.702759 0.000000
  outer loop
    vertex 168.829865 -238.744537 250.000000
    vertex 168.470459 -238.927643 250.000000
    vertex 168.470459 -238.927643 -250.000000
  endloop
endfacet
facet normal 91.552734 -179.702759 0.000000
  outer loop
    vertex 168.829865 -238.744537 250.000000
    vertex 168.470459 -238.927643 -250.000000
    vertex 168.829865 -238.744537 -250.000000
  endloop
endfacet
facet normal 92.193604 -179.336548 0.000000
  outer loop
    vertex 168.470459 -238.927643 250.000000
    vertex 168.111786 -239.112030 250.000000
    vertex 168.111786 -239.112030 -250.000000
  endloop
endfacet
facet normal 92.193604 -179.336548 0.000000
  outer loop
    vertex 168.470459 -238.927643 250.000000
    vertex 168.111786 -239.112030 -250.000000
    vertex 168.470459 -238.927643 -250.000000
  endloop
endfacet
facet normal 92.826843 -178.962708 0.000000
  outer loop
    vertex 168.111786 -239.112030 250.000000
    vertex 167.753860 -239.297684 250.000000
    vertex 167.753860 -239.297684 -250.000000
  endloop
endfacet
facet normal 92.826843 -178.962708 0.000000
  outer loop
    vertex 168.111786 -239.112030 250.000000
    vertex 167.753860 -239.297684 -250.000000
    vertex 168.111786 -239.112030 -250.000000
  endloop
endfacet
facet normal 93.444824 -178.611755 0.000000
  outer loop
    vertex 167.753860 -239.297684 250.000000
    vertex 167.396637 -239.484573 250.000000
    vertex 167.396637 -239.484573 -250.000000
  endloop
endfacet
facet normal 93.444824 -178.611755 0.000000
  outer loop
    vertex 167.753860 -239.297684 250.000000
    vertex 167.396637 -239.484573 -250.000000
    vertex 167.753860 -239.297684 -250.000000
  endloop
endfacet
facet normal 94.047546 -178.260803 0.000000
  outer loop
    vertex 167.396637 -239.484573 250.000000
    vertex 167.040115 -239.672668 250.000000
    vertex 167.040115 -239.672668 -250.000000
  endloop
endfacet
facet normal 94.047546 -178.260803 0.000000
  outer loop
    vertex 167.396637 -239.484573 250.000000
    vertex 167.040115 -239.672668 -250.000000
    vertex 167.396637 -239.484573 -250.000000
  endloop
endfacet
facet normal 94.650269 -177.917480 0.000000
  outer loop
    vertex 167.040115 -239.672668 250.000000
    vertex 166.684280 -239.861969 250.000000
    vertex 166.684280 -239.861969 -250.000000
  endloop
endfacet
facet normal 94.650269 -177.917480 0.000000
  outer loop
    vertex 167.040115 -239.672668 250.000000
    vertex 166.684280 -239.861969 -250.000000
    vertex 167.040115 -239.672668 -250.000000
  endloop
endfacet
facet normal 95.222473 -177.581787 0.000000
  outer loop
    vertex 166.684280 -239.861969 250.000000
    vertex 166.329117 -240.052414 250.000000
    vertex 166.329117 -240.052414 -250.000000
  endloop
endfacet
facet normal 95.222473 -177.581787 0.000000
  outer loop
    vertex 166.684280 -239.861969 250.000000
    vertex 166.329117 -240.052414 -250.000000
    vertex 166.684280 -239.861969 -250.000000
  endloop
endfacet
facet normal 95.794678 -177.246094 0.000000
  outer loop
    vertex 166.329117 -240.052414 250.000000
    vertex 165.974625 -240.244003 250.000000
    vertex 165.974625 -240.244003 -250.000000
  endloop
endfacet
facet normal 95.794678 -177.246094 0.000000
  outer loop
    vertex 166.329117 -240.052414 250.000000
    vertex 165.974625 -240.244003 -250.000000
    vertex 166.329117 -240.052414 -250.000000
  endloop
endfacet
facet normal 96.359253 -176.925659 0.000000
  outer loop
    vertex 165.974625 -240.244003 250.000000
    vertex 165.620773 -240.436722 250.000000
    vertex 165.620773 -240.436722 -250.000000
  endloop
endfacet
facet normal 96.359253 -176.925659 0.000000
  outer loop
    vertex 165.974625 -240.244003 250.000000
    vertex 165.620773 -240.436722 -250.000000
    vertex 165.974625 -240.244003 -250.000000
  endloop
endfacet
facet normal 96.908569 -176.612854 0.000000
  outer loop
    vertex 165.620773 -240.436722 250.000000
    vertex 165.267548 -240.630539 250.000000
    vertex 165.267548 -240.630539 -250.000000
  endloop
endfacet
facet normal 96.908569 -176.612854 0.000000
  outer loop
    vertex 165.620773 -240.436722 250.000000
    vertex 165.267548 -240.630539 -250.000000
    vertex 165.620773 -240.436722 -250.000000
  endloop
endfacet
facet normal 97.450256 -176.300049 0.000000
  outer loop
    vertex 165.267548 -240.630539 250.000000
    vertex 164.914948 -240.825439 250.000000
    vertex 164.914948 -240.825439 -250.000000
  endloop
endfacet
facet normal 97.450256 -176.300049 0.000000
  outer loop
    vertex 165.267548 -240.630539 250.000000
    vertex 164.914948 -240.825439 -250.000000
    vertex 165.267548 -240.630539 -250.000000
  endloop
endfacet
facet normal 97.976685 -175.994873 0.000000
  outer loop
    vertex 164.914948 -240.825439 250.000000
    vertex 164.562958 -241.021393 250.000000
    vertex 164.562958 -241.021393 -250.000000
  endloop
endfacet
facet normal 97.976685 -175.994873 0.000000
  outer loop
    vertex 164.914948 -240.825439 250.000000
    vertex 164.562958 -241.021393 -250.000000
    vertex 164.914948 -240.825439 -250.000000
  endloop
endfacet
facet normal 98.495483 -175.689697 0.000000
  outer loop
    vertex 164.562958 -241.021393 250.000000
    vertex 164.211578 -241.218384 250.000000
    vertex 164.211578 -241.218384 -250.000000
  endloop
endfacet
facet normal 98.495483 -175.689697 0.000000
  outer loop
    vertex 164.562958 -241.021393 250.000000
    vertex 164.211578 -241.218384 -250.000000
    vertex 164.562958 -241.021393 -250.000000
  endloop
endfacet
facet normal 99.006653 -175.399780 0.000000
  outer loop
    vertex 164.211578 -241.218384 250.000000
    vertex 163.860779 -241.416397 250.000000
    vertex 163.860779 -241.416397 -250.000000
  endloop
endfacet
facet normal 99.006653 -175.399780 0.000000
  outer loop
    vertex 164.211578 -241.218384 250.000000
    vertex 163.860779 -241.416397 -250.000000
    vertex 164.211578 -241.218384 -250.000000
  endloop
endfacet
facet normal 99.510193 -175.109863 0.000000
  outer loop
    vertex 163.860779 -241.416397 250.000000
    vertex 163.510559 -241.615417 250.000000
    vertex 163.510559 -241.615417 -250.000000
  endloop
endfacet
facet normal 99.510193 -175.109863 0.000000
  outer loop
    vertex 163.860779 -241.416397 250.000000
    vertex 163.510559 -241.615417 -250.000000
    vertex 163.860779 -241.416397 -250.000000
  endloop
endfacet
facet normal 99.998474 -174.819946 0.000000
  outer loop
    vertex 163.510559 -241.615417 250.000000
    vertex 163.160919 -241.815414 250.000000
    vertex 163.160919 -241.815414 -250.000000
  endloop
endfacet
facet normal 99.998474 -174.819946 0.000000
  outer loop
    vertex 163.510559 -241.615417 250.000000
    vertex 163.160919 -241.815414 -250.000000
    vertex 163.510559 -241.615417 -250.000000
  endloop
endfacet
facet normal 100.486755 -174.545288 0.000000
  outer loop
    vertex 163.160919 -241.815414 250.000000
    vertex 162.811829 -242.016388 250.000000
    vertex 162.811829 -242.016388 -250.000000
  endloop
endfacet
facet normal 100.486755 -174.545288 0.000000
  outer loop
    vertex 163.160919 -241.815414 250.000000
    vertex 162.811829 -242.016388 -250.000000
    vertex 163.160919 -241.815414 -250.000000
  endloop
endfacet
facet normal 100.967407 -174.270630 0.000000
  outer loop
    vertex 162.811829 -242.016388 250.000000
    vertex 162.463287 -242.218323 250.000000
    vertex 162.463287 -242.218323 -250.000000
  endloop
endfacet
facet normal 100.967407 -174.270630 0.000000
  outer loop
    vertex 162.811829 -242.016388 250.000000
    vertex 162.463287 -242.218323 -250.000000
    vertex 162.811829 -242.016388 -250.000000
  endloop
endfacet
facet normal 101.432800 -173.995972 0.000000
  outer loop
    vertex 162.463287 -242.218323 250.000000
    vertex 162.115295 -242.421188 250.000000
    vertex 162.115295 -242.421188 -250.000000
  endloop
endfacet
facet normal 101.432800 -173.995972 0.000000
  outer loop
    vertex 162.463287 -242.218323 250.000000
    vertex 162.115295 -242.421188 -250.000000
    vertex 162.463287 -242.218323 -250.000000
  endloop
endfacet
facet normal 101.882935 -173.736572 0.000000
  outer loop
    vertex 162.115295 -242.421188 250.000000
    vertex 161.767822 -242.624954 250.000000
    vertex 161.767822 -242.624954 -250.000000
  endloop
endfacet
facet normal 101.882935 -173.736572 0.000000
  outer loop
    vertex 162.115295 -242.421188 250.000000
    vertex 161.767822 -242.624954 -250.000000
    vertex 162.115295 -242.421188 -250.000000
  endloop
endfacet
facet normal 102.348328 -173.469543 0.000000
  outer loop
    vertex 161.767822 -242.624954 250.000000
    vertex 161.420883 -242.829651 250.000000
    vertex 161.420883 -242.829651 -250.000000
  endloop
endfacet
facet normal 102.348328 -173.469543 0.000000
  outer loop
    vertex 161.767822 -242.624954 250.000000
    vertex 161.420883 -242.829651 -250.000000
    vertex 161.767822 -242.624954 -250.000000
  endloop
endfacet
facet normal 102.783203 -173.217773 0.000000
  outer loop
    vertex 161.420883 -242.829651 250.000000
    vertex 161.074448 -243.035217 250.000000
    vertex 161.074448 -243.035217 -250.000000
  endloop
endfacet
facet normal 102.783203 -173.217773 0.000000
  outer loop
    vertex 161.420883 -242.829651 250.000000
    vertex 161.074448 -243.035217 -250.000000
    vertex 161.420883 -242.829651 -250.000000
  endloop
endfacet
facet normal 103.225708 -172.966003 0.000000
  outer loop
    vertex 161.074448 -243.035217 250.000000
    vertex 160.728516 -243.241669 250.000000
    vertex 160.728516 -243.241669 -250.000000
  endloop
endfacet
facet normal 103.225708 -172.966003 0.000000
  outer loop
    vertex 161.074448 -243.035217 250.000000
    vertex 160.728516 -243.241669 -250.000000
    vertex 161.074448 -243.035217 -250.000000
  endloop
endfacet
facet normal 103.652954 -172.714233 0.000000
  outer loop
    vertex 160.728516 -243.241669 250.000000
    vertex 160.383087 -243.448975 250.000000
    vertex 160.383087 -243.448975 -250.000000
  endloop
endfacet
facet normal 103.652954 -172.714233 0.000000
  outer loop
    vertex 160.728516 -243.241669 250.000000
    vertex 160.383087 -243.448975 -250.000000
    vertex 160.728516 -243.241669 -250.000000
  endloop
endfacet
facet normal 104.080200 -172.470093 0.000000
  outer loop
    vertex 160.383087 -243.448975 250.000000
    vertex 160.038147 -243.657135 250.000000
    vertex 160.038147 -243.657135 -250.000000
  endloop
endfacet
facet normal 104.080200 -172.470093 0.000000
  outer loop
    vertex 160.383087 -243.448975 250.000000
    vertex 160.038147 -243.657135 -250.000000
    vertex 160.383087 -243.448975 -250.000000
  endloop
endfacet
facet normal 104.499817 -172.225952 0.000000
  outer loop
    vertex 160.038147 -243.657135 250.000000
    vertex 159.693695 -243.866135 250.000000
    vertex 159.693695 -243.866135 -250.000000
  endloop
endfacet
facet normal 104.499817 -172.225952 0.000000
  outer loop
    vertex 160.038147 -243.657135 250.000000
    vertex 159.693695 -243.866135 -250.000000
    vertex 160.038147 -243.657135 -250.000000
  endloop
endfacet
facet normal 104.896545 -171.997070 0.000000
  outer loop
    vertex 159.693695 -243.866135 250.000000
    vertex 159.349701 -244.075928 250.000000
    vertex 159.349701 -244.075928 -250.000000
  endloop
endfacet
facet normal 104.896545 -171.997070 0.000000
  outer loop
    vertex 159.693695 -243.866135 250.000000
    vertex 159.349701 -244.075928 -250.000000
    vertex 159.693695 -243.866135 -250.000000
  endloop
endfacet
facet normal 105.308533 -171.760559 0.000000
  outer loop
    vertex 159.349701 -244.075928 250.000000
    vertex 159.006180 -244.286545 250.000000
    vertex 159.006180 -244.286545 -250.000000
  endloop
endfacet
facet normal 105.308533 -171.760559 0.000000
  outer loop
    vertex 159.349701 -244.075928 250.000000
    vertex 159.006180 -244.286545 -250.000000
    vertex 159.349701 -244.075928 -250.000000
  endloop
endfacet
facet normal 105.705261 -171.531677 0.000000
  outer loop
    vertex 159.006180 -244.286545 250.000000
    vertex 158.663116 -244.497955 250.000000
    vertex 158.663116 -244.497955 -250.000000
  endloop
endfacet
facet normal 105.705261 -171.531677 0.000000
  outer loop
    vertex 159.006180 -244.286545 250.000000
    vertex 158.663116 -244.497955 -250.000000
    vertex 159.006180 -244.286545 -250.000000
  endloop
endfacet
facet normal 106.094360 -171.302795 0.000000
  outer loop
    vertex 158.663116 -244.497955 250.000000
    vertex 158.320511 -244.710144 250.000000
    vertex 158.320511 -244.710144 -250.000000
  endloop
endfacet
facet normal 106.094360 -171.302795 0.000000
  outer loop
    vertex 158.663116 -244.497955 250.000000
    vertex 158.320511 -244.710144 -250.000000
    vertex 158.663116 -244.497955 -250.000000
  endloop
endfacet
facet normal 106.483459 -171.081543 0.000000
  outer loop
    vertex 158.320511 -244.710144 250.000000
    vertex 157.978348 -244.923111 250.000000
    vertex 157.978348 -244.923111 -250.000000
  endloop
endfacet
facet normal 106.483459 -171.081543 0.000000
  outer loop
    vertex 158.320511 -244.710144 250.000000
    vertex 157.978348 -244.923111 -250.000000
    vertex 158.320511 -244.710144 -250.000000
  endloop
endfacet
facet normal 106.857300 -170.867920 0.000000
  outer loop
    vertex 157.978348 -244.923111 250.000000
    vertex 157.636612 -245.136826 250.000000
    vertex 157.636612 -245.136826 -250.000000
  endloop
endfacet
facet normal 106.857300 -170.867920 0.000000
  outer loop
    vertex 157.978348 -244.923111 250.000000
    vertex 157.636612 -245.136826 -250.000000
    vertex 157.978348 -244.923111 -250.000000
  endloop
endfacet
facet normal 107.231140 -170.646667 0.000000
  outer loop
    vertex 157.636612 -245.136826 250.000000
    vertex 157.295319 -245.351288 250.000000
    vertex 157.295319 -245.351288 -250.000000
  endloop
endfacet
facet normal 107.231140 -170.646667 0.000000
  outer loop
    vertex 157.636612 -245.136826 250.000000
    vertex 157.295319 -245.351288 -250.000000
    vertex 157.636612 -245.136826 -250.000000
  endloop
endfacet
facet normal 107.597351 -170.440674 0.000000
  outer loop
    vertex 157.295319 -245.351288 250.000000
    vertex 156.954437 -245.566483 250.000000
    vertex 156.954437 -245.566483 -250.000000
  endloop
endfacet
facet normal 107.597351 -170.440674 0.000000
  outer loop
    vertex 157.295319 -245.351288 250.000000
    vertex 156.954437 -245.566483 -250.000000
    vertex 157.295319 -245.351288 -250.000000
  endloop
endfacet
facet normal 107.963562 -170.227051 0.000000
  outer loop
    vertex 156.954437 -245.566483 250.000000
    vertex 156.613983 -245.782410 250.000000
    vertex 156.613983 -245.782410 -250.000000
  endloop
endfacet
facet normal 107.963562 -170.227051 0.000000
  outer loop
    vertex 156.954437 -245.566483 250.000000
    vertex 156.613983 -245.782410 -250.000000
    vertex 156.954437 -245.566483 -250.000000
  endloop
endfacet
facet normal 108.314514 -170.028687 0.000000
  outer loop
    vertex 156.613983 -245.782410 250.000000
    vertex 156.273926 -245.999039 250.000000
    vertex 156.273926 -245.999039 -250.000000
  endloop
endfacet
facet normal 108.314514 -170.028687 0.000000
  outer loop
    vertex 156.613983 -245.782410 250.000000
    vertex 156.273926 -245.999039 -250.000000
    vertex 156.613983 -245.782410 -250.000000
  endloop
endfacet
facet normal 108.665466 -169.822693 0.000000
  outer loop
    vertex 156.273926 -245.999039 250.000000
    vertex 155.934280 -246.216370 250.000000
    vertex 155.934280 -246.216370 -250.000000
  endloop
endfacet
facet normal 108.665466 -169.822693 0.000000
  outer loop
    vertex 156.273926 -245.999039 250.000000
    vertex 155.934280 -246.216370 -250.000000
    vertex 156.273926 -245.999039 -250.000000
  endloop
endfacet
facet normal 109.008789 -169.616699 0.000000
  outer loop
    vertex 155.934280 -246.216370 250.000000
    vertex 155.595047 -246.434387 250.000000
    vertex 155.595047 -246.434387 -250.000000
  endloop
endfacet
facet normal 109.008789 -169.616699 0.000000
  outer loop
    vertex 155.934280 -246.216370 250.000000
    vertex 155.595047 -246.434387 -250.000000
    vertex 155.934280 -246.216370 -250.000000
  endloop
endfacet
facet normal 109.359741 -169.425964 0.000000
  outer loop
    vertex 155.595047 -246.434387 250.000000
    vertex 155.256195 -246.653107 250.000000
    vertex 155.256195 -246.653107 -250.000000
  endloop
endfacet
facet normal 109.359741 -169.425964 0.000000
  outer loop
    vertex 155.595047 -246.434387 250.000000
    vertex 155.256195 -246.653107 -250.000000
    vertex 155.595047 -246.434387 -250.000000
  endloop
endfacet
facet normal 109.687805 -169.235229 0.000000
  outer loop
    vertex 155.256195 -246.653107 250.000000
    vertex 154.917725 -246.872482 250.000000
    vertex 154.917725 -246.872482 -250.000000
  endloop
endfacet
facet normal 109.687805 -169.235229 0.000000
  outer loop
    vertex 155.256195 -246.653107 250.000000
    vertex 154.917725 -246.872482 -250.000000
    vertex 155.256195 -246.653107 -250.000000
  endloop
endfacet
facet normal 110.015869 -169.036865 0.000000
  outer loop
    vertex 154.917725 -246.872482 250.000000
    vertex 154.579651 -247.092514 250.000000
    vertex 154.579651 -247.092514 -250.000000
  endloop
endfacet
facet normal 110.015869 -169.036865 0.000000
  outer loop
    vertex 154.917725 -246.872482 250.000000
    vertex 154.579651 -247.092514 -250.000000
    vertex 154.917725 -246.872482 -250.000000
  endloop
endfacet
facet normal 110.343933 -168.853760 0.000000
  outer loop
    vertex 154.579651 -247.092514 250.000000
    vertex 154.241943 -247.313202 250.000000
    vertex 154.241943 -247.313202 -250.000000
  endloop
endfacet
facet normal 110.343933 -168.853760 0.000000
  outer loop
    vertex 154.579651 -247.092514 250.000000
    vertex 154.241943 -247.313202 -250.000000
    vertex 154.579651 -247.092514 -250.000000
  endloop
endfacet
facet normal 110.664368 -168.663025 0.000000
  outer loop
    vertex 154.241943 -247.313202 250.000000
    vertex 153.904617 -247.534531 250.000000
    vertex 153.904617 -247.534531 -250.000000
  endloop
endfacet
facet normal 110.664368 -168.663025 0.000000
  outer loop
    vertex 154.241943 -247.313202 250.000000
    vertex 153.904617 -247.534531 -250.000000
    vertex 154.241943 -247.313202 -250.000000
  endloop
endfacet
facet normal 110.984802 -168.487549 0.000000
  outer loop
    vertex 153.904617 -247.534531 250.000000
    vertex 153.567642 -247.756500 250.000000
    vertex 153.567642 -247.756500 -250.000000
  endloop
endfacet
facet normal 110.984802 -168.487549 0.000000
  outer loop
    vertex 153.904617 -247.534531 250.000000
    vertex 153.567642 -247.756500 -250.000000
    vertex 153.904617 -247.534531 -250.000000
  endloop
endfacet
facet normal 111.297607 -168.304443 0.000000
  outer loop
    vertex 153.567642 -247.756500 250.000000
    vertex 153.231033 -247.979095 250.000000
    vertex 153.231033 -247.979095 -250.000000
  endloop
endfacet
facet normal 111.297607 -168.304443 0.000000
  outer loop
    vertex 153.567642 -247.756500 250.000000
    vertex 153.231033 -247.979095 -250.000000
    vertex 153.567642 -247.756500 -250.000000
  endloop
endfacet
facet normal 111.602783 -168.121338 0.000000
  outer loop
    vertex 153.231033 -247.979095 250.000000
    vertex 152.894791 -248.202301 250.000000
    vertex 152.894791 -248.202301 -250.000000
  endloop
endfacet
facet normal 111.602783 -168.121338 0.000000
  outer loop
    vertex 153.231033 -247.979095 250.000000
    vertex 152.894791 -248.202301 -250.000000
    vertex 153.231033 -247.979095 -250.000000
  endloop
endfacet
facet normal 111.900330 -167.953491 0.000000
  outer loop
    vertex 152.894791 -248.202301 250.000000
    vertex 152.558884 -248.426102 250.000000
    vertex 152.558884 -248.426102 -250.000000
  endloop
endfacet
facet normal 111.900330 -167.953491 0.000000
  outer loop
    vertex 152.894791 -248.202301 250.000000
    vertex 152.558884 -248.426102 -250.000000
    vertex 152.894791 -248.202301 -250.000000
  endloop
endfacet
facet normal 112.205505 -167.778015 0.000000
  outer loop
    vertex 152.558884 -248.426102 250.000000
    vertex 152.223328 -248.650513 250.000000
    vertex 152.223328 -248.650513 -250.000000
  endloop
endfacet
facet normal 112.205505 -167.778015 0.000000
  outer loop
    vertex 152.558884 -248.426102 250.000000
    vertex 152.223328 -248.650513 -250.000000
    vertex 152.558884 -248.426102 -250.000000
  endloop
endfacet
facet normal 112.503052 -167.610168 0.000000
  outer loop
    vertex 152.223328 -248.650513 250.000000
    vertex 151.888107 -248.875519 250.000000
    vertex 151.888107 -248.875519 -250.000000
  endloop
endfacet
facet normal 112.503052 -167.610168 0.000000
  outer loop
    vertex 152.223328 -248.650513 250.000000
    vertex 151.888107 -248.875519 -250.000000
    vertex 152.223328 -248.650513 -250.000000
  endloop
endfacet
facet normal 112.785339 -167.442322 0.000000
  outer loop
    vertex 151.888107 -248.875519 250.000000
    vertex 151.553223 -249.101089 250.000000
    vertex 151.553223 -249.101089 -250.000000
  endloop
endfacet
facet normal 112.785339 -167.442322 0.000000
  outer loop
    vertex 151.888107 -248.875519 250.000000
    vertex 151.553223 -249.101089 -250.000000
    vertex 151.888107 -248.875519 -250.000000
  endloop
endfacet
facet normal 113.075256 -167.274475 0.000000
  outer loop
    vertex 151.553223 -249.101089 250.000000
    vertex 151.218674 -249.327240 250.000000
    vertex 151.218674 -249.327240 -250.000000
  endloop
endfacet
facet normal 113.075256 -167.274475 0.000000
  outer loop
    vertex 151.553223 -249.101089 250.000000
    vertex 151.218674 -249.327240 -250.000000
    vertex 151.553223 -249.101089 -250.000000
  endloop
endfacet
facet normal 113.365173 -167.114258 0.000000
  outer loop
    vertex 151.218674 -249.327240 250.000000
    vertex 150.884445 -249.553970 250.000000
    vertex 150.884445 -249.553970 -250.000000
  endloop
endfacet
facet normal 113.365173 -167.114258 0.000000
  outer loop
    vertex 151.218674 -249.327240 250.000000
    vertex 150.884445 -249.553970 -250.000000
    vertex 151.218674 -249.327240 -250.000000
  endloop
endfacet
facet normal 113.639832 -166.946411 0.000000
  outer loop
    vertex 150.884445 -249.553970 250.000000
    vertex 150.550552 -249.781250 250.000000
    vertex 150.550552 -249.781250 -250.000000
  endloop
endfacet
facet normal 113.639832 -166.946411 0.000000
  outer loop
    vertex 150.884445 -249.553970 250.000000
    vertex 150.550552 -249.781250 -250.000000
    vertex 150.884445 -249.553970 -250.000000
  endloop
endfacet
facet normal 113.906860 -166.793823 0.000000
  outer loop
    vertex 150.550552 -249.781250 250.000000
    vertex 150.216965 -250.009064 250.000000
    vertex 150.216965 -250.009064 -250.000000
  endloop
endfacet
facet normal 113.906860 -166.793823 0.000000
  outer loop
    vertex 150.550552 -249.781250 250.000000
    vertex 150.216965 -250.009064 -250.000000
    vertex 150.550552 -249.781250 -250.000000
  endloop
endfacet
facet normal 114.189148 -166.633606 0.000000
  outer loop
    vertex 150.216965 -250.009064 250.000000
    vertex 149.883698 -250.237442 250.000000
    vertex 149.883698 -250.237442 -250.000000
  endloop
endfacet
facet normal 114.189148 -166.633606 0.000000
  outer loop
    vertex 150.216965 -250.009064 250.000000
    vertex 149.883698 -250.237442 -250.000000
    vertex 150.216965 -250.009064 -250.000000
  endloop
endfacet
facet normal 114.456177 -166.481018 0.000000
  outer loop
    vertex 149.883698 -250.237442 250.000000
    vertex 149.550735 -250.466354 250.000000
    vertex 149.550735 -250.466354 -250.000000
  endloop
endfacet
facet normal 114.456177 -166.481018 0.000000
  outer loop
    vertex 149.883698 -250.237442 250.000000
    vertex 149.550735 -250.466354 -250.000000
    vertex 149.883698 -250.237442 -250.000000
  endloop
endfacet
facet normal 114.715576 -166.328430 0.000000
  outer loop
    vertex 149.550735 -250.466354 250.000000
    vertex 149.218079 -250.695786 250.000000
    vertex 149.218079 -250.695786 -250.000000
  endloop
endfacet
facet normal 114.715576 -166.328430 0.000000
  outer loop
    vertex 149.550735 -250.466354 250.000000
    vertex 149.218079 -250.695786 -250.000000
    vertex 149.550735 -250.466354 -250.000000
  endloop
endfacet
facet normal 114.974976 -166.175842 0.000000
  outer loop
    vertex 149.218079 -250.695786 250.000000
    vertex 148.885727 -250.925735 250.000000
    vertex 148.885727 -250.925735 -250.000000
  endloop
endfacet
facet normal 114.974976 -166.175842 0.000000
  outer loop
    vertex 149.218079 -250.695786 250.000000
    vertex 148.885727 -250.925735 -250.000000
    vertex 149.218079 -250.695786 -250.000000
  endloop
endfacet
facet normal 115.242004 -166.030884 0.000000
  outer loop
    vertex 148.885727 -250.925735 250.000000
    vertex 148.553665 -251.156219 250.000000
    vertex 148.553665 -251.156219 -250.000000
  endloop
endfacet
facet normal 115.242004 -166.030884 0.000000
  outer loop
    vertex 148.885727 -250.925735 250.000000
    vertex 148.553665 -251.156219 -250.000000
    vertex 148.885727 -250.925735 -250.000000
  endloop
endfacet
facet normal 115.486145 -165.878296 0.000000
  outer loop
    vertex 148.553665 -251.156219 250.000000
    vertex 148.221909 -251.387192 250.000000
    vertex 148.221909 -251.387192 -250.000000
  endloop
endfacet
facet normal 115.486145 -165.878296 0.000000
  outer loop
    vertex 148.553665 -251.156219 250.000000
    vertex 148.221909 -251.387192 -250.000000
    vertex 148.553665 -251.156219 -250.000000
  endloop
endfacet
facet normal 115.745544 -165.733337 0.000000
  outer loop
    vertex 148.221909 -251.387192 250.000000
    vertex 147.890442 -251.618683 250.000000
    vertex 147.890442 -251.618683 -250.000000
  endloop
endfacet
facet normal 115.745544 -165.733337 0.000000
  outer loop
    vertex 148.221909 -251.387192 250.000000
    vertex 147.890442 -251.618683 -250.000000
    vertex 148.221909 -251.387192 -250.000000
  endloop
endfacet
facet normal 115.982056 -165.596008 0.000000
  outer loop
    vertex 147.890442 -251.618683 250.000000
    vertex 147.559250 -251.850647 250.000000
    vertex 147.559250 -251.850647 -250.000000
  endloop
endfacet
facet normal 115.982056 -165.596008 0.000000
  outer loop
    vertex 147.890442 -251.618683 250.000000
    vertex 147.559250 -251.850647 -250.000000
    vertex 147.890442 -251.618683 -250.000000
  endloop
endfacet
facet normal 116.233826 -165.451050 0.000000
  outer loop
    vertex 147.559250 -251.850647 250.000000
    vertex 147.228348 -252.083115 250.000000
    vertex 147.228348 -252.083115 -250.000000
  endloop
endfacet
facet normal 116.233826 -165.451050 0.000000
  outer loop
    vertex 147.559250 -251.850647 250.000000
    vertex 147.228348 -252.083115 -250.000000
    vertex 147.559250 -251.850647 -250.000000
  endloop
endfacet
facet normal 116.477966 -165.313721 0.000000
  outer loop
    vertex 147.228348 -252.083115 250.000000
    vertex 146.897720 -252.316071 250.000000
    vertex 146.897720 -252.316071 -250.000000
  endloop
endfacet
facet normal 116.477966 -165.313721 0.000000
  outer loop
    vertex 147.228348 -252.083115 250.000000
    vertex 146.897720 -252.316071 -250.000000
    vertex 147.228348 -252.083115 -250.000000
  endloop
endfacet
facet normal 116.714478 -165.176392 0.000000
  outer loop
    vertex 146.897720 -252.316071 250.000000
    vertex 146.567368 -252.549500 250.000000
    vertex 146.567368 -252.549500 -250.000000
  endloop
endfacet
facet normal 116.714478 -165.176392 0.000000
  outer loop
    vertex 146.897720 -252.316071 250.000000
    vertex 146.567368 -252.549500 -250.000000
    vertex 146.897720 -252.316071 -250.000000
  endloop
endfacet
facet normal 116.950989 -165.039062 0.000000
  outer loop
    vertex 146.567368 -252.549500 250.000000
    vertex 146.237289 -252.783401 250.000000
    vertex 146.237289 -252.783401 -250.000000
  endloop
endfacet
facet normal 116.950989 -165.039062 0.000000
  outer loop
    vertex 146.567368 -252.549500 250.000000
    vertex 146.237289 -252.783401 -250.000000
    vertex 146.567368 -252.549500 -250.000000
  endloop
endfacet
facet normal 117.179871 -164.909363 0.000000
  outer loop
    vertex 146.237289 -252.783401 250.000000
    vertex 145.907471 -253.017761 250.000000
    vertex 145.907471 -253.017761 -250.000000
  endloop
endfacet
facet normal 117.179871 -164.909363 0.000000
  outer loop
    vertex 146.237289 -252.783401 250.000000
    vertex 145.907471 -253.017761 -250.000000
    vertex 146.237289 -252.783401 -250.000000
  endloop
endfacet
facet normal 117.408752 -164.772034 0.000000
  outer loop
    vertex 145.907471 -253.017761 250.000000
    vertex 145.577927 -253.252579 250.000000
    vertex 145.577927 -253.252579 -250.000000
  endloop
endfacet
facet normal 117.408752 -164.772034 0.000000
  outer loop
    vertex 145.907471 -253.017761 250.000000
    vertex 145.577927 -253.252579 -250.000000
    vertex 145.907471 -253.017761 -250.000000
  endloop
endfacet
facet normal 117.637634 -164.642334 0.000000
  outer loop
    vertex 145.577927 -253.252579 250.000000
    vertex 145.248642 -253.487854 250.000000
    vertex 145.248642 -253.487854 -250.000000
  endloop
endfacet
facet normal 117.637634 -164.642334 0.000000
  outer loop
    vertex 145.577927 -253.252579 250.000000
    vertex 145.248642 -253.487854 -250.000000
    vertex 145.577927 -253.252579 -250.000000
  endloop
endfacet
facet normal 117.858887 -164.512634 0.000000
  outer loop
    vertex 145.248642 -253.487854 250.000000
    vertex 144.919617 -253.723572 250.000000
    vertex 144.919617 -253.723572 -250.000000
  endloop
endfacet
facet normal 117.858887 -164.512634 0.000000
  outer loop
    vertex 145.248642 -253.487854 250.000000
    vertex 144.919617 -253.723572 -250.000000
    vertex 145.248642 -253.487854 -250.000000
  endloop
endfacet
facet normal 118.087769 -164.382935 0.000000
  outer loop
    vertex 144.919617 -253.723572 250.000000
    vertex 144.590851 -253.959747 250.000000
    vertex 144.590851 -253.959747 -250.000000
  endloop
endfacet
facet normal 118.087769 -164.382935 0.000000
  outer loop
    vertex 144.919617 -253.723572 250.000000
    vertex 144.590851 -253.959747 -250.000000
    vertex 144.919617 -253.723572 -250.000000
  endloop
endfacet
facet normal 118.301392 -164.260864 0.000000
  outer loop
    vertex 144.590851 -253.959747 250.000000
    vertex 144.262329 -254.196350 250.000000
    vertex 144.262329 -254.196350 -250.000000
  endloop
endfacet
facet normal 118.301392 -164.260864 0.000000
  outer loop
    vertex 144.590851 -253.959747 250.000000
    vertex 144.262329 -254.196350 -250.000000
    vertex 144.590851 -253.959747 -250.000000
  endloop
endfacet
facet normal 118.515015 -164.131165 0.000000
  outer loop
    vertex 144.262329 -254.196350 250.000000
    vertex 143.934067 -254.433380 250.000000
    vertex 143.934067 -254.433380 -250.000000
  endloop
endfacet
facet normal 118.515015 -164.131165 0.000000
  outer loop
    vertex 144.262329 -254.196350 250.000000
    vertex 143.934067 -254.433380 -250.000000
    vertex 144.262329 -254.196350 -250.000000
  endloop
endfacet
facet normal 118.728638 -164.009094 0.000000
  outer loop
    vertex 143.934067 -254.433380 250.000000
    vertex 143.606049 -254.670837 250.000000
    vertex 143.606049 -254.670837 -250.000000
  endloop
endfacet
facet normal 118.728638 -164.009094 0.000000
  outer loop
    vertex 143.934067 -254.433380 250.000000
    vertex 143.606049 -254.670837 -250.000000
    vertex 143.934067 -254.433380 -250.000000
  endloop
endfacet
facet normal 118.942261 -163.887024 0.000000
  outer loop
    vertex 143.606049 -254.670837 250.000000
    vertex 143.278275 -254.908722 250.000000
    vertex 143.278275 -254.908722 -250.000000
  endloop
endfacet
facet normal 118.942261 -163.887024 0.000000
  outer loop
    vertex 143.606049 -254.670837 250.000000
    vertex 143.278275 -254.908722 -250.000000
    vertex 143.606049 -254.670837 -250.000000
  endloop
endfacet
facet normal 119.155884 -163.772583 0.000000
  outer loop
    vertex 143.278275 -254.908722 250.000000
    vertex 142.950729 -255.147034 250.000000
    vertex 142.950729 -255.147034 -250.000000
  endloop
endfacet
facet normal 119.155884 -163.772583 0.000000
  outer loop
    vertex 143.278275 -254.908722 250.000000
    vertex 142.950729 -255.147034 -250.000000
    vertex 143.278275 -254.908722 -250.000000
  endloop
endfacet
facet normal 119.354248 -163.650513 0.000000
  outer loop
    vertex 142.950729 -255.147034 250.000000
    vertex 142.623428 -255.385742 250.000000
    vertex 142.623428 -255.385742 -250.000000
  endloop
endfacet
facet normal 119.354248 -163.650513 0.000000
  outer loop
    vertex 142.950729 -255.147034 250.000000
    vertex 142.623428 -255.385742 -250.000000
    vertex 142.950729 -255.147034 -250.000000
  endloop
endfacet
facet normal 119.567871 -163.528442 0.000000
  outer loop
    vertex 142.623428 -255.385742 250.000000
    vertex 142.296371 -255.624878 250.000000
    vertex 142.296371 -255.624878 -250.000000
  endloop
endfacet
facet normal 119.567871 -163.528442 0.000000
  outer loop
    vertex 142.623428 -255.385742 250.000000
    vertex 142.296371 -255.624878 -250.000000
    vertex 142.623428 -255.385742 -250.000000
  endloop
endfacet
facet normal 119.758606 -163.414001 0.000000
  outer loop
    vertex 142.296371 -255.624878 250.000000
    vertex 141.969543 -255.864395 250.000000
    vertex 141.969543 -255.864395 -250.000000
  endloop
endfacet
facet normal 119.758606 -163.414001 0.000000
  outer loop
    vertex 142.296371 -255.624878 250.000000
    vertex 141.969543 -255.864395 -250.000000
    vertex 142.296371 -255.624878 -250.000000
  endloop
endfacet
facet normal 119.972229 -163.299561 0.000000
  outer loop
    vertex 141.969543 -255.864395 250.000000
    vertex 141.642944 -256.104340 250.000000
    vertex 141.642944 -256.104340 -250.000000
  endloop
endfacet
facet normal 119.972229 -163.299561 0.000000
  outer loop
    vertex 141.969543 -255.864395 250.000000
    vertex 141.642944 -256.104340 -250.000000
    vertex 141.969543 -255.864395 -250.000000
  endloop
endfacet
facet normal 120.147705 -163.185120 0.000000
  outer loop
    vertex 141.642944 -256.104340 250.000000
    vertex 141.316574 -256.344635 250.000000
    vertex 141.316574 -256.344635 -250.000000
  endloop
endfacet
facet normal 120.147705 -163.185120 0.000000
  outer loop
    vertex 141.642944 -256.104340 250.000000
    vertex 141.316574 -256.344635 -250.000000
    vertex 141.642944 -256.104340 -250.000000
  endloop
endfacet
facet normal 120.361328 -163.070679 0.000000
  outer loop
    vertex 141.316574 -256.344635 250.000000
    vertex 140.990433 -256.585358 250.000000
    vertex 140.990433 -256.585358 -250.000000
  endloop
endfacet
facet normal 120.361328 -163.070679 0.000000
  outer loop
    vertex 141.316574 -256.344635 250.000000
    vertex 140.990433 -256.585358 -250.000000
    vertex 141.316574 -256.344635 -250.000000
  endloop
endfacet
facet normal 120.544434 -162.963867 0.000000
  outer loop
    vertex 140.990433 -256.585358 250.000000
    vertex 140.664505 -256.826447 250.000000
    vertex 140.664505 -256.826447 -250.000000
  endloop
endfacet
facet normal 120.544434 -162.963867 0.000000
  outer loop
    vertex 140.990433 -256.585358 250.000000
    vertex 140.664505 -256.826447 -250.000000
    vertex 140.990433 -256.585358 -250.000000
  endloop
endfacet
facet normal 120.742798 -162.849426 0.000000
  outer loop
    vertex 140.664505 -256.826447 250.000000
    vertex 140.338806 -257.067932 250.000000
    vertex 140.338806 -257.067932 -250.000000
  endloop
endfacet
facet normal 120.742798 -162.849426 0.000000
  outer loop
    vertex 140.664505 -256.826447 250.000000
    vertex 140.338806 -257.067932 -250.000000
    vertex 140.664505 -256.826447 -250.000000
  endloop
endfacet
facet normal 120.925903 -162.742615 0.000000
  outer loop
    vertex 140.338806 -257.067932 250.000000
    vertex 140.013321 -257.309784 250.000000
    vertex 140.013321 -257.309784 -250.000000
  endloop
endfacet
facet normal 120.925903 -162.742615 0.000000
  outer loop
    vertex 140.338806 -257.067932 250.000000
    vertex 140.013321 -257.309784 -250.000000
    vertex 140.338806 -257.067932 -250.000000
  endloop
endfacet
facet normal 121.124268 -162.628174 0.000000
  outer loop
    vertex 140.013321 -257.309784 250.000000
    vertex 139.688065 -257.552032 250.000000
    vertex 139.688065 -257.552032 -250.000000
  endloop
endfacet
facet normal 121.124268 -162.628174 0.000000
  outer loop
    vertex 140.013321 -257.309784 250.000000
    vertex 139.688065 -257.552032 -250.000000
    vertex 140.013321 -257.309784 -250.000000
  endloop
endfacet
facet normal 121.307373 -162.528992 0.000000
  outer loop
    vertex 139.688065 -257.552032 250.000000
    vertex 139.363007 -257.794647 250.000000
    vertex 139.363007 -257.794647 -250.000000
  endloop
endfacet
facet normal 121.307373 -162.528992 0.000000
  outer loop
    vertex 139.688065 -257.552032 250.000000
    vertex 139.363007 -257.794647 -250.000000
    vertex 139.688065 -257.552032 -250.000000
  endloop
endfacet
facet normal 121.475220 -162.422180 0.000000
  outer loop
    vertex 139.363007 -257.794647 250.000000
    vertex 139.038162 -258.037598 250.000000
    vertex 139.038162 -258.037598 -250.000000
  endloop
endfacet
facet normal 121.475220 -162.422180 0.000000
  outer loop
    vertex 139.363007 -257.794647 250.000000
    vertex 139.038162 -258.037598 -250.000000
    vertex 139.363007 -257.794647 -250.000000
  endloop
endfacet
facet normal 121.673584 -162.315369 0.000000
  outer loop
    vertex 139.038162 -258.037598 250.000000
    vertex 138.713531 -258.280945 250.000000
    vertex 138.713531 -258.280945 -250.000000
  endloop
endfacet
facet normal 121.673584 -162.315369 0.000000
  outer loop
    vertex 139.038162 -258.037598 250.000000
    vertex 138.713531 -258.280945 -250.000000
    vertex 139.038162 -258.037598 -250.000000
  endloop
endfacet
facet normal 121.841431 -162.208557 0.000000
  outer loop
    vertex 138.713531 -258.280945 250.000000
    vertex 138.389114 -258.524628 250.000000
    vertex 138.389114 -258.524628 -250.000000
  endloop
endfacet
facet normal 121.841431 -162.208557 0.000000
  outer loop
    vertex 138.713531 -258.280945 250.000000
    vertex 138.389114 -258.524628 -250.000000
    vertex 138.713531 -258.280945 -250.000000
  endloop
endfacet
facet normal 122.024536 -162.109375 0.000000
  outer loop
    vertex 138.389114 -258.524628 250.000000
    vertex 138.064896 -258.768677 250.000000
    vertex 138.064896 -258.768677 -250.000000
  endloop
endfacet
facet normal 122.024536 -162.109375 0.000000
  outer loop
    vertex 138.389114 -258.524628 250.000000
    vertex 138.064896 -258.768677 -250.000000
    vertex 138.389114 -258.524628 -250.000000
  endloop
endfacet
facet normal 122.207642 -162.002563 0.000000
  outer loop
    vertex 138.064896 -258.768677 250.000000
    vertex 137.740891 -259.013092 250.000000
    vertex 137.740891 -259.013092 -250.000000
  endloop
endfacet
facet normal 122.207642 -162.002563 0.000000
  outer loop
    vertex 138.064896 -258.768677 250.000000
    vertex 137.740891 -259.013092 -250.000000
    vertex 138.064896 -258.768677 -250.000000
  endloop
endfacet
facet normal 122.375488 -161.911011 0.000000
  outer loop
    vertex 137.740891 -259.013092 250.000000
    vertex 137.417068 -259.257843 250.000000
    vertex 137.417068 -259.257843 -250.000000
  endloop
endfacet
facet normal 122.375488 -161.911011 0.000000
  outer loop
    vertex 137.740891 -259.013092 250.000000
    vertex 137.417068 -259.257843 -250.000000
    vertex 137.740891 -259.013092 -250.000000
  endloop
endfacet
facet normal 122.543335 -161.804199 0.000000
  outer loop
    vertex 137.417068 -259.257843 250.000000
    vertex 137.093460 -259.502930 250.000000
    vertex 137.093460 -259.502930 -250.000000
  endloop
endfacet
facet normal 122.543335 -161.804199 0.000000
  outer loop
    vertex 137.417068 -259.257843 250.000000
    vertex 137.093460 -259.502930 -250.000000
    vertex 137.417068 -259.257843 -250.000000
  endloop
endfacet
facet normal 122.726440 -161.705017 0.000000
  outer loop
    vertex 137.093460 -259.502930 250.000000
    vertex 136.770050 -259.748383 250.000000
    vertex 136.770050 -259.748383 -250.000000
  endloop
endfacet
facet normal 122.726440 -161.705017 0.000000
  outer loop
    vertex 137.093460 -259.502930 250.000000
    vertex 136.770050 -259.748383 -250.000000
    vertex 137.093460 -259.502930 -250.000000
  endloop
endfacet
facet normal 122.894287 -161.605835 0.000000
  outer loop
    vertex 136.770050 -259.748383 250.000000
    vertex 136.446838 -259.994171 250.000000
    vertex 136.446838 -259.994171 -250.000000
  endloop
endfacet
facet normal 122.894287 -161.605835 0.000000
  outer loop
    vertex 136.770050 -259.748383 250.000000
    vertex 136.446838 -259.994171 -250.000000
    vertex 136.770050 -259.748383 -250.000000
  endloop
endfacet
facet normal 123.062134 -161.514282 0.000000
  outer loop
    vertex 136.446838 -259.994171 250.000000
    vertex 136.123810 -260.240295 250.000000
    vertex 136.123810 -260.240295 -250.000000
  endloop
endfacet
facet normal 123.062134 -161.514282 0.000000
  outer loop
    vertex 136.446838 -259.994171 250.000000
    vertex 136.123810 -260.240295 -250.000000
    vertex 136.446838 -259.994171 -250.000000
  endloop
endfacet
facet normal 123.229980 -161.415100 0.000000
  outer loop
    vertex 136.123810 -260.240295 250.000000
    vertex 135.800980 -260.486755 250.000000
    vertex 135.800980 -260.486755 -250.000000
  endloop
endfacet
facet normal 123.229980 -161.415100 0.000000
  outer loop
    vertex 136.123810 -260.240295 250.000000
    vertex 135.800980 -260.486755 -250.000000
    vertex 136.123810 -260.240295 -250.000000
  endloop
endfacet
facet normal 123.397827 -161.315918 0.000000
  outer loop
    vertex 135.800980 -260.486755 250.000000
    vertex 135.478348 -260.733551 250.000000
    vertex 135.478348 -260.733551 -250.000000
  endloop
endfacet
facet normal 123.397827 -161.315918 0.000000
  outer loop
    vertex 135.800980 -260.486755 250.000000
    vertex 135.478348 -260.733551 -250.000000
    vertex 135.800980 -260.486755 -250.000000
  endloop
endfacet
facet normal 123.550415 -161.224365 0.000000
  outer loop
    vertex 135.478348 -260.733551 250.000000
    vertex 135.155899 -260.980652 250.000000
    vertex 135.155899 -260.980652 -250.000000
  endloop
endfacet
facet normal 123.550415 -161.224365 0.000000
  outer loop
    vertex 135.478348 -260.733551 250.000000
    vertex 135.155899 -260.980652 -250.000000
    vertex 135.478348 -260.733551 -250.000000
  endloop
endfacet
facet normal 123.718262 -161.125183 0.000000
  outer loop
    vertex 135.155899 -260.980652 250.000000
    vertex 134.833649 -261.228088 250.000000
    vertex 134.833649 -261.228088 -250.000000
  endloop
endfacet
facet normal 123.718262 -161.125183 0.000000
  outer loop
    vertex 135.155899 -260.980652 250.000000
    vertex 134.833649 -261.228088 -250.000000
    vertex 135.155899 -260.980652 -250.000000
  endloop
endfacet
facet normal 123.886108 -161.041260 0.000000
  outer loop
    vertex 134.833649 -261.228088 250.000000
    vertex 134.511566 -261.475861 250.000000
    vertex 134.511566 -261.475861 -250.000000
  endloop
endfacet
facet normal 123.886108 -161.041260 0.000000
  outer loop
    vertex 134.833649 -261.228088 250.000000
    vertex 134.511566 -261.475861 -250.000000
    vertex 134.833649 -261.228088 -250.000000
  endloop
endfacet
facet normal 124.053955 -160.942078 0.000000
  outer loop
    vertex 134.511566 -261.475861 250.000000
    vertex 134.189682 -261.723969 250.000000
    vertex 134.189682 -261.723969 -250.000000
  endloop
endfacet
facet normal 124.053955 -160.942078 0.000000
  outer loop
    vertex 134.511566 -261.475861 250.000000
    vertex 134.189682 -261.723969 -250.000000
    vertex 134.511566 -261.475861 -250.000000
  endloop
endfacet
facet normal 124.191284 -160.850525 0.000000
  outer loop
    vertex 134.189682 -261.723969 250.000000
    vertex 133.867981 -261.972351 250.000000
    vertex 133.867981 -261.972351 -250.000000
  endloop
endfacet
facet normal 124.191284 -160.850525 0.000000
  outer loop
    vertex 134.189682 -261.723969 250.000000
    vertex 133.867981 -261.972351 -250.000000
    vertex 134.189682 -261.723969 -250.000000
  endloop
endfacet
facet normal 124.374390 -160.758972 0.000000
  outer loop
    vertex 133.867981 -261.972351 250.000000
    vertex 133.546463 -262.221100 250.000000
    vertex 133.546463 -262.221100 -250.000000
  endloop
endfacet
facet normal 124.374390 -160.758972 0.000000
  outer loop
    vertex 133.867981 -261.972351 250.000000
    vertex 133.546463 -262.221100 -250.000000
    vertex 133.867981 -261.972351 -250.000000
  endloop
endfacet
facet normal 124.511719 -160.667419 0.000000
  outer loop
    vertex 133.546463 -262.221100 250.000000
    vertex 133.225128 -262.470123 250.000000
    vertex 133.225128 -262.470123 -250.000000
  endloop
endfacet
facet normal 124.511719 -160.667419 0.000000
  outer loop
    vertex 133.546463 -262.221100 250.000000
    vertex 133.225128 -262.470123 -250.000000
    vertex 133.546463 -262.221100 -250.000000
  endloop
endfacet
facet normal 124.679565 -160.575867 0.000000
  outer loop
    vertex 133.225128 -262.470123 250.000000
    vertex 132.903976 -262.719482 250.000000
    vertex 132.903976 -262.719482 -250.000000
  endloop
endfacet
facet normal 124.679565 -160.575867 0.000000
  outer loop
    vertex 133.225128 -262.470123 250.000000
    vertex 132.903976 -262.719482 -250.000000
    vertex 133.225128 -262.470123 -250.000000
  endloop
endfacet
facet normal 124.832153 -160.491943 0.000000
  outer loop
    vertex 132.903976 -262.719482 250.000000
    vertex 132.582993 -262.969147 250.000000
    vertex 132.582993 -262.969147 -250.000000
  endloop
endfacet
facet normal 124.832153 -160.491943 0.000000
  outer loop
    vertex 132.903976 -262.719482 250.000000
    vertex 132.582993 -262.969147 -250.000000
    vertex 132.903976 -262.719482 -250.000000
  endloop
endfacet
facet normal 124.984741 -160.400391 0.000000
  outer loop
    vertex 132.582993 -262.969147 250.000000
    vertex 132.262192 -263.219116 250.000000
    vertex 132.262192 -263.219116 -250.000000
  endloop
endfacet
facet normal 124.984741 -160.400391 0.000000
  outer loop
    vertex 132.582993 -262.969147 250.000000
    vertex 132.262192 -263.219116 -250.000000
    vertex 132.582993 -262.969147 -250.000000
  endloop
endfacet
facet normal 125.137329 -160.308838 0.000000
  outer loop
    vertex 132.262192 -263.219116 250.000000
    vertex 131.941574 -263.469391 250.000000
    vertex 131.941574 -263.469391 -250.000000
  endloop
endfacet
facet normal 125.137329 -160.308838 0.000000
  outer loop
    vertex 132.262192 -263.219116 250.000000
    vertex 131.941574 -263.469391 -250.000000
    vertex 132.262192 -263.219116 -250.000000
  endloop
endfacet
facet normal 125.289917 -160.224915 0.000000
  outer loop
    vertex 131.941574 -263.469391 250.000000
    vertex 131.621124 -263.719971 250.000000
    vertex 131.621124 -263.719971 -250.000000
  endloop
endfacet
facet normal 125.289917 -160.224915 0.000000
  outer loop
    vertex 131.941574 -263.469391 250.000000
    vertex 131.621124 -263.719971 -250.000000
    vertex 131.941574 -263.469391 -250.000000
  endloop
endfacet
facet normal 125.442505 -160.133362 0.000000
  outer loop
    vertex 131.621124 -263.719971 250.000000
    vertex 131.300858 -263.970856 250.000000
    vertex 131.300858 -263.970856 -250.000000
  endloop
endfacet
facet normal 125.442505 -160.133362 0.000000
  outer loop
    vertex 131.621124 -263.719971 250.000000
    vertex 131.300858 -263.970856 -250.000000
    vertex 131.621124 -263.719971 -250.000000
  endloop
endfacet
facet normal 125.595093 -160.049438 0.000000
  outer loop
    vertex 131.300858 -263.970856 250.000000
    vertex 130.980759 -264.222046 250.000000
    vertex 130.980759 -264.222046 -250.000000
  endloop
endfacet
facet normal 125.595093 -160.049438 0.000000
  outer loop
    vertex 131.300858 -263.970856 250.000000
    vertex 130.980759 -264.222046 -250.000000
    vertex 131.300858 -263.970856 -250.000000
  endloop
endfacet
facet normal 125.732422 -159.965515 0.000000
  outer loop
    vertex 130.980759 -264.222046 250.000000
    vertex 130.660828 -264.473511 250.000000
    vertex 130.660828 -264.473511 -250.000000
  endloop
endfacet
facet normal 125.732422 -159.965515 0.000000
  outer loop
    vertex 130.980759 -264.222046 250.000000
    vertex 130.660828 -264.473511 -250.000000
    vertex 130.980759 -264.222046 -250.000000
  endloop
endfacet
facet normal 125.900269 -159.873962 0.000000
  outer loop
    vertex 130.660828 -264.473511 250.000000
    vertex 130.341080 -264.725311 250.000000
    vertex 130.341080 -264.725311 -250.000000
  endloop
endfacet
facet normal 125.900269 -159.873962 0.000000
  outer loop
    vertex 130.660828 -264.473511 250.000000
    vertex 130.341080 -264.725311 -250.000000
    vertex 130.660828 -264.473511 -250.000000
  endloop
endfacet
facet normal 126.037598 -159.790039 0.000000
  outer loop
    vertex 130.341080 -264.725311 250.000000
    vertex 130.021500 -264.977386 250.000000
    vertex 130.021500 -264.977386 -250.000000
  endloop
endfacet
facet normal 126.037598 -159.790039 0.000000
  outer loop
    vertex 130.341080 -264.725311 250.000000
    vertex 130.021500 -264.977386 -250.000000
    vertex 130.341080 -264.725311 -250.000000
  endloop
endfacet
facet normal 126.190186 -159.706116 0.000000
  outer loop
    vertex 130.021500 -264.977386 250.000000
    vertex 129.702087 -265.229767 250.000000
    vertex 129.702087 -265.229767 -250.000000
  endloop
endfacet
facet normal 126.190186 -159.706116 0.000000
  outer loop
    vertex 130.021500 -264.977386 250.000000
    vertex 129.702087 -265.229767 -250.000000
    vertex 130.021500 -264.977386 -250.000000
  endloop
endfacet
facet normal 126.327515 -159.622192 0.000000
  outer loop
    vertex 129.702087 -265.229767 250.000000
    vertex 129.382843 -265.482422 250.000000
    vertex 129.382843 -265.482422 -250.000000
  endloop
endfacet
facet normal 126.327515 -159.622192 0.000000
  outer loop
    vertex 129.702087 -265.229767 250.000000
    vertex 129.382843 -265.482422 -250.000000
    vertex 129.702087 -265.229767 -250.000000
  endloop
endfacet
facet normal 126.480103 -159.538269 0.000000
  outer loop
    vertex 129.382843 -265.482422 250.000000
    vertex 129.063766 -265.735382 250.000000
    vertex 129.063766 -265.735382 -250.000000
  endloop
endfacet
facet normal 126.480103 -159.538269 0.000000
  outer loop
    vertex 129.382843 -265.482422 250.000000
    vertex 129.063766 -265.735382 -250.000000
    vertex 129.382843 -265.482422 -250.000000
  endloop
endfacet
facet normal 126.617432 -159.454346 0.000000
  outer loop
    vertex 129.063766 -265.735382 250.000000
    vertex 128.744858 -265.988617 250.000000
    vertex 128.744858 -265.988617 -250.000000
  endloop
endfacet
facet normal 126.617432 -159.454346 0.000000
  outer loop
    vertex 129.063766 -265.735382 250.000000
    vertex 128.744858 -265.988617 -250.000000
    vertex 129.063766 -265.735382 -250.000000
  endloop
endfacet
facet normal 126.770020 -159.370422 0.000000
  outer loop
    vertex 128.744858 -265.988617 250.000000
    vertex 128.426117 -266.242157 250.000000
    vertex 128.426117 -266.242157 -250.000000
  endloop
endfacet
facet normal 126.770020 -159.370422 0.000000
  outer loop
    vertex 128.744858 -265.988617 250.000000
    vertex 128.426117 -266.242157 -250.000000
    vertex 128.744858 -265.988617 -250.000000
  endloop
endfacet
facet normal 126.922607 -159.286499 0.000000
  outer loop
    vertex 128.426117 -266.242157 250.000000
    vertex 128.107544 -266.496002 250.000000
    vertex 128.107544 -266.496002 -250.000000
  endloop
endfacet
facet normal 126.922607 -159.286499 0.000000
  outer loop
    vertex 128.426117 -266.242157 250.000000
    vertex 128.107544 -266.496002 -250.000000
    vertex 128.426117 -266.242157 -250.000000
  endloop
endfacet
facet normal 127.059937 -159.202576 0.000000
  outer loop
    vertex 128.107544 -266.496002 250.000000
    vertex 127.789139 -266.750122 250.000000
    vertex 127.789139 -266.750122 -250.000000
  endloop
endfacet
facet normal 127.059937 -159.202576 0.000000
  outer loop
    vertex 128.107544 -266.496002 250.000000
    vertex 127.789139 -266.750122 -250.000000
    vertex 128.107544 -266.496002 -250.000000
  endloop
endfacet
facet normal 127.197266 -159.118652 0.000000
  outer loop
    vertex 127.789139 -266.750122 250.000000
    vertex 127.470901 -267.004517 250.000000
    vertex 127.470901 -267.004517 -250.000000
  endloop
endfacet
facet normal 127.197266 -159.118652 0.000000
  outer loop
    vertex 127.789139 -266.750122 250.000000
    vertex 127.470901 -267.004517 -250.000000
    vertex 127.789139 -266.750122 -250.000000
  endloop
endfacet
facet normal 127.334595 -159.038544 0.000000
  outer loop
    vertex 127.470901 -267.004517 250.000000
    vertex 127.152824 -267.259186 250.000000
    vertex 127.152824 -267.259186 -250.000000
  endloop
endfacet
facet normal 127.334595 -159.038544 0.000000
  outer loop
    vertex 127.470901 -267.004517 250.000000
    vertex 127.152824 -267.259186 -250.000000
    vertex 127.470901 -267.004517 -250.000000
  endloop
endfacet
facet normal 127.487183 -158.958435 0.000000
  outer loop
    vertex 127.152824 -267.259186 250.000000
    vertex 126.834908 -267.514160 250.000000
    vertex 126.834908 -267.514160 -250.000000
  endloop
endfacet
facet normal 127.487183 -158.958435 0.000000
  outer loop
    vertex 127.152824 -267.259186 250.000000
    vertex 126.834908 -267.514160 -250.000000
    vertex 127.152824 -267.259186 -250.000000
  endloop
endfacet
facet normal 127.624512 -158.874512 0.000000
  outer loop
    vertex 126.834908 -267.514160 250.000000
    vertex 126.517159 -267.769409 250.000000
    vertex 126.517159 -267.769409 -250.000000
  endloop
endfacet
facet normal 127.624512 -158.874512 0.000000
  outer loop
    vertex 126.834908 -267.514160 250.000000
    vertex 126.517159 -267.769409 -250.000000
    vertex 126.834908 -267.514160 -250.000000
  endloop
endfacet
facet normal 127.777100 -158.790588 0.000000
  outer loop
    vertex 126.517159 -267.769409 250.000000
    vertex 126.199577 -268.024963 250.000000
    vertex 126.199577 -268.024963 -250.000000
  endloop
endfacet
facet normal 127.777100 -158.790588 0.000000
  outer loop
    vertex 126.517159 -267.769409 250.000000
    vertex 126.199577 -268.024963 -250.000000
    vertex 126.517159 -267.769409 -250.000000
  endloop
endfacet
facet normal 127.914429 -158.710480 0.000000
  outer loop
    vertex 126.199577 -268.024963 250.000000
    vertex 125.882156 -268.280792 250.000000
    vertex 125.882156 -268.280792 -250.000000
  endloop
endfacet
facet normal 127.914429 -158.710480 0.000000
  outer loop
    vertex 126.199577 -268.024963 250.000000
    vertex 125.882156 -268.280792 -250.000000
    vertex 126.199577 -268.024963 -250.000000
  endloop
endfacet
facet normal 128.051758 -158.630371 0.000000
  outer loop
    vertex 125.882156 -268.280792 250.000000
    vertex 125.564896 -268.536896 250.000000
    vertex 125.564896 -268.536896 -250.000000
  endloop
endfacet
facet normal 128.051758 -158.630371 0.000000
  outer loop
    vertex 125.882156 -268.280792 250.000000
    vertex 125.564896 -268.536896 -250.000000
    vertex 125.882156 -268.280792 -250.000000
  endloop
endfacet
facet normal 128.189087 -158.546448 0.000000
  outer loop
    vertex 125.564896 -268.536896 250.000000
    vertex 125.247803 -268.793274 250.000000
    vertex 125.247803 -268.793274 -250.000000
  endloop
endfacet
facet normal 128.189087 -158.546448 0.000000
  outer loop
    vertex 125.564896 -268.536896 250.000000
    vertex 125.247803 -268.793274 -250.000000
    vertex 125.564896 -268.536896 -250.000000
  endloop
endfacet
facet normal 128.326416 -158.466339 0.000000
  outer loop
    vertex 125.247803 -268.793274 250.000000
    vertex 124.930870 -269.049927 250.000000
    vertex 124.930870 -269.049927 -250.000000
  endloop
endfacet
facet normal 128.326416 -158.466339 0.000000
  outer loop
    vertex 125.247803 -268.793274 250.000000
    vertex 124.930870 -269.049927 -250.000000
    vertex 125.247803 -268.793274 -250.000000
  endloop
endfacet
facet normal 128.479004 -158.386230 0.000000
  outer loop
    vertex 124.930870 -269.049927 250.000000
    vertex 124.614098 -269.306885 250.000000
    vertex 124.614098 -269.306885 -250.000000
  endloop
endfacet
facet normal 128.479004 -158.386230 0.000000
  outer loop
    vertex 124.930870 -269.049927 250.000000
    vertex 124.614098 -269.306885 -250.000000
    vertex 124.930870 -269.049927 -250.000000
  endloop
endfacet
facet normal 128.616333 -158.302307 0.000000
  outer loop
    vertex 124.614098 -269.306885 250.000000
    vertex 124.297493 -269.564117 250.000000
    vertex 124.297493 -269.564117 -250.000000
  endloop
endfacet
facet normal 128.616333 -158.302307 0.000000
  outer loop
    vertex 124.614098 -269.306885 250.000000
    vertex 124.297493 -269.564117 -250.000000
    vertex 124.614098 -269.306885 -250.000000
  endloop
endfacet
facet normal 128.753662 -158.226013 0.000000
  outer loop
    vertex 124.297493 -269.564117 250.000000
    vertex 123.981041 -269.821625 250.000000
    vertex 123.981041 -269.821625 -250.000000
  endloop
endfacet
facet normal 128.753662 -158.226013 0.000000
  outer loop
    vertex 124.297493 -269.564117 250.000000
    vertex 123.981041 -269.821625 -250.000000
    vertex 124.297493 -269.564117 -250.000000
  endloop
endfacet
facet normal 128.890991 -158.142090 0.000000
  outer loop
    vertex 123.981041 -269.821625 250.000000
    vertex 123.664757 -270.079407 250.000000
    vertex 123.664757 -270.079407 -250.000000
  endloop
endfacet
facet normal 128.890991 -158.142090 0.000000
  outer loop
    vertex 123.981041 -269.821625 250.000000
    vertex 123.664757 -270.079407 -250.000000
    vertex 123.981041 -269.821625 -250.000000
  endloop
endfacet
facet normal 129.043579 -158.061981 0.000000
  outer loop
    vertex 123.664757 -270.079407 250.000000
    vertex 123.348633 -270.337494 250.000000
    vertex 123.348633 -270.337494 -250.000000
  endloop
endfacet
facet normal 129.043579 -158.061981 0.000000
  outer loop
    vertex 123.664757 -270.079407 250.000000
    vertex 123.348633 -270.337494 -250.000000
    vertex 123.664757 -270.079407 -250.000000
  endloop
endfacet
facet normal 129.165649 -157.978058 0.000000
  outer loop
    vertex 123.348633 -270.337494 250.000000
    vertex 123.032677 -270.595825 250.000000
    vertex 123.032677 -270.595825 -250.000000
  endloop
endfacet
facet normal 129.165649 -157.978058 0.000000
  outer loop
    vertex 123.348633 -270.337494 250.000000
    vertex 123.032677 -270.595825 -250.000000
    vertex 123.348633 -270.337494 -250.000000
  endloop
endfacet
facet normal 129.318237 -157.901764 0.000000
  outer loop
    vertex 123.032677 -270.595825 250.000000
    vertex 122.716873 -270.854462 250.000000
    vertex 122.716873 -270.854462 -250.000000
  endloop
endfacet
facet normal 129.318237 -157.901764 0.000000
  outer loop
    vertex 123.032677 -270.595825 250.000000
    vertex 122.716873 -270.854462 -250.000000
    vertex 123.032677 -270.595825 -250.000000
  endloop
endfacet
facet normal 129.455566 -157.817841 0.000000
  outer loop
    vertex 122.716873 -270.854462 250.000000
    vertex 122.401237 -271.113373 250.000000
    vertex 122.401237 -271.113373 -250.000000
  endloop
endfacet
facet normal 129.455566 -157.817841 0.000000
  outer loop
    vertex 122.716873 -270.854462 250.000000
    vertex 122.401237 -271.113373 -250.000000
    vertex 122.716873 -270.854462 -250.000000
  endloop
endfacet
facet normal 129.592896 -157.737732 0.000000
  outer loop
    vertex 122.401237 -271.113373 250.000000
    vertex 122.085762 -271.372559 250.000000
    vertex 122.085762 -271.372559 -250.000000
  endloop
endfacet
facet normal 129.592896 -157.737732 0.000000
  outer loop
    vertex 122.401237 -271.113373 250.000000
    vertex 122.085762 -271.372559 -250.000000
    vertex 122.401237 -271.113373 -250.000000
  endloop
endfacet
facet normal 129.745483 -157.657623 0.000000
  outer loop
    vertex 122.085762 -271.372559 250.000000
    vertex 121.770447 -271.632050 250.000000
    vertex 121.770447 -271.632050 -250.000000
  endloop
endfacet
facet normal 129.745483 -157.657623 0.000000
  outer loop
    vertex 122.085762 -271.372559 250.000000
    vertex 121.770447 -271.632050 -250.000000
    vertex 122.085762 -271.372559 -250.000000
  endloop
endfacet
facet normal 129.867554 -157.577515 0.000000
  outer loop
    vertex 121.770447 -271.632050 250.000000
    vertex 121.455292 -271.891785 250.000000
    vertex 121.455292 -271.891785 -250.000000
  endloop
endfacet
facet normal 129.867554 -157.577515 0.000000
  outer loop
    vertex 121.770447 -271.632050 250.000000
    vertex 121.455292 -271.891785 -250.000000
    vertex 121.770447 -271.632050 -250.000000
  endloop
endfacet
facet normal 130.020142 -157.493591 0.000000
  outer loop
    vertex 121.455292 -271.891785 250.000000
    vertex 121.140305 -272.151825 250.000000
    vertex 121.140305 -272.151825 -250.000000
  endloop
endfacet
facet normal 130.020142 -157.493591 0.000000
  outer loop
    vertex 121.455292 -271.891785 250.000000
    vertex 121.140305 -272.151825 -250.000000
    vertex 121.455292 -271.891785 -250.000000
  endloop
endfacet
facet normal 130.157471 -157.413483 0.000000
  outer loop
    vertex 121.140305 -272.151825 250.000000
    vertex 120.825478 -272.412140 250.000000
    vertex 120.825478 -272.412140 -250.000000
  endloop
endfacet
facet normal 130.157471 -157.413483 0.000000
  outer loop
    vertex 121.140305 -272.151825 250.000000
    vertex 120.825478 -272.412140 -250.000000
    vertex 121.140305 -272.151825 -250.000000
  endloop
endfacet
facet normal 130.294800 -157.333374 0.000000
  outer loop
    vertex 120.825478 -272.412140 250.000000
    vertex 120.510811 -272.672729 250.000000
    vertex 120.510811 -272.672729 -250.000000
  endloop
endfacet
facet normal 130.294800 -157.333374 0.000000
  outer loop
    vertex 120.825478 -272.412140 250.000000
    vertex 120.510811 -272.672729 -250.000000
    vertex 120.825478 -272.412140 -250.000000
  endloop
endfacet
facet normal 130.447388 -157.249451 0.000000
  outer loop
    vertex 120.510811 -272.672729 250.000000
    vertex 120.196312 -272.933624 250.000000
    vertex 120.196312 -272.933624 -250.000000
  endloop
endfacet
facet normal 130.447388 -157.249451 0.000000
  outer loop
    vertex 120.510811 -272.672729 250.000000
    vertex 120.196312 -272.933624 -250.000000
    vertex 120.510811 -272.672729 -250.000000
  endloop
endfacet
facet normal 130.569458 -157.169342 0.000000
  outer loop
    vertex 120.196312 -272.933624 250.000000
    vertex 119.881973 -273.194763 250.000000
    vertex 119.881973 -273.194763 -250.000000
  endloop
endfacet
facet normal 130.569458 -157.169342 0.000000
  outer loop
    vertex 120.196312 -272.933624 250.000000
    vertex 119.881973 -273.194763 -250.000000
    vertex 120.196312 -272.933624 -250.000000
  endloop
endfacet
facet normal 130.722046 -157.089233 0.000000
  outer loop
    vertex 119.881973 -273.194763 250.000000
    vertex 119.567795 -273.456207 250.000000
    vertex 119.567795 -273.456207 -250.000000
  endloop
endfacet
facet normal 130.722046 -157.089233 0.000000
  outer loop
    vertex 119.881973 -273.194763 250.000000
    vertex 119.567795 -273.456207 -250.000000
    vertex 119.881973 -273.194763 -250.000000
  endloop
endfacet
facet normal 130.874634 -157.005310 0.000000
  outer loop
    vertex 119.567795 -273.456207 250.000000
    vertex 119.253784 -273.717957 250.000000
    vertex 119.253784 -273.717957 -250.000000
  endloop
endfacet
facet normal 130.874634 -157.005310 0.000000
  outer loop
    vertex 119.567795 -273.456207 250.000000
    vertex 119.253784 -273.717957 -250.000000
    vertex 119.567795 -273.456207 -250.000000
  endloop
endfacet
facet normal 130.996704 -156.921387 0.000000
  outer loop
    vertex 119.253784 -273.717957 250.000000
    vertex 118.939941 -273.979950 250.000000
    vertex 118.939941 -273.979950 -250.000000
  endloop
endfacet
facet normal 130.996704 -156.921387 0.000000
  outer loop
    vertex 119.253784 -273.717957 250.000000
    vertex 118.939941 -273.979950 -250.000000
    vertex 119.253784 -273.717957 -250.000000
  endloop
endfacet
facet normal 131.164551 -156.841278 0.000000
  outer loop
    vertex 118.939941 -273.979950 250.000000
    vertex 118.626259 -274.242279 250.000000
    vertex 118.626259 -274.242279 -250.000000
  endloop
endfacet
facet normal 131.164551 -156.841278 0.000000
  outer loop
    vertex 118.939941 -273.979950 250.000000
    vertex 118.626259 -274.242279 -250.000000
    vertex 118.939941 -273.979950 -250.000000
  endloop
endfacet
facet normal 131.286621 -156.757355 0.000000
  outer loop
    vertex 118.626259 -274.242279 250.000000
    vertex 118.312744 -274.504852 250.000000
    vertex 118.312744 -274.504852 -250.000000
  endloop
endfacet
facet normal 131.286621 -156.757355 0.000000
  outer loop
    vertex 118.626259 -274.242279 250.000000
    vertex 118.312744 -274.504852 -250.000000
    vertex 118.626259 -274.242279 -250.000000
  endloop
endfacet
facet normal 131.439209 -156.673431 0.000000
  outer loop
    vertex 118.312744 -274.504852 250.000000
    vertex 117.999397 -274.767731 250.000000
    vertex 117.999397 -274.767731 -250.000000
  endloop
endfacet
facet normal 131.439209 -156.673431 0.000000
  outer loop
    vertex 118.312744 -274.504852 250.000000
    vertex 117.999397 -274.767731 -250.000000
    vertex 118.312744 -274.504852 -250.000000
  endloop
endfacet
facet normal 131.576538 -156.589508 0.000000
  outer loop
    vertex 117.999397 -274.767731 250.000000
    vertex 117.686218 -275.030884 250.000000
    vertex 117.686218 -275.030884 -250.000000
  endloop
endfacet
facet normal 131.576538 -156.589508 0.000000
  outer loop
    vertex 117.999397 -274.767731 250.000000
    vertex 117.686218 -275.030884 -250.000000
    vertex 117.999397 -274.767731 -250.000000
  endloop
endfacet
facet normal 131.729126 -156.505585 0.000000
  outer loop
    vertex 117.686218 -275.030884 250.000000
    vertex 117.373207 -275.294342 250.000000
    vertex 117.373207 -275.294342 -250.000000
  endloop
endfacet
facet normal 131.729126 -156.505585 0.000000
  outer loop
    vertex 117.686218 -275.030884 250.000000
    vertex 117.373207 -275.294342 -250.000000
    vertex 117.686218 -275.030884 -250.000000
  endloop
endfacet
facet normal 131.881714 -156.425476 0.000000
  outer loop
    vertex 117.373207 -275.294342 250.000000
    vertex 117.060356 -275.558105 250.000000
    vertex 117.060356 -275.558105 -250.000000
  endloop
endfacet
facet normal 131.881714 -156.425476 0.000000
  outer loop
    vertex 117.373207 -275.294342 250.000000
    vertex 117.060356 -275.558105 -250.000000
    vertex 117.373207 -275.294342 -250.000000
  endloop
endfacet
facet normal 132.019043 -156.337738 0.000000
  outer loop
    vertex 117.060356 -275.558105 250.000000
    vertex 116.747681 -275.822144 250.000000
    vertex 116.747681 -275.822144 -250.000000
  endloop
endfacet
facet normal 132.019043 -156.337738 0.000000
  outer loop
    vertex 117.060356 -275.558105 250.000000
    vertex 116.747681 -275.822144 -250.000000
    vertex 117.060356 -275.558105 -250.000000
  endloop
endfacet
facet normal 132.156372 -156.253815 0.000000
  outer loop
    vertex 116.747681 -275.822144 250.000000
    vertex 116.435173 -276.086456 250.000000
    vertex 116.435173 -276.086456 -250.000000
  endloop
endfacet
facet normal 132.156372 -156.253815 0.000000
  outer loop
    vertex 116.747681 -275.822144 250.000000
    vertex 116.435173 -276.086456 -250.000000
    vertex 116.747681 -275.822144 -250.000000
  endloop
endfacet
facet normal 132.324219 -156.169891 0.000000
  outer loop
    vertex 116.435173 -276.086456 250.000000
    vertex 116.122833 -276.351105 250.000000
    vertex 116.122833 -276.351105 -250.000000
  endloop
endfacet
facet normal 132.324219 -156.169891 0.000000
  outer loop
    vertex 116.435173 -276.086456 250.000000
    vertex 116.122833 -276.351105 -250.000000
    vertex 116.435173 -276.086456 -250.000000
  endloop
endfacet
facet normal 132.461548 -156.082153 0.000000
  outer loop
    vertex 116.122833 -276.351105 250.000000
    vertex 115.810669 -276.616028 250.000000
    vertex 115.810669 -276.616028 -250.000000
  endloop
endfacet
facet normal 132.461548 -156.082153 0.000000
  outer loop
    vertex 116.122833 -276.351105 250.000000
    vertex 115.810669 -276.616028 -250.000000
    vertex 116.122833 -276.351105 -250.000000
  endloop
endfacet
facet normal 132.598877 -155.998230 0.000000
  outer loop
    vertex 115.810669 -276.616028 250.000000
    vertex 115.498672 -276.881226 250.000000
    vertex 115.498672 -276.881226 -250.000000
  endloop
endfacet
facet normal 132.598877 -155.998230 0.000000
  outer loop
    vertex 115.810669 -276.616028 250.000000
    vertex 115.498672 -276.881226 -250.000000
    vertex 115.810669 -276.616028 -250.000000
  endloop
endfacet
facet normal 132.766724 -155.910492 0.000000
  outer loop
    vertex 115.498672 -276.881226 250.000000
    vertex 115.186852 -277.146759 250.000000
    vertex 115.186852 -277.146759 -250.000000
  endloop
endfacet
facet normal 132.766724 -155.910492 0.000000
  outer loop
    vertex 115.498672 -276.881226 250.000000
    vertex 115.186852 -277.146759 -250.000000
    vertex 115.498672 -276.881226 -250.000000
  endloop
endfacet
facet normal 132.904053 -155.822754 0.000000
  outer loop
    vertex 115.186852 -277.146759 250.000000
    vertex 114.875206 -277.412567 250.000000
    vertex 114.875206 -277.412567 -250.000000
  endloop
endfacet
facet normal 132.904053 -155.822754 0.000000
  outer loop
    vertex 115.186852 -277.146759 250.000000
    vertex 114.875206 -277.412567 -250.000000
    vertex 115.186852 -277.146759 -250.000000
  endloop
endfacet
facet normal 133.056641 -155.738831 0.000000
  outer loop
    vertex 114.875206 -277.412567 250.000000
    vertex 114.563728 -277.678680 250.000000
    vertex 114.563728 -277.678680 -250.000000
  endloop
endfacet
facet normal 133.056641 -155.738831 0.000000
  outer loop
    vertex 114.875206 -277.412567 250.000000
    vertex 114.563728 -277.678680 -250.000000
    vertex 114.875206 -277.412567 -250.000000
  endloop
endfacet
facet normal 133.224487 -155.651093 0.000000
  outer loop
    vertex 114.563728 -277.678680 250.000000
    vertex 114.252426 -277.945129 250.000000
    vertex 114.252426 -277.945129 -250.000000
  endloop
endfacet
facet normal 133.224487 -155.651093 0.000000
  outer loop
    vertex 114.563728 -277.678680 250.000000
    vertex 114.252426 -277.945129 -250.000000
    vertex 114.563728 -277.678680 -250.000000
  endloop
endfacet
facet normal 133.361816 -155.559540 0.000000
  outer loop
    vertex 114.252426 -277.945129 250.000000
    vertex 113.941307 -278.211853 250.000000
    vertex 113.941307 -278.211853 -250.000000
  endloop
endfacet
facet normal 133.361816 -155.559540 0.000000
  outer loop
    vertex 114.252426 -277.945129 250.000000
    vertex 113.941307 -278.211853 -250.000000
    vertex 114.252426 -277.945129 -250.000000
  endloop
endfacet
facet normal 133.514404 -155.471802 0.000000
  outer loop
    vertex 113.941307 -278.211853 250.000000
    vertex 113.630363 -278.478882 250.000000
    vertex 113.630363 -278.478882 -250.000000
  endloop
endfacet
facet normal 133.514404 -155.471802 0.000000
  outer loop
    vertex 113.941307 -278.211853 250.000000
    vertex 113.630363 -278.478882 -250.000000
    vertex 113.941307 -278.211853 -250.000000
  endloop
endfacet
facet normal 133.682251 -155.384064 0.000000
  outer loop
    vertex 113.630363 -278.478882 250.000000
    vertex 113.319595 -278.746246 250.000000
    vertex 113.319595 -278.746246 -250.000000
  endloop
endfacet
facet normal 133.682251 -155.384064 0.000000
  outer loop
    vertex 113.630363 -278.478882 250.000000
    vertex 113.319595 -278.746246 -250.000000
    vertex 113.630363 -278.478882 -250.000000
  endloop
endfacet
facet normal 133.819580 -155.292511 0.000000
  outer loop
    vertex 113.319595 -278.746246 250.000000
    vertex 113.009010 -279.013885 250.000000
    vertex 113.009010 -279.013885 -250.000000
  endloop
endfacet
facet normal 133.819580 -155.292511 0.000000
  outer loop
    vertex 113.319595 -278.746246 250.000000
    vertex 113.009010 -279.013885 -250.000000
    vertex 113.319595 -278.746246 -250.000000
  endloop
endfacet
facet normal 133.987427 -155.204773 0.000000
  outer loop
    vertex 113.009010 -279.013885 250.000000
    vertex 112.698601 -279.281860 250.000000
    vertex 112.698601 -279.281860 -250.000000
  endloop
endfacet
facet normal 133.987427 -155.204773 0.000000
  outer loop
    vertex 113.009010 -279.013885 250.000000
    vertex 112.698601 -279.281860 -250.000000
    vertex 113.009010 -279.013885 -250.000000
  endloop
endfacet
facet normal 134.155273 -155.113220 0.000000
  outer loop
    vertex 112.698601 -279.281860 250.000000
    vertex 112.388374 -279.550171 250.000000
    vertex 112.388374 -279.550171 -250.000000
  endloop
endfacet
facet normal 134.155273 -155.113220 0.000000
  outer loop
    vertex 112.698601 -279.281860 250.000000
    vertex 112.388374 -279.550171 -250.000000
    vertex 112.698601 -279.281860 -250.000000
  endloop
endfacet
facet normal 134.292603 -155.017853 0.000000
  outer loop
    vertex 112.388374 -279.550171 250.000000
    vertex 112.078339 -279.818756 250.000000
    vertex 112.078339 -279.818756 -250.000000
  endloop
endfacet
facet normal 134.292603 -155.017853 0.000000
  outer loop
    vertex 112.388374 -279.550171 250.000000
    vertex 112.078339 -279.818756 -250.000000
    vertex 112.388374 -279.550171 -250.000000
  endloop
endfacet
facet normal 134.460449 -154.930115 0.000000
  outer loop
    vertex 112.078339 -279.818756 250.000000
    vertex 111.768478 -280.087677 250.000000
    vertex 111.768478 -280.087677 -250.000000
  endloop
endfacet
facet normal 134.460449 -154.930115 0.000000
  outer loop
    vertex 112.078339 -279.818756 250.000000
    vertex 111.768478 -280.087677 -250.000000
    vertex 112.078339 -279.818756 -250.000000
  endloop
endfacet
facet normal 134.628296 -154.834747 0.000000
  outer loop
    vertex 111.768478 -280.087677 250.000000
    vertex 111.458809 -280.356934 250.000000
    vertex 111.458809 -280.356934 -250.000000
  endloop
endfacet
facet normal 134.628296 -154.834747 0.000000
  outer loop
    vertex 111.768478 -280.087677 250.000000
    vertex 111.458809 -280.356934 -250.000000
    vertex 111.768478 -280.087677 -250.000000
  endloop
endfacet
facet normal 134.780884 -154.743195 0.000000
  outer loop
    vertex 111.458809 -280.356934 250.000000
    vertex 111.149323 -280.626495 250.000000
    vertex 111.149323 -280.626495 -250.000000
  endloop
endfacet
facet normal 134.780884 -154.743195 0.000000
  outer loop
    vertex 111.458809 -280.356934 250.000000
    vertex 111.149323 -280.626495 -250.000000
    vertex 111.458809 -280.356934 -250.000000
  endloop
endfacet
facet normal 134.948730 -154.647827 0.000000
  outer loop
    vertex 111.149323 -280.626495 250.000000
    vertex 110.840027 -280.896393 250.000000
    vertex 110.840027 -280.896393 -250.000000
  endloop
endfacet
facet normal 134.948730 -154.647827 0.000000
  outer loop
    vertex 111.149323 -280.626495 250.000000
    vertex 110.840027 -280.896393 -250.000000
    vertex 111.149323 -280.626495 -250.000000
  endloop
endfacet
facet normal 135.116577 -154.552460 0.000000
  outer loop
    vertex 110.840027 -280.896393 250.000000
    vertex 110.530922 -281.166626 250.000000
    vertex 110.530922 -281.166626 -250.000000
  endloop
endfacet
facet normal 135.116577 -154.552460 0.000000
  outer loop
    vertex 110.840027 -280.896393 250.000000
    vertex 110.530922 -281.166626 -250.000000
    vertex 110.840027 -280.896393 -250.000000
  endloop
endfacet
facet normal 135.269165 -154.457092 0.000000
  outer loop
    vertex 110.530922 -281.166626 250.000000
    vertex 110.222008 -281.437164 250.000000
    vertex 110.222008 -281.437164 -250.000000
  endloop
endfacet
facet normal 135.269165 -154.457092 0.000000
  outer loop
    vertex 110.530922 -281.166626 250.000000
    vertex 110.222008 -281.437164 -250.000000
    vertex 110.530922 -281.166626 -250.000000
  endloop
endfacet
facet normal 135.437012 -154.361725 0.000000
  outer loop
    vertex 110.222008 -281.437164 250.000000
    vertex 109.913284 -281.708038 250.000000
    vertex 109.913284 -281.708038 -250.000000
  endloop
endfacet
facet normal 135.437012 -154.361725 0.000000
  outer loop
    vertex 110.222008 -281.437164 250.000000
    vertex 109.913284 -281.708038 -250.000000
    vertex 110.222008 -281.437164 -250.000000
  endloop
endfacet
facet normal 135.620117 -154.266357 0.000000
  outer loop
    vertex 109.913284 -281.708038 250.000000
    vertex 109.604752 -281.979279 250.000000
    vertex 109.604752 -281.979279 -250.000000
  endloop
endfacet
facet normal 135.620117 -154.266357 0.000000
  outer loop
    vertex 109.913284 -281.708038 250.000000
    vertex 109.604752 -281.979279 -250.000000
    vertex 109.913284 -281.708038 -250.000000
  endloop
endfacet
facet normal 135.772705 -154.167175 0.000000
  outer loop
    vertex 109.604752 -281.979279 250.000000
    vertex 109.296417 -282.250824 250.000000
    vertex 109.296417 -282.250824 -250.000000
  endloop
endfacet
facet normal 135.772705 -154.167175 0.000000
  outer loop
    vertex 109.604752 -281.979279 250.000000
    vertex 109.296417 -282.250824 -250.000000
    vertex 109.604752 -281.979279 -250.000000
  endloop
endfacet
facet normal 135.955811 -154.067993 0.000000
  outer loop
    vertex 109.296417 -282.250824 250.000000
    vertex 108.988281 -282.522736 250.000000
    vertex 108.988281 -282.522736 -250.000000
  endloop
endfacet
facet normal 135.955811 -154.067993 0.000000
  outer loop
    vertex 109.296417 -282.250824 250.000000
    vertex 108.988281 -282.522736 -250.000000
    vertex 109.296417 -282.250824 -250.000000
  endloop
endfacet
facet normal 136.123657 -153.972626 0.000000
  outer loop
    vertex 108.988281 -282.522736 250.000000
    vertex 108.680336 -282.794983 250.000000
    vertex 108.680336 -282.794983 -250.000000
  endloop
endfacet
facet normal 136.123657 -153.972626 0.000000
  outer loop
    vertex 108.988281 -282.522736 250.000000
    vertex 108.680336 -282.794983 -250.000000
    vertex 108.988281 -282.522736 -250.000000
  endloop
endfacet
facet normal 136.291504 -153.869629 0.000000
  outer loop
    vertex 108.680336 -282.794983 250.000000
    vertex 108.372597 -283.067566 250.000000
    vertex 108.372597 -283.067566 -250.000000
  endloop
endfacet
facet normal 136.291504 -153.869629 0.000000
  outer loop
    vertex 108.680336 -282.794983 250.000000
    vertex 108.372597 -283.067566 -250.000000
    vertex 108.680336 -282.794983 -250.000000
  endloop
endfacet
facet normal 136.474609 -153.766632 0.000000
  outer loop
    vertex 108.372597 -283.067566 250.000000
    vertex 108.065063 -283.340515 250.000000
    vertex 108.065063 -283.340515 -250.000000
  endloop
endfacet
facet normal 136.474609 -153.766632 0.000000
  outer loop
    vertex 108.372597 -283.067566 250.000000
    vertex 108.065063 -283.340515 -250.000000
    vertex 108.372597 -283.067566 -250.000000
  endloop
endfacet
facet normal 136.642456 -153.667450 0.000000
  outer loop
    vertex 108.065063 -283.340515 250.000000
    vertex 107.757729 -283.613800 250.000000
    vertex 107.757729 -283.613800 -250.000000
  endloop
endfacet
facet normal 136.642456 -153.667450 0.000000
  outer loop
    vertex 108.065063 -283.340515 250.000000
    vertex 107.757729 -283.613800 -250.000000
    vertex 108.065063 -283.340515 -250.000000
  endloop
endfacet
facet normal 136.825562 -153.564453 0.000000
  outer loop
    vertex 107.757729 -283.613800 250.000000
    vertex 107.450600 -283.887451 250.000000
    vertex 107.450600 -283.887451 -250.000000
  endloop
endfacet
facet normal 136.825562 -153.564453 0.000000
  outer loop
    vertex 107.757729 -283.613800 250.000000
    vertex 107.450600 -283.887451 -250.000000
    vertex 107.757729 -283.613800 -250.000000
  endloop
endfacet
facet normal 137.008667 -153.461456 0.000000
  outer loop
    vertex 107.450600 -283.887451 250.000000
    vertex 107.143677 -284.161469 250.000000
    vertex 107.143677 -284.161469 -250.000000
  endloop
endfacet
facet normal 137.008667 -153.461456 0.000000
  outer loop
    vertex 107.450600 -283.887451 250.000000
    vertex 107.143677 -284.161469 -250.000000
    vertex 107.450600 -283.887451 -250.000000
  endloop
endfacet
facet normal 136.901855 -142.608643 0.000000
  outer loop
    vertex 107.143677 -284.161469 250.000000
    vertex 106.858459 -284.435272 250.000000
    vertex 106.858459 -284.435272 -250.000000
  endloop
endfacet
facet normal 136.901855 -142.608643 0.000000
  outer loop
    vertex 107.143677 -284.161469 250.000000
    vertex 106.858459 -284.435272 -250.000000
    vertex 107.143677 -284.161469 -250.000000
  endloop
endfacet
facet normal 135.086060 -62.526703 0.000000
  outer loop
    vertex 106.858459 -284.435272 250.000000
    vertex 106.733406 -284.705444 250.000000
    vertex 106.733406 -284.705444 -250.000000
  endloop
endfacet
facet normal 135.086060 -62.526703 0.000000
  outer loop
    vertex 106.858459 -284.435272 250.000000
    vertex 106.733406 -284.705444 -250.000000
    vertex 106.858459 -284.435272 -250.000000
  endloop
endfacet
facet normal 132.934570 29.911041 0.000000
  outer loop
    vertex 106.733406 -284.705444 250.000000
    vertex 106.793228 -284.971313 250.000000
    vertex 106.793228 -284.971313 -250.000000
  endloop
endfacet
facet normal 132.934570 29.911041 0.000000
  outer loop
    vertex 106.733406 -284.705444 250.000000
    vertex 106.793228 -284.971313 -250.000000
    vertex 106.733406 -284.705444 -250.000000
  endloop
endfacet
endsolid VAWT2.stl
