solid VAWT3.stl
facet normal -246.650696 -275.878906 0.000000
  outer loop
    vertex 193.395767 234.971298 250.000000
    vertex 192.844009 235.464600 250.000000
    vertex 192.844009 235.464600 -250.000000
  endloop
endfacet
facet normal -246.650696 -275.878906 -0.000000
  outer loop
    vertex 193.395767 234.971298 250.000000
    vertex 192.844009 235.464600 -250.000000
    vertex 193.395767 234.971298 -250.000000
  endloop
endfacet
facet normal -191.215515 -214.202881 0.000000
  outer loop
    vertex 192.844009 235.464600 250.000000
    vertex 192.415604 235.847031 250.000000
    vertex 192.415604 235.847031 -250.000000
  endloop
endfacet
facet normal -191.215515 -214.202881 -0.000000
  outer loop
    vertex 192.844009 235.464600 250.000000
    vertex 192.415604 235.847031 -250.000000
    vertex 192.844009 235.464600 -250.000000
  endloop
endfacet
facet normal -143.173218 -160.812378 0.000000
  outer loop
    vertex 192.415604 235.847031 250.000000
    vertex 192.093979 236.133377 250.000000
    vertex 192.093979 236.133377 -250.000000
  endloop
endfacet
facet normal -143.173218 -160.812378 -0.000000
  outer loop
    vertex 192.415604 235.847031 250.000000
    vertex 192.093979 236.133377 -250.000000
    vertex 192.415604 235.847031 -250.000000
  endloop
endfacet
facet normal -136.558533 -153.717041 0.000000
  outer loop
    vertex 192.093979 236.133377 250.000000
    vertex 191.786545 236.406494 250.000000
    vertex 191.786545 236.406494 -250.000000
  endloop
endfacet
facet normal -136.558533 -153.717041 -0.000000
  outer loop
    vertex 192.093979 236.133377 250.000000
    vertex 191.786545 236.406494 -250.000000
    vertex 192.093979 236.133377 -250.000000
  endloop
endfacet
facet normal -136.383057 -153.816223 0.000000
  outer loop
    vertex 191.786545 236.406494 250.000000
    vertex 191.478912 236.679260 250.000000
    vertex 191.478912 236.679260 -250.000000
  endloop
endfacet
facet normal -136.383057 -153.816223 -0.000000
  outer loop
    vertex 191.786545 236.406494 250.000000
    vertex 191.478912 236.679260 -250.000000
    vertex 191.786545 236.406494 -250.000000
  endloop
endfacet
facet normal -136.215210 -153.915405 0.000000
  outer loop
    vertex 191.478912 236.679260 250.000000
    vertex 191.171082 236.951691 250.000000
    vertex 191.171082 236.951691 -250.000000
  endloop
endfacet
facet normal -136.215210 -153.915405 -0.000000
  outer loop
    vertex 191.478912 236.679260 250.000000
    vertex 191.171082 236.951691 -250.000000
    vertex 191.478912 236.679260 -250.000000
  endloop
endfacet
facet normal -136.039734 -154.022217 0.000000
  outer loop
    vertex 191.171082 236.951691 250.000000
    vertex 190.863037 237.223770 250.000000
    vertex 190.863037 237.223770 -250.000000
  endloop
endfacet
facet normal -136.039734 -154.022217 -0.000000
  outer loop
    vertex 191.171082 236.951691 250.000000
    vertex 190.863037 237.223770 -250.000000
    vertex 191.171082 236.951691 -250.000000
  endloop
endfacet
facet normal -135.864258 -154.113770 0.000000
  outer loop
    vertex 190.863037 237.223770 250.000000
    vertex 190.554810 237.495499 250.000000
    vertex 190.554810 237.495499 -250.000000
  endloop
endfacet
facet normal -135.864258 -154.113770 -0.000000
  outer loop
    vertex 190.863037 237.223770 250.000000
    vertex 190.554810 237.495499 -250.000000
    vertex 190.863037 237.223770 -250.000000
  endloop
endfacet
facet normal -135.696411 -154.212952 0.000000
  outer loop
    vertex 190.554810 237.495499 250.000000
    vertex 190.246384 237.766891 250.000000
    vertex 190.246384 237.766891 -250.000000
  endloop
endfacet
facet normal -135.696411 -154.212952 -0.000000
  outer loop
    vertex 190.554810 237.495499 250.000000
    vertex 190.246384 237.766891 -250.000000
    vertex 190.554810 237.495499 -250.000000
  endloop
endfacet
facet normal -135.536194 -154.312134 0.000000
  outer loop
    vertex 190.246384 237.766891 250.000000
    vertex 189.937759 238.037964 250.000000
    vertex 189.937759 238.037964 -250.000000
  endloop
endfacet
facet normal -135.536194 -154.312134 -0.000000
  outer loop
    vertex 190.246384 237.766891 250.000000
    vertex 189.937759 238.037964 -250.000000
    vertex 190.246384 237.766891 -250.000000
  endloop
endfacet
facet normal -135.360718 -154.411316 0.000000
  outer loop
    vertex 189.937759 238.037964 250.000000
    vertex 189.628937 238.308685 250.000000
    vertex 189.628937 238.308685 -250.000000
  endloop
endfacet
facet normal -135.360718 -154.411316 -0.000000
  outer loop
    vertex 189.937759 238.037964 250.000000
    vertex 189.628937 238.308685 -250.000000
    vertex 189.937759 238.037964 -250.000000
  endloop
endfacet
facet normal -135.192871 -154.502869 0.000000
  outer loop
    vertex 189.628937 238.308685 250.000000
    vertex 189.319931 238.579071 250.000000
    vertex 189.319931 238.579071 -250.000000
  endloop
endfacet
facet normal -135.192871 -154.502869 -0.000000
  outer loop
    vertex 189.628937 238.308685 250.000000
    vertex 189.319931 238.579071 -250.000000
    vertex 189.628937 238.308685 -250.000000
  endloop
endfacet
facet normal -135.032654 -154.602051 0.000000
  outer loop
    vertex 189.319931 238.579071 250.000000
    vertex 189.010727 238.849136 250.000000
    vertex 189.010727 238.849136 -250.000000
  endloop
endfacet
facet normal -135.032654 -154.602051 -0.000000
  outer loop
    vertex 189.319931 238.579071 250.000000
    vertex 189.010727 238.849136 -250.000000
    vertex 189.319931 238.579071 -250.000000
  endloop
endfacet
facet normal -134.872437 -154.693604 0.000000
  outer loop
    vertex 189.010727 238.849136 250.000000
    vertex 188.701340 239.118881 250.000000
    vertex 188.701340 239.118881 -250.000000
  endloop
endfacet
facet normal -134.872437 -154.693604 -0.000000
  outer loop
    vertex 189.010727 238.849136 250.000000
    vertex 188.701340 239.118881 -250.000000
    vertex 189.010727 238.849136 -250.000000
  endloop
endfacet
facet normal -134.704590 -154.785156 0.000000
  outer loop
    vertex 188.701340 239.118881 250.000000
    vertex 188.391769 239.388290 250.000000
    vertex 188.391769 239.388290 -250.000000
  endloop
endfacet
facet normal -134.704590 -154.785156 -0.000000
  outer loop
    vertex 188.701340 239.118881 250.000000
    vertex 188.391769 239.388290 -250.000000
    vertex 188.701340 239.118881 -250.000000
  endloop
endfacet
facet normal -134.544373 -154.876709 0.000000
  outer loop
    vertex 188.391769 239.388290 250.000000
    vertex 188.082016 239.657379 250.000000
    vertex 188.082016 239.657379 -250.000000
  endloop
endfacet
facet normal -134.544373 -154.876709 -0.000000
  outer loop
    vertex 188.391769 239.388290 250.000000
    vertex 188.082016 239.657379 -250.000000
    vertex 188.391769 239.388290 -250.000000
  endloop
endfacet
facet normal -134.384155 -154.975891 0.000000
  outer loop
    vertex 188.082016 239.657379 250.000000
    vertex 187.772064 239.926147 250.000000
    vertex 187.772064 239.926147 -250.000000
  endloop
endfacet
facet normal -134.384155 -154.975891 -0.000000
  outer loop
    vertex 188.082016 239.657379 250.000000
    vertex 187.772064 239.926147 -250.000000
    vertex 188.082016 239.657379 -250.000000
  endloop
endfacet
facet normal -134.223938 -155.067444 0.000000
  outer loop
    vertex 187.772064 239.926147 250.000000
    vertex 187.461929 240.194595 250.000000
    vertex 187.461929 240.194595 -250.000000
  endloop
endfacet
facet normal -134.223938 -155.067444 -0.000000
  outer loop
    vertex 187.772064 239.926147 250.000000
    vertex 187.461929 240.194595 -250.000000
    vertex 187.772064 239.926147 -250.000000
  endloop
endfacet
facet normal -134.071350 -155.151367 0.000000
  outer loop
    vertex 187.461929 240.194595 250.000000
    vertex 187.151627 240.462738 250.000000
    vertex 187.151627 240.462738 -250.000000
  endloop
endfacet
facet normal -134.071350 -155.151367 -0.000000
  outer loop
    vertex 187.461929 240.194595 250.000000
    vertex 187.151627 240.462738 -250.000000
    vertex 187.461929 240.194595 -250.000000
  endloop
endfacet
facet normal -133.903503 -155.250549 0.000000
  outer loop
    vertex 187.151627 240.462738 250.000000
    vertex 186.841125 240.730545 250.000000
    vertex 186.841125 240.730545 -250.000000
  endloop
endfacet
facet normal -133.903503 -155.250549 -0.000000
  outer loop
    vertex 187.151627 240.462738 250.000000
    vertex 186.841125 240.730545 -250.000000
    vertex 187.151627 240.462738 -250.000000
  endloop
endfacet
facet normal -133.758545 -155.334473 0.000000
  outer loop
    vertex 186.841125 240.730545 250.000000
    vertex 186.530457 240.998062 250.000000
    vertex 186.530457 240.998062 -250.000000
  endloop
endfacet
facet normal -133.758545 -155.334473 -0.000000
  outer loop
    vertex 186.841125 240.730545 250.000000
    vertex 186.530457 240.998062 -250.000000
    vertex 186.841125 240.730545 -250.000000
  endloop
endfacet
facet normal -133.598328 -155.426025 0.000000
  outer loop
    vertex 186.530457 240.998062 250.000000
    vertex 186.219604 241.265259 250.000000
    vertex 186.219604 241.265259 -250.000000
  endloop
endfacet
facet normal -133.598328 -155.426025 -0.000000
  outer loop
    vertex 186.530457 240.998062 250.000000
    vertex 186.219604 241.265259 -250.000000
    vertex 186.530457 240.998062 -250.000000
  endloop
endfacet
facet normal -133.445740 -155.517578 0.000000
  outer loop
    vertex 186.219604 241.265259 250.000000
    vertex 185.908569 241.532150 250.000000
    vertex 185.908569 241.532150 -250.000000
  endloop
endfacet
facet normal -133.445740 -155.517578 -0.000000
  outer loop
    vertex 186.219604 241.265259 250.000000
    vertex 185.908569 241.532150 -250.000000
    vertex 186.219604 241.265259 -250.000000
  endloop
endfacet
facet normal -133.293152 -155.601501 0.000000
  outer loop
    vertex 185.908569 241.532150 250.000000
    vertex 185.597366 241.798737 250.000000
    vertex 185.597366 241.798737 -250.000000
  endloop
endfacet
facet normal -133.293152 -155.601501 -0.000000
  outer loop
    vertex 185.908569 241.532150 250.000000
    vertex 185.597366 241.798737 -250.000000
    vertex 185.908569 241.532150 -250.000000
  endloop
endfacet
facet normal -133.140564 -155.693054 0.000000
  outer loop
    vertex 185.597366 241.798737 250.000000
    vertex 185.285980 242.065018 250.000000
    vertex 185.285980 242.065018 -250.000000
  endloop
endfacet
facet normal -133.140564 -155.693054 -0.000000
  outer loop
    vertex 185.597366 241.798737 250.000000
    vertex 185.285980 242.065018 -250.000000
    vertex 185.597366 241.798737 -250.000000
  endloop
endfacet
facet normal -132.987976 -155.776978 0.000000
  outer loop
    vertex 185.285980 242.065018 250.000000
    vertex 184.974426 242.330994 250.000000
    vertex 184.974426 242.330994 -250.000000
  endloop
endfacet
facet normal -132.987976 -155.776978 -0.000000
  outer loop
    vertex 185.285980 242.065018 250.000000
    vertex 184.974426 242.330994 -250.000000
    vertex 185.285980 242.065018 -250.000000
  endloop
endfacet
facet normal -132.835388 -155.868530 0.000000
  outer loop
    vertex 184.974426 242.330994 250.000000
    vertex 184.662689 242.596664 250.000000
    vertex 184.662689 242.596664 -250.000000
  endloop
endfacet
facet normal -132.835388 -155.868530 -0.000000
  outer loop
    vertex 184.974426 242.330994 250.000000
    vertex 184.662689 242.596664 -250.000000
    vertex 184.974426 242.330994 -250.000000
  endloop
endfacet
facet normal -132.690430 -155.952454 0.000000
  outer loop
    vertex 184.662689 242.596664 250.000000
    vertex 184.350784 242.862045 250.000000
    vertex 184.350784 242.862045 -250.000000
  endloop
endfacet
facet normal -132.690430 -155.952454 -0.000000
  outer loop
    vertex 184.662689 242.596664 250.000000
    vertex 184.350784 242.862045 -250.000000
    vertex 184.662689 242.596664 -250.000000
  endloop
endfacet
facet normal -132.537842 -156.036377 0.000000
  outer loop
    vertex 184.350784 242.862045 250.000000
    vertex 184.038712 243.127121 250.000000
    vertex 184.038712 243.127121 -250.000000
  endloop
endfacet
facet normal -132.537842 -156.036377 -0.000000
  outer loop
    vertex 184.350784 242.862045 250.000000
    vertex 184.038712 243.127121 -250.000000
    vertex 184.350784 242.862045 -250.000000
  endloop
endfacet
facet normal -132.385254 -156.127930 0.000000
  outer loop
    vertex 184.038712 243.127121 250.000000
    vertex 183.726456 243.391891 250.000000
    vertex 183.726456 243.391891 -250.000000
  endloop
endfacet
facet normal -132.385254 -156.127930 -0.000000
  outer loop
    vertex 184.038712 243.127121 250.000000
    vertex 183.726456 243.391891 -250.000000
    vertex 184.038712 243.127121 -250.000000
  endloop
endfacet
facet normal -132.240295 -156.211853 0.000000
  outer loop
    vertex 183.726456 243.391891 250.000000
    vertex 183.414032 243.656372 250.000000
    vertex 183.414032 243.656372 -250.000000
  endloop
endfacet
facet normal -132.240295 -156.211853 -0.000000
  outer loop
    vertex 183.726456 243.391891 250.000000
    vertex 183.414032 243.656372 -250.000000
    vertex 183.726456 243.391891 -250.000000
  endloop
endfacet
facet normal -132.095337 -156.295776 0.000000
  outer loop
    vertex 183.414032 243.656372 250.000000
    vertex 183.101440 243.920563 250.000000
    vertex 183.101440 243.920563 -250.000000
  endloop
endfacet
facet normal -132.095337 -156.295776 -0.000000
  outer loop
    vertex 183.414032 243.656372 250.000000
    vertex 183.101440 243.920563 -250.000000
    vertex 183.414032 243.656372 -250.000000
  endloop
endfacet
facet normal -131.950378 -156.379700 0.000000
  outer loop
    vertex 183.101440 243.920563 250.000000
    vertex 182.788681 244.184464 250.000000
    vertex 182.788681 244.184464 -250.000000
  endloop
endfacet
facet normal -131.950378 -156.379700 -0.000000
  outer loop
    vertex 183.101440 243.920563 250.000000
    vertex 182.788681 244.184464 -250.000000
    vertex 183.101440 243.920563 -250.000000
  endloop
endfacet
facet normal -131.805420 -156.463623 0.000000
  outer loop
    vertex 182.788681 244.184464 250.000000
    vertex 182.475754 244.448074 250.000000
    vertex 182.475754 244.448074 -250.000000
  endloop
endfacet
facet normal -131.805420 -156.463623 -0.000000
  outer loop
    vertex 182.788681 244.184464 250.000000
    vertex 182.475754 244.448074 -250.000000
    vertex 182.788681 244.184464 -250.000000
  endloop
endfacet
facet normal -131.652832 -156.547546 0.000000
  outer loop
    vertex 182.475754 244.448074 250.000000
    vertex 182.162659 244.711380 250.000000
    vertex 182.162659 244.711380 -250.000000
  endloop
endfacet
facet normal -131.652832 -156.547546 -0.000000
  outer loop
    vertex 182.475754 244.448074 250.000000
    vertex 182.162659 244.711380 -250.000000
    vertex 182.475754 244.448074 -250.000000
  endloop
endfacet
facet normal -131.515503 -156.623840 0.000000
  outer loop
    vertex 182.162659 244.711380 250.000000
    vertex 181.849411 244.974411 250.000000
    vertex 181.849411 244.974411 -250.000000
  endloop
endfacet
facet normal -131.515503 -156.623840 -0.000000
  outer loop
    vertex 182.162659 244.711380 250.000000
    vertex 181.849411 244.974411 -250.000000
    vertex 182.162659 244.711380 -250.000000
  endloop
endfacet
facet normal -131.370544 -156.715393 0.000000
  outer loop
    vertex 181.849411 244.974411 250.000000
    vertex 181.535980 245.237152 250.000000
    vertex 181.535980 245.237152 -250.000000
  endloop
endfacet
facet normal -131.370544 -156.715393 -0.000000
  outer loop
    vertex 181.849411 244.974411 250.000000
    vertex 181.535980 245.237152 -250.000000
    vertex 181.849411 244.974411 -250.000000
  endloop
endfacet
facet normal -131.225586 -156.799316 0.000000
  outer loop
    vertex 181.535980 245.237152 250.000000
    vertex 181.222382 245.499603 250.000000
    vertex 181.222382 245.499603 -250.000000
  endloop
endfacet
facet normal -131.225586 -156.799316 -0.000000
  outer loop
    vertex 181.535980 245.237152 250.000000
    vertex 181.222382 245.499603 -250.000000
    vertex 181.535980 245.237152 -250.000000
  endloop
endfacet
facet normal -131.080627 -156.883240 0.000000
  outer loop
    vertex 181.222382 245.499603 250.000000
    vertex 180.908615 245.761765 250.000000
    vertex 180.908615 245.761765 -250.000000
  endloop
endfacet
facet normal -131.080627 -156.883240 -0.000000
  outer loop
    vertex 181.222382 245.499603 250.000000
    vertex 180.908615 245.761765 -250.000000
    vertex 181.222382 245.499603 -250.000000
  endloop
endfacet
facet normal -130.935669 -156.959534 0.000000
  outer loop
    vertex 180.908615 245.761765 250.000000
    vertex 180.594696 246.023636 250.000000
    vertex 180.594696 246.023636 -250.000000
  endloop
endfacet
facet normal -130.935669 -156.959534 -0.000000
  outer loop
    vertex 180.908615 245.761765 250.000000
    vertex 180.594696 246.023636 -250.000000
    vertex 180.908615 245.761765 -250.000000
  endloop
endfacet
facet normal -130.798340 -157.043457 0.000000
  outer loop
    vertex 180.594696 246.023636 250.000000
    vertex 180.280609 246.285233 250.000000
    vertex 180.280609 246.285233 -250.000000
  endloop
endfacet
facet normal -130.798340 -157.043457 -0.000000
  outer loop
    vertex 180.594696 246.023636 250.000000
    vertex 180.280609 246.285233 -250.000000
    vertex 180.594696 246.023636 -250.000000
  endloop
endfacet
facet normal -130.653381 -157.127380 0.000000
  outer loop
    vertex 180.280609 246.285233 250.000000
    vertex 179.966354 246.546539 250.000000
    vertex 179.966354 246.546539 -250.000000
  endloop
endfacet
facet normal -130.653381 -157.127380 -0.000000
  outer loop
    vertex 180.280609 246.285233 250.000000
    vertex 179.966354 246.546539 -250.000000
    vertex 180.280609 246.285233 -250.000000
  endloop
endfacet
facet normal -130.508423 -157.211304 0.000000
  outer loop
    vertex 179.966354 246.546539 250.000000
    vertex 179.651932 246.807556 250.000000
    vertex 179.651932 246.807556 -250.000000
  endloop
endfacet
facet normal -130.508423 -157.211304 -0.000000
  outer loop
    vertex 179.966354 246.546539 250.000000
    vertex 179.651932 246.807556 -250.000000
    vertex 179.966354 246.546539 -250.000000
  endloop
endfacet
facet normal -130.378723 -157.287598 0.000000
  outer loop
    vertex 179.651932 246.807556 250.000000
    vertex 179.337357 247.068314 250.000000
    vertex 179.337357 247.068314 -250.000000
  endloop
endfacet
facet normal -130.378723 -157.287598 -0.000000
  outer loop
    vertex 179.651932 246.807556 250.000000
    vertex 179.337357 247.068314 -250.000000
    vertex 179.651932 246.807556 -250.000000
  endloop
endfacet
facet normal -130.226135 -157.371521 0.000000
  outer loop
    vertex 179.337357 247.068314 250.000000
    vertex 179.022614 247.328766 250.000000
    vertex 179.022614 247.328766 -250.000000
  endloop
endfacet
facet normal -130.226135 -157.371521 -0.000000
  outer loop
    vertex 179.337357 247.068314 250.000000
    vertex 179.022614 247.328766 -250.000000
    vertex 179.337357 247.068314 -250.000000
  endloop
endfacet
facet normal -130.088806 -157.455444 0.000000
  outer loop
    vertex 179.022614 247.328766 250.000000
    vertex 178.707703 247.588943 250.000000
    vertex 178.707703 247.588943 -250.000000
  endloop
endfacet
facet normal -130.088806 -157.455444 -0.000000
  outer loop
    vertex 179.022614 247.328766 250.000000
    vertex 178.707703 247.588943 -250.000000
    vertex 179.022614 247.328766 -250.000000
  endloop
endfacet
facet normal -129.951477 -157.531738 0.000000
  outer loop
    vertex 178.707703 247.588943 250.000000
    vertex 178.392639 247.848846 250.000000
    vertex 178.392639 247.848846 -250.000000
  endloop
endfacet
facet normal -129.951477 -157.531738 -0.000000
  outer loop
    vertex 178.707703 247.588943 250.000000
    vertex 178.392639 247.848846 -250.000000
    vertex 178.707703 247.588943 -250.000000
  endloop
endfacet
facet normal -129.806519 -157.615662 0.000000
  outer loop
    vertex 178.392639 247.848846 250.000000
    vertex 178.077408 248.108459 250.000000
    vertex 178.077408 248.108459 -250.000000
  endloop
endfacet
facet normal -129.806519 -157.615662 -0.000000
  outer loop
    vertex 178.392639 247.848846 250.000000
    vertex 178.077408 248.108459 -250.000000
    vertex 178.392639 247.848846 -250.000000
  endloop
endfacet
facet normal -129.669189 -157.699585 0.000000
  outer loop
    vertex 178.077408 248.108459 250.000000
    vertex 177.762009 248.367798 250.000000
    vertex 177.762009 248.367798 -250.000000
  endloop
endfacet
facet normal -129.669189 -157.699585 -0.000000
  outer loop
    vertex 178.077408 248.108459 250.000000
    vertex 177.762009 248.367798 -250.000000
    vertex 178.077408 248.108459 -250.000000
  endloop
endfacet
facet normal -129.524231 -157.775879 0.000000
  outer loop
    vertex 177.762009 248.367798 250.000000
    vertex 177.446457 248.626846 250.000000
    vertex 177.446457 248.626846 -250.000000
  endloop
endfacet
facet normal -129.524231 -157.775879 -0.000000
  outer loop
    vertex 177.762009 248.367798 250.000000
    vertex 177.446457 248.626846 -250.000000
    vertex 177.762009 248.367798 -250.000000
  endloop
endfacet
facet normal -129.386902 -157.852173 0.000000
  outer loop
    vertex 177.446457 248.626846 250.000000
    vertex 177.130753 248.885620 250.000000
    vertex 177.130753 248.885620 -250.000000
  endloop
endfacet
facet normal -129.386902 -157.852173 -0.000000
  outer loop
    vertex 177.446457 248.626846 250.000000
    vertex 177.130753 248.885620 -250.000000
    vertex 177.446457 248.626846 -250.000000
  endloop
endfacet
facet normal -129.249573 -157.943726 0.000000
  outer loop
    vertex 177.130753 248.885620 250.000000
    vertex 176.814865 249.144119 250.000000
    vertex 176.814865 249.144119 -250.000000
  endloop
endfacet
facet normal -129.249573 -157.943726 -0.000000
  outer loop
    vertex 177.130753 248.885620 250.000000
    vertex 176.814865 249.144119 -250.000000
    vertex 177.130753 248.885620 -250.000000
  endloop
endfacet
facet normal -129.104614 -158.020020 0.000000
  outer loop
    vertex 176.814865 249.144119 250.000000
    vertex 176.498825 249.402328 250.000000
    vertex 176.498825 249.402328 -250.000000
  endloop
endfacet
facet normal -129.104614 -158.020020 -0.000000
  outer loop
    vertex 176.814865 249.144119 250.000000
    vertex 176.498825 249.402328 -250.000000
    vertex 176.814865 249.144119 -250.000000
  endloop
endfacet
facet normal -128.967285 -158.096313 0.000000
  outer loop
    vertex 176.498825 249.402328 250.000000
    vertex 176.182632 249.660263 250.000000
    vertex 176.182632 249.660263 -250.000000
  endloop
endfacet
facet normal -128.967285 -158.096313 -0.000000
  outer loop
    vertex 176.498825 249.402328 250.000000
    vertex 176.182632 249.660263 -250.000000
    vertex 176.498825 249.402328 -250.000000
  endloop
endfacet
facet normal -128.829956 -158.187866 0.000000
  outer loop
    vertex 176.182632 249.660263 250.000000
    vertex 175.866257 249.917923 250.000000
    vertex 175.866257 249.917923 -250.000000
  endloop
endfacet
facet normal -128.829956 -158.187866 -0.000000
  outer loop
    vertex 176.182632 249.660263 250.000000
    vertex 175.866257 249.917923 -250.000000
    vertex 176.182632 249.660263 -250.000000
  endloop
endfacet
facet normal -128.684998 -158.256531 0.000000
  outer loop
    vertex 175.866257 249.917923 250.000000
    vertex 175.549744 250.175293 250.000000
    vertex 175.549744 250.175293 -250.000000
  endloop
endfacet
facet normal -128.684998 -158.256531 -0.000000
  outer loop
    vertex 175.866257 249.917923 250.000000
    vertex 175.549744 250.175293 -250.000000
    vertex 175.866257 249.917923 -250.000000
  endloop
endfacet
facet normal -128.547668 -158.348083 0.000000
  outer loop
    vertex 175.549744 250.175293 250.000000
    vertex 175.233047 250.432388 250.000000
    vertex 175.233047 250.432388 -250.000000
  endloop
endfacet
facet normal -128.547668 -158.348083 -0.000000
  outer loop
    vertex 175.549744 250.175293 250.000000
    vertex 175.233047 250.432388 -250.000000
    vertex 175.549744 250.175293 -250.000000
  endloop
endfacet
facet normal -128.402710 -158.424377 0.000000
  outer loop
    vertex 175.233047 250.432388 250.000000
    vertex 174.916199 250.689194 250.000000
    vertex 174.916199 250.689194 -250.000000
  endloop
endfacet
facet normal -128.402710 -158.424377 -0.000000
  outer loop
    vertex 175.233047 250.432388 250.000000
    vertex 174.916199 250.689194 -250.000000
    vertex 175.233047 250.432388 -250.000000
  endloop
endfacet
facet normal -128.265381 -158.500671 0.000000
  outer loop
    vertex 174.916199 250.689194 250.000000
    vertex 174.599197 250.945724 250.000000
    vertex 174.599197 250.945724 -250.000000
  endloop
endfacet
facet normal -128.265381 -158.500671 -0.000000
  outer loop
    vertex 174.916199 250.689194 250.000000
    vertex 174.599197 250.945724 -250.000000
    vertex 174.916199 250.689194 -250.000000
  endloop
endfacet
facet normal -128.128052 -158.592224 0.000000
  outer loop
    vertex 174.599197 250.945724 250.000000
    vertex 174.282013 251.201981 250.000000
    vertex 174.282013 251.201981 -250.000000
  endloop
endfacet
facet normal -128.128052 -158.592224 -0.000000
  outer loop
    vertex 174.599197 250.945724 250.000000
    vertex 174.282013 251.201981 -250.000000
    vertex 174.599197 250.945724 -250.000000
  endloop
endfacet
facet normal -127.983093 -158.668518 0.000000
  outer loop
    vertex 174.282013 251.201981 250.000000
    vertex 173.964676 251.457947 250.000000
    vertex 173.964676 251.457947 -250.000000
  endloop
endfacet
facet normal -127.983093 -158.668518 -0.000000
  outer loop
    vertex 174.282013 251.201981 250.000000
    vertex 173.964676 251.457947 -250.000000
    vertex 174.282013 251.201981 -250.000000
  endloop
endfacet
facet normal -127.845764 -158.744812 0.000000
  outer loop
    vertex 173.964676 251.457947 250.000000
    vertex 173.647186 251.713638 250.000000
    vertex 173.647186 251.713638 -250.000000
  endloop
endfacet
facet normal -127.845764 -158.744812 -0.000000
  outer loop
    vertex 173.964676 251.457947 250.000000
    vertex 173.647186 251.713638 -250.000000
    vertex 173.964676 251.457947 -250.000000
  endloop
endfacet
facet normal -127.700806 -158.836365 0.000000
  outer loop
    vertex 173.647186 251.713638 250.000000
    vertex 173.329514 251.969040 250.000000
    vertex 173.329514 251.969040 -250.000000
  endloop
endfacet
facet normal -127.700806 -158.836365 -0.000000
  outer loop
    vertex 173.647186 251.713638 250.000000
    vertex 173.329514 251.969040 -250.000000
    vertex 173.647186 251.713638 -250.000000
  endloop
endfacet
facet normal -127.555847 -158.912659 0.000000
  outer loop
    vertex 173.329514 251.969040 250.000000
    vertex 173.011688 252.224152 250.000000
    vertex 173.011688 252.224152 -250.000000
  endloop
endfacet
facet normal -127.555847 -158.912659 -0.000000
  outer loop
    vertex 173.329514 251.969040 250.000000
    vertex 173.011688 252.224152 -250.000000
    vertex 173.329514 251.969040 -250.000000
  endloop
endfacet
facet normal -127.418518 -158.996582 0.000000
  outer loop
    vertex 173.011688 252.224152 250.000000
    vertex 172.693695 252.478989 250.000000
    vertex 172.693695 252.478989 -250.000000
  endloop
endfacet
facet normal -127.418518 -158.996582 -0.000000
  outer loop
    vertex 173.011688 252.224152 250.000000
    vertex 172.693695 252.478989 -250.000000
    vertex 173.011688 252.224152 -250.000000
  endloop
endfacet
facet normal -127.273560 -159.072876 0.000000
  outer loop
    vertex 172.693695 252.478989 250.000000
    vertex 172.375549 252.733536 250.000000
    vertex 172.375549 252.733536 -250.000000
  endloop
endfacet
facet normal -127.273560 -159.072876 -0.000000
  outer loop
    vertex 172.693695 252.478989 250.000000
    vertex 172.375549 252.733536 -250.000000
    vertex 172.693695 252.478989 -250.000000
  endloop
endfacet
facet normal -127.136230 -159.164429 0.000000
  outer loop
    vertex 172.375549 252.733536 250.000000
    vertex 172.057220 252.987808 250.000000
    vertex 172.057220 252.987808 -250.000000
  endloop
endfacet
facet normal -127.136230 -159.164429 -0.000000
  outer loop
    vertex 172.375549 252.733536 250.000000
    vertex 172.057220 252.987808 -250.000000
    vertex 172.375549 252.733536 -250.000000
  endloop
endfacet
facet normal -126.983643 -159.240723 0.000000
  outer loop
    vertex 172.057220 252.987808 250.000000
    vertex 171.738739 253.241776 250.000000
    vertex 171.738739 253.241776 -250.000000
  endloop
endfacet
facet normal -126.983643 -159.240723 -0.000000
  outer loop
    vertex 172.057220 252.987808 250.000000
    vertex 171.738739 253.241776 -250.000000
    vertex 172.057220 252.987808 -250.000000
  endloop
endfacet
facet normal -126.846313 -159.324646 0.000000
  outer loop
    vertex 171.738739 253.241776 250.000000
    vertex 171.420090 253.495468 250.000000
    vertex 171.420090 253.495468 -250.000000
  endloop
endfacet
facet normal -126.846313 -159.324646 -0.000000
  outer loop
    vertex 171.738739 253.241776 250.000000
    vertex 171.420090 253.495468 -250.000000
    vertex 171.738739 253.241776 -250.000000
  endloop
endfacet
facet normal -126.701355 -159.416199 0.000000
  outer loop
    vertex 171.420090 253.495468 250.000000
    vertex 171.101257 253.748871 250.000000
    vertex 171.101257 253.748871 -250.000000
  endloop
endfacet
facet normal -126.701355 -159.416199 -0.000000
  outer loop
    vertex 171.420090 253.495468 250.000000
    vertex 171.101257 253.748871 -250.000000
    vertex 171.420090 253.495468 -250.000000
  endloop
endfacet
facet normal -126.548767 -159.492493 0.000000
  outer loop
    vertex 171.101257 253.748871 250.000000
    vertex 170.782272 254.001968 250.000000
    vertex 170.782272 254.001968 -250.000000
  endloop
endfacet
facet normal -126.548767 -159.492493 -0.000000
  outer loop
    vertex 171.101257 253.748871 250.000000
    vertex 170.782272 254.001968 -250.000000
    vertex 171.101257 253.748871 -250.000000
  endloop
endfacet
facet normal -126.411438 -159.576416 0.000000
  outer loop
    vertex 170.782272 254.001968 250.000000
    vertex 170.463120 254.254791 250.000000
    vertex 170.463120 254.254791 -250.000000
  endloop
endfacet
facet normal -126.411438 -159.576416 -0.000000
  outer loop
    vertex 170.782272 254.001968 250.000000
    vertex 170.463120 254.254791 -250.000000
    vertex 170.782272 254.001968 -250.000000
  endloop
endfacet
facet normal -126.258850 -159.660339 0.000000
  outer loop
    vertex 170.463120 254.254791 250.000000
    vertex 170.143799 254.507309 250.000000
    vertex 170.143799 254.507309 -250.000000
  endloop
endfacet
facet normal -126.258850 -159.660339 -0.000000
  outer loop
    vertex 170.463120 254.254791 250.000000
    vertex 170.143799 254.507309 -250.000000
    vertex 170.463120 254.254791 -250.000000
  endloop
endfacet
facet normal -126.121521 -159.751892 0.000000
  outer loop
    vertex 170.143799 254.507309 250.000000
    vertex 169.824295 254.759552 250.000000
    vertex 169.824295 254.759552 -250.000000
  endloop
endfacet
facet normal -126.121521 -159.751892 -0.000000
  outer loop
    vertex 170.143799 254.507309 250.000000
    vertex 169.824295 254.759552 -250.000000
    vertex 170.143799 254.507309 -250.000000
  endloop
endfacet
facet normal -125.961304 -159.828186 0.000000
  outer loop
    vertex 169.824295 254.759552 250.000000
    vertex 169.504639 255.011475 250.000000
    vertex 169.504639 255.011475 -250.000000
  endloop
endfacet
facet normal -125.961304 -159.828186 -0.000000
  outer loop
    vertex 169.824295 254.759552 250.000000
    vertex 169.504639 255.011475 -250.000000
    vertex 169.824295 254.759552 -250.000000
  endloop
endfacet
facet normal -125.823975 -159.919739 0.000000
  outer loop
    vertex 169.504639 255.011475 250.000000
    vertex 169.184799 255.263123 250.000000
    vertex 169.184799 255.263123 -250.000000
  endloop
endfacet
facet normal -125.823975 -159.919739 -0.000000
  outer loop
    vertex 169.504639 255.011475 250.000000
    vertex 169.184799 255.263123 -250.000000
    vertex 169.504639 255.011475 -250.000000
  endloop
endfacet
facet normal -125.671387 -160.003662 0.000000
  outer loop
    vertex 169.184799 255.263123 250.000000
    vertex 168.864792 255.514465 250.000000
    vertex 168.864792 255.514465 -250.000000
  endloop
endfacet
facet normal -125.671387 -160.003662 -0.000000
  outer loop
    vertex 169.184799 255.263123 250.000000
    vertex 168.864792 255.514465 -250.000000
    vertex 169.184799 255.263123 -250.000000
  endloop
endfacet
facet normal -125.518799 -160.095215 0.000000
  outer loop
    vertex 168.864792 255.514465 250.000000
    vertex 168.544601 255.765503 250.000000
    vertex 168.544601 255.765503 -250.000000
  endloop
endfacet
facet normal -125.518799 -160.095215 -0.000000
  outer loop
    vertex 168.864792 255.514465 250.000000
    vertex 168.544601 255.765503 -250.000000
    vertex 168.864792 255.514465 -250.000000
  endloop
endfacet
facet normal -125.366211 -160.171509 0.000000
  outer loop
    vertex 168.544601 255.765503 250.000000
    vertex 168.224258 256.016235 250.000000
    vertex 168.224258 256.016235 -250.000000
  endloop
endfacet
facet normal -125.366211 -160.171509 -0.000000
  outer loop
    vertex 168.544601 255.765503 250.000000
    vertex 168.224258 256.016235 -250.000000
    vertex 168.544601 255.765503 -250.000000
  endloop
endfacet
facet normal -125.213623 -160.270691 0.000000
  outer loop
    vertex 168.224258 256.016235 250.000000
    vertex 167.903717 256.266663 250.000000
    vertex 167.903717 256.266663 -250.000000
  endloop
endfacet
facet normal -125.213623 -160.270691 -0.000000
  outer loop
    vertex 168.224258 256.016235 250.000000
    vertex 167.903717 256.266663 -250.000000
    vertex 168.224258 256.016235 -250.000000
  endloop
endfacet
facet normal -125.076294 -160.354614 0.000000
  outer loop
    vertex 167.903717 256.266663 250.000000
    vertex 167.583008 256.516815 250.000000
    vertex 167.583008 256.516815 -250.000000
  endloop
endfacet
facet normal -125.076294 -160.354614 -0.000000
  outer loop
    vertex 167.903717 256.266663 250.000000
    vertex 167.583008 256.516815 -250.000000
    vertex 167.903717 256.266663 -250.000000
  endloop
endfacet
facet normal -124.908447 -160.438538 0.000000
  outer loop
    vertex 167.583008 256.516815 250.000000
    vertex 167.262131 256.766632 250.000000
    vertex 167.262131 256.766632 -250.000000
  endloop
endfacet
facet normal -124.908447 -160.438538 -0.000000
  outer loop
    vertex 167.583008 256.516815 250.000000
    vertex 167.262131 256.766632 -250.000000
    vertex 167.583008 256.516815 -250.000000
  endloop
endfacet
facet normal -124.755859 -160.530090 0.000000
  outer loop
    vertex 167.262131 256.766632 250.000000
    vertex 166.941071 257.016144 250.000000
    vertex 166.941071 257.016144 -250.000000
  endloop
endfacet
facet normal -124.755859 -160.530090 -0.000000
  outer loop
    vertex 167.262131 256.766632 250.000000
    vertex 166.941071 257.016144 -250.000000
    vertex 167.262131 256.766632 -250.000000
  endloop
endfacet
facet normal -124.603271 -160.621643 0.000000
  outer loop
    vertex 166.941071 257.016144 250.000000
    vertex 166.619827 257.265350 250.000000
    vertex 166.619827 257.265350 -250.000000
  endloop
endfacet
facet normal -124.603271 -160.621643 -0.000000
  outer loop
    vertex 166.941071 257.016144 250.000000
    vertex 166.619827 257.265350 -250.000000
    vertex 166.941071 257.016144 -250.000000
  endloop
endfacet
facet normal -124.435425 -160.713196 0.000000
  outer loop
    vertex 166.619827 257.265350 250.000000
    vertex 166.298401 257.514221 250.000000
    vertex 166.298401 257.514221 -250.000000
  endloop
endfacet
facet normal -124.435425 -160.713196 -0.000000
  outer loop
    vertex 166.619827 257.265350 250.000000
    vertex 166.298401 257.514221 -250.000000
    vertex 166.619827 257.265350 -250.000000
  endloop
endfacet
facet normal -124.282837 -160.804749 0.000000
  outer loop
    vertex 166.298401 257.514221 250.000000
    vertex 165.976791 257.762787 250.000000
    vertex 165.976791 257.762787 -250.000000
  endloop
endfacet
facet normal -124.282837 -160.804749 -0.000000
  outer loop
    vertex 166.298401 257.514221 250.000000
    vertex 165.976791 257.762787 -250.000000
    vertex 166.298401 257.514221 -250.000000
  endloop
endfacet
facet normal -124.130249 -160.896301 0.000000
  outer loop
    vertex 165.976791 257.762787 250.000000
    vertex 165.654999 258.011047 250.000000
    vertex 165.654999 258.011047 -250.000000
  endloop
endfacet
facet normal -124.130249 -160.896301 -0.000000
  outer loop
    vertex 165.976791 257.762787 250.000000
    vertex 165.654999 258.011047 -250.000000
    vertex 165.976791 257.762787 -250.000000
  endloop
endfacet
facet normal -123.962402 -160.987854 0.000000
  outer loop
    vertex 165.654999 258.011047 250.000000
    vertex 165.333023 258.258972 250.000000
    vertex 165.333023 258.258972 -250.000000
  endloop
endfacet
facet normal -123.962402 -160.987854 -0.000000
  outer loop
    vertex 165.654999 258.011047 250.000000
    vertex 165.333023 258.258972 -250.000000
    vertex 165.654999 258.011047 -250.000000
  endloop
endfacet
facet normal -123.809814 -161.079407 0.000000
  outer loop
    vertex 165.333023 258.258972 250.000000
    vertex 165.010864 258.506592 250.000000
    vertex 165.010864 258.506592 -250.000000
  endloop
endfacet
facet normal -123.809814 -161.079407 -0.000000
  outer loop
    vertex 165.333023 258.258972 250.000000
    vertex 165.010864 258.506592 -250.000000
    vertex 165.333023 258.258972 -250.000000
  endloop
endfacet
facet normal -123.641968 -161.178589 0.000000
  outer loop
    vertex 165.010864 258.506592 250.000000
    vertex 164.688507 258.753876 250.000000
    vertex 164.688507 258.753876 -250.000000
  endloop
endfacet
facet normal -123.641968 -161.178589 -0.000000
  outer loop
    vertex 165.010864 258.506592 250.000000
    vertex 164.688507 258.753876 -250.000000
    vertex 165.010864 258.506592 -250.000000
  endloop
endfacet
facet normal -123.489380 -161.262512 0.000000
  outer loop
    vertex 164.688507 258.753876 250.000000
    vertex 164.365982 259.000854 250.000000
    vertex 164.365982 259.000854 -250.000000
  endloop
endfacet
facet normal -123.489380 -161.262512 -0.000000
  outer loop
    vertex 164.688507 258.753876 250.000000
    vertex 164.365982 259.000854 -250.000000
    vertex 164.688507 258.753876 -250.000000
  endloop
endfacet
facet normal -123.306274 -161.369324 0.000000
  outer loop
    vertex 164.365982 259.000854 250.000000
    vertex 164.043243 259.247467 250.000000
    vertex 164.043243 259.247467 -250.000000
  endloop
endfacet
facet normal -123.306274 -161.369324 -0.000000
  outer loop
    vertex 164.365982 259.000854 250.000000
    vertex 164.043243 259.247467 -250.000000
    vertex 164.365982 259.000854 -250.000000
  endloop
endfacet
facet normal -123.153687 -161.460876 0.000000
  outer loop
    vertex 164.043243 259.247467 250.000000
    vertex 163.720322 259.493774 250.000000
    vertex 163.720322 259.493774 -250.000000
  endloop
endfacet
facet normal -123.153687 -161.460876 -0.000000
  outer loop
    vertex 164.043243 259.247467 250.000000
    vertex 163.720322 259.493774 -250.000000
    vertex 164.043243 259.247467 -250.000000
  endloop
endfacet
facet normal -122.970581 -161.552429 0.000000
  outer loop
    vertex 163.720322 259.493774 250.000000
    vertex 163.397217 259.739716 250.000000
    vertex 163.397217 259.739716 -250.000000
  endloop
endfacet
facet normal -122.970581 -161.552429 -0.000000
  outer loop
    vertex 163.720322 259.493774 250.000000
    vertex 163.397217 259.739716 -250.000000
    vertex 163.720322 259.493774 -250.000000
  endloop
endfacet
facet normal -122.817993 -161.659241 0.000000
  outer loop
    vertex 163.397217 259.739716 250.000000
    vertex 163.073898 259.985352 250.000000
    vertex 163.073898 259.985352 -250.000000
  endloop
endfacet
facet normal -122.817993 -161.659241 -0.000000
  outer loop
    vertex 163.397217 259.739716 250.000000
    vertex 163.073898 259.985352 -250.000000
    vertex 163.397217 259.739716 -250.000000
  endloop
endfacet
facet normal -122.634888 -161.750793 0.000000
  outer loop
    vertex 163.073898 259.985352 250.000000
    vertex 162.750397 260.230621 250.000000
    vertex 162.750397 260.230621 -250.000000
  endloop
endfacet
facet normal -122.634888 -161.750793 -0.000000
  outer loop
    vertex 163.073898 259.985352 250.000000
    vertex 162.750397 260.230621 -250.000000
    vertex 163.073898 259.985352 -250.000000
  endloop
endfacet
facet normal -122.467041 -161.857605 0.000000
  outer loop
    vertex 162.750397 260.230621 250.000000
    vertex 162.426682 260.475555 250.000000
    vertex 162.426682 260.475555 -250.000000
  endloop
endfacet
facet normal -122.467041 -161.857605 -0.000000
  outer loop
    vertex 162.750397 260.230621 250.000000
    vertex 162.426682 260.475555 -250.000000
    vertex 162.750397 260.230621 -250.000000
  endloop
endfacet
facet normal -122.299194 -161.956787 0.000000
  outer loop
    vertex 162.426682 260.475555 250.000000
    vertex 162.102768 260.720154 250.000000
    vertex 162.102768 260.720154 -250.000000
  endloop
endfacet
facet normal -122.299194 -161.956787 -0.000000
  outer loop
    vertex 162.426682 260.475555 250.000000
    vertex 162.102768 260.720154 -250.000000
    vertex 162.426682 260.475555 -250.000000
  endloop
endfacet
facet normal -122.116089 -162.055969 0.000000
  outer loop
    vertex 162.102768 260.720154 250.000000
    vertex 161.778656 260.964386 250.000000
    vertex 161.778656 260.964386 -250.000000
  endloop
endfacet
facet normal -122.116089 -162.055969 -0.000000
  outer loop
    vertex 162.102768 260.720154 250.000000
    vertex 161.778656 260.964386 -250.000000
    vertex 162.102768 260.720154 -250.000000
  endloop
endfacet
facet normal -121.932983 -162.155151 0.000000
  outer loop
    vertex 161.778656 260.964386 250.000000
    vertex 161.454346 261.208252 250.000000
    vertex 161.454346 261.208252 -250.000000
  endloop
endfacet
facet normal -121.932983 -162.155151 -0.000000
  outer loop
    vertex 161.778656 260.964386 250.000000
    vertex 161.454346 261.208252 -250.000000
    vertex 161.778656 260.964386 -250.000000
  endloop
endfacet
facet normal -121.765137 -162.261963 0.000000
  outer loop
    vertex 161.454346 261.208252 250.000000
    vertex 161.129822 261.451782 250.000000
    vertex 161.129822 261.451782 -250.000000
  endloop
endfacet
facet normal -121.765137 -162.261963 -0.000000
  outer loop
    vertex 161.454346 261.208252 250.000000
    vertex 161.129822 261.451782 -250.000000
    vertex 161.454346 261.208252 -250.000000
  endloop
endfacet
facet normal -121.582031 -162.361145 0.000000
  outer loop
    vertex 161.129822 261.451782 250.000000
    vertex 160.805099 261.694946 250.000000
    vertex 160.805099 261.694946 -250.000000
  endloop
endfacet
facet normal -121.582031 -162.361145 -0.000000
  outer loop
    vertex 161.129822 261.451782 250.000000
    vertex 160.805099 261.694946 -250.000000
    vertex 161.129822 261.451782 -250.000000
  endloop
endfacet
facet normal -121.398926 -162.475586 0.000000
  outer loop
    vertex 160.805099 261.694946 250.000000
    vertex 160.480148 261.937744 250.000000
    vertex 160.480148 261.937744 -250.000000
  endloop
endfacet
facet normal -121.398926 -162.475586 -0.000000
  outer loop
    vertex 160.805099 261.694946 250.000000
    vertex 160.480148 261.937744 -250.000000
    vertex 160.805099 261.694946 -250.000000
  endloop
endfacet
facet normal -121.200562 -162.574768 0.000000
  outer loop
    vertex 160.480148 261.937744 250.000000
    vertex 160.154999 262.180145 250.000000
    vertex 160.154999 262.180145 -250.000000
  endloop
endfacet
facet normal -121.200562 -162.574768 -0.000000
  outer loop
    vertex 160.480148 261.937744 250.000000
    vertex 160.154999 262.180145 -250.000000
    vertex 160.480148 261.937744 -250.000000
  endloop
endfacet
facet normal -121.032715 -162.689209 0.000000
  outer loop
    vertex 160.154999 262.180145 250.000000
    vertex 159.829620 262.422211 250.000000
    vertex 159.829620 262.422211 -250.000000
  endloop
endfacet
facet normal -121.032715 -162.689209 -0.000000
  outer loop
    vertex 160.154999 262.180145 250.000000
    vertex 159.829620 262.422211 -250.000000
    vertex 160.154999 262.180145 -250.000000
  endloop
endfacet
facet normal -120.834351 -162.788391 0.000000
  outer loop
    vertex 159.829620 262.422211 250.000000
    vertex 159.504044 262.663879 250.000000
    vertex 159.504044 262.663879 -250.000000
  endloop
endfacet
facet normal -120.834351 -162.788391 -0.000000
  outer loop
    vertex 159.829620 262.422211 250.000000
    vertex 159.504044 262.663879 -250.000000
    vertex 159.829620 262.422211 -250.000000
  endloop
endfacet
facet normal -120.651245 -162.902832 0.000000
  outer loop
    vertex 159.504044 262.663879 250.000000
    vertex 159.178238 262.905182 250.000000
    vertex 159.178238 262.905182 -250.000000
  endloop
endfacet
facet normal -120.651245 -162.902832 -0.000000
  outer loop
    vertex 159.504044 262.663879 250.000000
    vertex 159.178238 262.905182 -250.000000
    vertex 159.504044 262.663879 -250.000000
  endloop
endfacet
facet normal -120.452881 -163.017273 0.000000
  outer loop
    vertex 159.178238 262.905182 250.000000
    vertex 158.852203 263.146088 250.000000
    vertex 158.852203 263.146088 -250.000000
  endloop
endfacet
facet normal -120.452881 -163.017273 -0.000000
  outer loop
    vertex 159.178238 262.905182 250.000000
    vertex 158.852203 263.146088 -250.000000
    vertex 159.178238 262.905182 -250.000000
  endloop
endfacet
facet normal -120.269775 -163.124084 0.000000
  outer loop
    vertex 158.852203 263.146088 250.000000
    vertex 158.525955 263.386627 250.000000
    vertex 158.525955 263.386627 -250.000000
  endloop
endfacet
facet normal -120.269775 -163.124084 -0.000000
  outer loop
    vertex 158.852203 263.146088 250.000000
    vertex 158.525955 263.386627 -250.000000
    vertex 158.852203 263.146088 -250.000000
  endloop
endfacet
facet normal -120.056152 -163.246155 0.000000
  outer loop
    vertex 158.525955 263.386627 250.000000
    vertex 158.199463 263.626740 250.000000
    vertex 158.199463 263.626740 -250.000000
  endloop
endfacet
facet normal -120.056152 -163.246155 -0.000000
  outer loop
    vertex 158.525955 263.386627 250.000000
    vertex 158.199463 263.626740 -250.000000
    vertex 158.525955 263.386627 -250.000000
  endloop
endfacet
facet normal -119.873047 -163.352966 0.000000
  outer loop
    vertex 158.199463 263.626740 250.000000
    vertex 157.872757 263.866486 250.000000
    vertex 157.872757 263.866486 -250.000000
  endloop
endfacet
facet normal -119.873047 -163.352966 -0.000000
  outer loop
    vertex 158.199463 263.626740 250.000000
    vertex 157.872757 263.866486 -250.000000
    vertex 158.199463 263.626740 -250.000000
  endloop
endfacet
facet normal -119.674683 -163.467407 0.000000
  outer loop
    vertex 157.872757 263.866486 250.000000
    vertex 157.545822 264.105835 250.000000
    vertex 157.545822 264.105835 -250.000000
  endloop
endfacet
facet normal -119.674683 -163.467407 -0.000000
  outer loop
    vertex 157.872757 263.866486 250.000000
    vertex 157.545822 264.105835 -250.000000
    vertex 157.872757 263.866486 -250.000000
  endloop
endfacet
facet normal -119.461060 -163.589478 0.000000
  outer loop
    vertex 157.545822 264.105835 250.000000
    vertex 157.218643 264.344757 250.000000
    vertex 157.218643 264.344757 -250.000000
  endloop
endfacet
facet normal -119.461060 -163.589478 -0.000000
  outer loop
    vertex 157.545822 264.105835 250.000000
    vertex 157.218643 264.344757 -250.000000
    vertex 157.545822 264.105835 -250.000000
  endloop
endfacet
facet normal -119.247437 -163.703918 0.000000
  outer loop
    vertex 157.218643 264.344757 250.000000
    vertex 156.891235 264.583252 250.000000
    vertex 156.891235 264.583252 -250.000000
  endloop
endfacet
facet normal -119.247437 -163.703918 -0.000000
  outer loop
    vertex 157.218643 264.344757 250.000000
    vertex 156.891235 264.583252 -250.000000
    vertex 157.218643 264.344757 -250.000000
  endloop
endfacet
facet normal -119.064331 -163.825989 0.000000
  outer loop
    vertex 156.891235 264.583252 250.000000
    vertex 156.563583 264.821381 250.000000
    vertex 156.563583 264.821381 -250.000000
  endloop
endfacet
facet normal -119.064331 -163.825989 -0.000000
  outer loop
    vertex 156.891235 264.583252 250.000000
    vertex 156.563583 264.821381 -250.000000
    vertex 156.891235 264.583252 -250.000000
  endloop
endfacet
facet normal -118.835449 -163.948059 0.000000
  outer loop
    vertex 156.563583 264.821381 250.000000
    vertex 156.235687 265.059052 250.000000
    vertex 156.235687 265.059052 -250.000000
  endloop
endfacet
facet normal -118.835449 -163.948059 -0.000000
  outer loop
    vertex 156.563583 264.821381 250.000000
    vertex 156.235687 265.059052 -250.000000
    vertex 156.563583 264.821381 -250.000000
  endloop
endfacet
facet normal -118.621826 -164.070129 0.000000
  outer loop
    vertex 156.235687 265.059052 250.000000
    vertex 155.907547 265.296295 250.000000
    vertex 155.907547 265.296295 -250.000000
  endloop
endfacet
facet normal -118.621826 -164.070129 -0.000000
  outer loop
    vertex 156.235687 265.059052 250.000000
    vertex 155.907547 265.296295 -250.000000
    vertex 156.235687 265.059052 -250.000000
  endloop
endfacet
facet normal -118.423462 -164.192200 0.000000
  outer loop
    vertex 155.907547 265.296295 250.000000
    vertex 155.579163 265.533142 250.000000
    vertex 155.579163 265.533142 -250.000000
  endloop
endfacet
facet normal -118.423462 -164.192200 -0.000000
  outer loop
    vertex 155.907547 265.296295 250.000000
    vertex 155.579163 265.533142 -250.000000
    vertex 155.907547 265.296295 -250.000000
  endloop
endfacet
facet normal -118.194580 -164.321899 0.000000
  outer loop
    vertex 155.579163 265.533142 250.000000
    vertex 155.250519 265.769531 250.000000
    vertex 155.250519 265.769531 -250.000000
  endloop
endfacet
facet normal -118.194580 -164.321899 -0.000000
  outer loop
    vertex 155.579163 265.533142 250.000000
    vertex 155.250519 265.769531 -250.000000
    vertex 155.579163 265.533142 -250.000000
  endloop
endfacet
facet normal -117.980957 -164.443970 0.000000
  outer loop
    vertex 155.250519 265.769531 250.000000
    vertex 154.921631 266.005493 250.000000
    vertex 154.921631 266.005493 -250.000000
  endloop
endfacet
facet normal -117.980957 -164.443970 -0.000000
  outer loop
    vertex 155.250519 265.769531 250.000000
    vertex 154.921631 266.005493 -250.000000
    vertex 155.250519 265.769531 -250.000000
  endloop
endfacet
facet normal -117.752075 -164.573669 0.000000
  outer loop
    vertex 154.921631 266.005493 250.000000
    vertex 154.592484 266.240997 250.000000
    vertex 154.592484 266.240997 -250.000000
  endloop
endfacet
facet normal -117.752075 -164.573669 -0.000000
  outer loop
    vertex 154.921631 266.005493 250.000000
    vertex 154.592484 266.240997 -250.000000
    vertex 154.921631 266.005493 -250.000000
  endloop
endfacet
facet normal -117.523193 -164.703369 0.000000
  outer loop
    vertex 154.592484 266.240997 250.000000
    vertex 154.263077 266.476044 250.000000
    vertex 154.263077 266.476044 -250.000000
  endloop
endfacet
facet normal -117.523193 -164.703369 -0.000000
  outer loop
    vertex 154.592484 266.240997 250.000000
    vertex 154.263077 266.476044 -250.000000
    vertex 154.592484 266.240997 -250.000000
  endloop
endfacet
facet normal -117.294312 -164.840698 0.000000
  outer loop
    vertex 154.263077 266.476044 250.000000
    vertex 153.933395 266.710632 250.000000
    vertex 153.933395 266.710632 -250.000000
  endloop
endfacet
facet normal -117.294312 -164.840698 -0.000000
  outer loop
    vertex 154.263077 266.476044 250.000000
    vertex 153.933395 266.710632 -250.000000
    vertex 154.263077 266.476044 -250.000000
  endloop
endfacet
facet normal -117.080688 -164.970398 0.000000
  outer loop
    vertex 153.933395 266.710632 250.000000
    vertex 153.603455 266.944794 250.000000
    vertex 153.603455 266.944794 -250.000000
  endloop
endfacet
facet normal -117.080688 -164.970398 -0.000000
  outer loop
    vertex 153.933395 266.710632 250.000000
    vertex 153.603455 266.944794 -250.000000
    vertex 153.933395 266.710632 -250.000000
  endloop
endfacet
facet normal -116.836548 -165.100098 0.000000
  outer loop
    vertex 153.603455 266.944794 250.000000
    vertex 153.273254 267.178467 250.000000
    vertex 153.273254 267.178467 -250.000000
  endloop
endfacet
facet normal -116.836548 -165.100098 -0.000000
  outer loop
    vertex 153.603455 266.944794 250.000000
    vertex 153.273254 267.178467 -250.000000
    vertex 153.603455 266.944794 -250.000000
  endloop
endfacet
facet normal -116.592407 -165.245056 0.000000
  outer loop
    vertex 153.273254 267.178467 250.000000
    vertex 152.942764 267.411652 250.000000
    vertex 152.942764 267.411652 -250.000000
  endloop
endfacet
facet normal -116.592407 -165.245056 -0.000000
  outer loop
    vertex 153.273254 267.178467 250.000000
    vertex 152.942764 267.411652 -250.000000
    vertex 153.273254 267.178467 -250.000000
  endloop
endfacet
facet normal -116.363525 -165.382385 0.000000
  outer loop
    vertex 152.942764 267.411652 250.000000
    vertex 152.612000 267.644379 250.000000
    vertex 152.612000 267.644379 -250.000000
  endloop
endfacet
facet normal -116.363525 -165.382385 -0.000000
  outer loop
    vertex 152.942764 267.411652 250.000000
    vertex 152.612000 267.644379 -250.000000
    vertex 152.942764 267.411652 -250.000000
  endloop
endfacet
facet normal -116.104126 -165.519714 0.000000
  outer loop
    vertex 152.612000 267.644379 250.000000
    vertex 152.280960 267.876587 250.000000
    vertex 152.280960 267.876587 -250.000000
  endloop
endfacet
facet normal -116.104126 -165.519714 -0.000000
  outer loop
    vertex 152.612000 267.644379 250.000000
    vertex 152.280960 267.876587 -250.000000
    vertex 152.612000 267.644379 -250.000000
  endloop
endfacet
facet normal -115.875244 -165.664673 0.000000
  outer loop
    vertex 152.280960 267.876587 250.000000
    vertex 151.949631 268.108337 250.000000
    vertex 151.949631 268.108337 -250.000000
  endloop
endfacet
facet normal -115.875244 -165.664673 -0.000000
  outer loop
    vertex 152.280960 267.876587 250.000000
    vertex 151.949631 268.108337 -250.000000
    vertex 152.280960 267.876587 -250.000000
  endloop
endfacet
facet normal -115.615845 -165.802002 0.000000
  outer loop
    vertex 151.949631 268.108337 250.000000
    vertex 151.618027 268.339569 250.000000
    vertex 151.618027 268.339569 -250.000000
  endloop
endfacet
facet normal -115.615845 -165.802002 -0.000000
  outer loop
    vertex 151.949631 268.108337 250.000000
    vertex 151.618027 268.339569 -250.000000
    vertex 151.949631 268.108337 -250.000000
  endloop
endfacet
facet normal -115.371704 -165.954590 0.000000
  outer loop
    vertex 151.618027 268.339569 250.000000
    vertex 151.286118 268.570312 250.000000
    vertex 151.286118 268.570312 -250.000000
  endloop
endfacet
facet normal -115.371704 -165.954590 -0.000000
  outer loop
    vertex 151.618027 268.339569 250.000000
    vertex 151.286118 268.570312 -250.000000
    vertex 151.618027 268.339569 -250.000000
  endloop
endfacet
facet normal -115.112305 -166.099548 0.000000
  outer loop
    vertex 151.286118 268.570312 250.000000
    vertex 150.953918 268.800537 250.000000
    vertex 150.953918 268.800537 -250.000000
  endloop
endfacet
facet normal -115.112305 -166.099548 -0.000000
  outer loop
    vertex 151.286118 268.570312 250.000000
    vertex 150.953918 268.800537 -250.000000
    vertex 151.286118 268.570312 -250.000000
  endloop
endfacet
facet normal -114.852905 -166.252136 0.000000
  outer loop
    vertex 150.953918 268.800537 250.000000
    vertex 150.621414 269.030243 250.000000
    vertex 150.621414 269.030243 -250.000000
  endloop
endfacet
facet normal -114.852905 -166.252136 -0.000000
  outer loop
    vertex 150.953918 268.800537 250.000000
    vertex 150.621414 269.030243 -250.000000
    vertex 150.953918 268.800537 -250.000000
  endloop
endfacet
facet normal -114.593506 -166.397095 0.000000
  outer loop
    vertex 150.621414 269.030243 250.000000
    vertex 150.288620 269.259430 250.000000
    vertex 150.288620 269.259430 -250.000000
  endloop
endfacet
facet normal -114.593506 -166.397095 -0.000000
  outer loop
    vertex 150.621414 269.030243 250.000000
    vertex 150.288620 269.259430 -250.000000
    vertex 150.621414 269.030243 -250.000000
  endloop
endfacet
facet normal -114.318848 -166.557312 0.000000
  outer loop
    vertex 150.288620 269.259430 250.000000
    vertex 149.955505 269.488068 250.000000
    vertex 149.955505 269.488068 -250.000000
  endloop
endfacet
facet normal -114.318848 -166.557312 -0.000000
  outer loop
    vertex 150.288620 269.259430 250.000000
    vertex 149.955505 269.488068 -250.000000
    vertex 150.288620 269.259430 -250.000000
  endloop
endfacet
facet normal -114.059448 -166.709900 0.000000
  outer loop
    vertex 149.955505 269.488068 250.000000
    vertex 149.622086 269.716187 250.000000
    vertex 149.622086 269.716187 -250.000000
  endloop
endfacet
facet normal -114.059448 -166.709900 -0.000000
  outer loop
    vertex 149.955505 269.488068 250.000000
    vertex 149.622086 269.716187 -250.000000
    vertex 149.955505 269.488068 -250.000000
  endloop
endfacet
facet normal -113.784790 -166.862488 0.000000
  outer loop
    vertex 149.622086 269.716187 250.000000
    vertex 149.288361 269.943756 250.000000
    vertex 149.288361 269.943756 -250.000000
  endloop
endfacet
facet normal -113.784790 -166.862488 -0.000000
  outer loop
    vertex 149.622086 269.716187 250.000000
    vertex 149.288361 269.943756 -250.000000
    vertex 149.622086 269.716187 -250.000000
  endloop
endfacet
facet normal -113.494873 -167.030334 0.000000
  outer loop
    vertex 149.288361 269.943756 250.000000
    vertex 148.954300 270.170746 250.000000
    vertex 148.954300 270.170746 -250.000000
  endloop
endfacet
facet normal -113.494873 -167.030334 -0.000000
  outer loop
    vertex 149.288361 269.943756 250.000000
    vertex 148.954300 270.170746 -250.000000
    vertex 149.288361 269.943756 -250.000000
  endloop
endfacet
facet normal -113.235474 -167.190552 0.000000
  outer loop
    vertex 148.954300 270.170746 250.000000
    vertex 148.619919 270.397217 250.000000
    vertex 148.619919 270.397217 -250.000000
  endloop
endfacet
facet normal -113.235474 -167.190552 -0.000000
  outer loop
    vertex 148.954300 270.170746 250.000000
    vertex 148.619919 270.397217 -250.000000
    vertex 148.954300 270.170746 -250.000000
  endloop
endfacet
facet normal -112.930298 -167.358398 0.000000
  outer loop
    vertex 148.619919 270.397217 250.000000
    vertex 148.285202 270.623077 250.000000
    vertex 148.285202 270.623077 -250.000000
  endloop
endfacet
facet normal -112.930298 -167.358398 -0.000000
  outer loop
    vertex 148.619919 270.397217 250.000000
    vertex 148.285202 270.623077 -250.000000
    vertex 148.619919 270.397217 -250.000000
  endloop
endfacet
facet normal -112.655640 -167.518616 0.000000
  outer loop
    vertex 148.285202 270.623077 250.000000
    vertex 147.950165 270.848389 250.000000
    vertex 147.950165 270.848389 -250.000000
  endloop
endfacet
facet normal -112.655640 -167.518616 -0.000000
  outer loop
    vertex 148.285202 270.623077 250.000000
    vertex 147.950165 270.848389 -250.000000
    vertex 148.285202 270.623077 -250.000000
  endloop
endfacet
facet normal -112.350464 -167.694092 0.000000
  outer loop
    vertex 147.950165 270.848389 250.000000
    vertex 147.614777 271.073090 250.000000
    vertex 147.614777 271.073090 -250.000000
  endloop
endfacet
facet normal -112.350464 -167.694092 -0.000000
  outer loop
    vertex 147.950165 270.848389 250.000000
    vertex 147.614777 271.073090 -250.000000
    vertex 147.950165 270.848389 -250.000000
  endloop
endfacet
facet normal -112.060547 -167.861938 0.000000
  outer loop
    vertex 147.614777 271.073090 250.000000
    vertex 147.279053 271.297211 250.000000
    vertex 147.279053 271.297211 -250.000000
  endloop
endfacet
facet normal -112.060547 -167.861938 -0.000000
  outer loop
    vertex 147.614777 271.073090 250.000000
    vertex 147.279053 271.297211 -250.000000
    vertex 147.614777 271.073090 -250.000000
  endloop
endfacet
facet normal -111.770630 -168.029785 0.000000
  outer loop
    vertex 147.279053 271.297211 250.000000
    vertex 146.942993 271.520752 250.000000
    vertex 146.942993 271.520752 -250.000000
  endloop
endfacet
facet normal -111.770630 -168.029785 -0.000000
  outer loop
    vertex 147.279053 271.297211 250.000000
    vertex 146.942993 271.520752 -250.000000
    vertex 147.279053 271.297211 -250.000000
  endloop
endfacet
facet normal -111.450195 -168.212891 0.000000
  outer loop
    vertex 146.942993 271.520752 250.000000
    vertex 146.606567 271.743652 250.000000
    vertex 146.606567 271.743652 -250.000000
  endloop
endfacet
facet normal -111.450195 -168.212891 -0.000000
  outer loop
    vertex 146.942993 271.520752 250.000000
    vertex 146.606567 271.743652 -250.000000
    vertex 146.942993 271.520752 -250.000000
  endloop
endfacet
facet normal -111.145020 -168.388367 0.000000
  outer loop
    vertex 146.606567 271.743652 250.000000
    vertex 146.269791 271.965942 250.000000
    vertex 146.269791 271.965942 -250.000000
  endloop
endfacet
facet normal -111.145020 -168.388367 -0.000000
  outer loop
    vertex 146.606567 271.743652 250.000000
    vertex 146.269791 271.965942 -250.000000
    vertex 146.606567 271.743652 -250.000000
  endloop
endfacet
facet normal -110.824585 -168.571472 0.000000
  outer loop
    vertex 146.269791 271.965942 250.000000
    vertex 145.932648 272.187592 250.000000
    vertex 145.932648 272.187592 -250.000000
  endloop
endfacet
facet normal -110.824585 -168.571472 -0.000000
  outer loop
    vertex 146.269791 271.965942 250.000000
    vertex 145.932648 272.187592 -250.000000
    vertex 146.269791 271.965942 -250.000000
  endloop
endfacet
facet normal -110.519409 -168.762207 0.000000
  outer loop
    vertex 145.932648 272.187592 250.000000
    vertex 145.595123 272.408630 250.000000
    vertex 145.595123 272.408630 -250.000000
  endloop
endfacet
facet normal -110.519409 -168.762207 -0.000000
  outer loop
    vertex 145.932648 272.187592 250.000000
    vertex 145.595123 272.408630 -250.000000
    vertex 145.932648 272.187592 -250.000000
  endloop
endfacet
facet normal -110.183716 -168.937683 0.000000
  outer loop
    vertex 145.595123 272.408630 250.000000
    vertex 145.257248 272.628998 250.000000
    vertex 145.257248 272.628998 -250.000000
  endloop
endfacet
facet normal -110.183716 -168.937683 -0.000000
  outer loop
    vertex 145.595123 272.408630 250.000000
    vertex 145.257248 272.628998 -250.000000
    vertex 145.595123 272.408630 -250.000000
  endloop
endfacet
facet normal -109.863281 -169.136047 0.000000
  outer loop
    vertex 145.257248 272.628998 250.000000
    vertex 144.918976 272.848724 250.000000
    vertex 144.918976 272.848724 -250.000000
  endloop
endfacet
facet normal -109.863281 -169.136047 -0.000000
  outer loop
    vertex 145.257248 272.628998 250.000000
    vertex 144.918976 272.848724 -250.000000
    vertex 145.257248 272.628998 -250.000000
  endloop
endfacet
facet normal -109.527588 -169.326782 0.000000
  outer loop
    vertex 144.918976 272.848724 250.000000
    vertex 144.580322 273.067780 250.000000
    vertex 144.580322 273.067780 -250.000000
  endloop
endfacet
facet normal -109.527588 -169.326782 -0.000000
  outer loop
    vertex 144.918976 272.848724 250.000000
    vertex 144.580322 273.067780 -250.000000
    vertex 144.918976 272.848724 -250.000000
  endloop
endfacet
facet normal -109.191895 -169.517517 0.000000
  outer loop
    vertex 144.580322 273.067780 250.000000
    vertex 144.241287 273.286163 250.000000
    vertex 144.241287 273.286163 -250.000000
  endloop
endfacet
facet normal -109.191895 -169.517517 -0.000000
  outer loop
    vertex 144.580322 273.067780 250.000000
    vertex 144.241287 273.286163 -250.000000
    vertex 144.580322 273.067780 -250.000000
  endloop
endfacet
facet normal -108.840942 -169.715881 0.000000
  outer loop
    vertex 144.241287 273.286163 250.000000
    vertex 143.901855 273.503845 250.000000
    vertex 143.901855 273.503845 -250.000000
  endloop
endfacet
facet normal -108.840942 -169.715881 -0.000000
  outer loop
    vertex 144.241287 273.286163 250.000000
    vertex 143.901855 273.503845 -250.000000
    vertex 144.241287 273.286163 -250.000000
  endloop
endfacet
facet normal -108.489990 -169.921875 0.000000
  outer loop
    vertex 143.901855 273.503845 250.000000
    vertex 143.562012 273.720825 250.000000
    vertex 143.562012 273.720825 -250.000000
  endloop
endfacet
facet normal -108.489990 -169.921875 -0.000000
  outer loop
    vertex 143.901855 273.503845 250.000000
    vertex 143.562012 273.720825 -250.000000
    vertex 143.901855 273.503845 -250.000000
  endloop
endfacet
facet normal -108.154297 -170.120239 0.000000
  outer loop
    vertex 143.562012 273.720825 250.000000
    vertex 143.221771 273.937134 250.000000
    vertex 143.221771 273.937134 -250.000000
  endloop
endfacet
facet normal -108.154297 -170.120239 -0.000000
  outer loop
    vertex 143.562012 273.720825 250.000000
    vertex 143.221771 273.937134 -250.000000
    vertex 143.562012 273.720825 -250.000000
  endloop
endfacet
facet normal -107.788086 -170.326233 0.000000
  outer loop
    vertex 143.221771 273.937134 250.000000
    vertex 142.881119 274.152710 250.000000
    vertex 142.881119 274.152710 -250.000000
  endloop
endfacet
facet normal -107.788086 -170.326233 -0.000000
  outer loop
    vertex 143.221771 273.937134 250.000000
    vertex 142.881119 274.152710 -250.000000
    vertex 143.221771 273.937134 -250.000000
  endloop
endfacet
facet normal -107.421875 -170.539856 0.000000
  outer loop
    vertex 142.881119 274.152710 250.000000
    vertex 142.540039 274.367554 250.000000
    vertex 142.540039 274.367554 -250.000000
  endloop
endfacet
facet normal -107.421875 -170.539856 -0.000000
  outer loop
    vertex 142.881119 274.152710 250.000000
    vertex 142.540039 274.367554 -250.000000
    vertex 142.881119 274.152710 -250.000000
  endloop
endfacet
facet normal -107.040405 -170.753479 0.000000
  outer loop
    vertex 142.540039 274.367554 250.000000
    vertex 142.198532 274.581635 250.000000
    vertex 142.198532 274.581635 -250.000000
  endloop
endfacet
facet normal -107.040405 -170.753479 -0.000000
  outer loop
    vertex 142.540039 274.367554 250.000000
    vertex 142.198532 274.581635 -250.000000
    vertex 142.540039 274.367554 -250.000000
  endloop
endfacet
facet normal -106.689453 -170.974731 0.000000
  outer loop
    vertex 142.198532 274.581635 250.000000
    vertex 141.856583 274.795013 250.000000
    vertex 141.856583 274.795013 -250.000000
  endloop
endfacet
facet normal -106.689453 -170.974731 -0.000000
  outer loop
    vertex 142.198532 274.581635 250.000000
    vertex 141.856583 274.795013 -250.000000
    vertex 142.198532 274.581635 -250.000000
  endloop
endfacet
facet normal -106.292725 -171.188354 0.000000
  outer loop
    vertex 141.856583 274.795013 250.000000
    vertex 141.514206 275.007599 250.000000
    vertex 141.514206 275.007599 -250.000000
  endloop
endfacet
facet normal -106.292725 -171.188354 -0.000000
  outer loop
    vertex 141.856583 274.795013 250.000000
    vertex 141.514206 275.007599 -250.000000
    vertex 141.856583 274.795013 -250.000000
  endloop
endfacet
facet normal -105.895996 -171.417236 0.000000
  outer loop
    vertex 141.514206 275.007599 250.000000
    vertex 141.171371 275.219391 250.000000
    vertex 141.171371 275.219391 -250.000000
  endloop
endfacet
facet normal -105.895996 -171.417236 -0.000000
  outer loop
    vertex 141.514206 275.007599 250.000000
    vertex 141.171371 275.219391 -250.000000
    vertex 141.514206 275.007599 -250.000000
  endloop
endfacet
facet normal -105.514526 -171.638489 0.000000
  outer loop
    vertex 141.171371 275.219391 250.000000
    vertex 140.828094 275.430420 250.000000
    vertex 140.828094 275.430420 -250.000000
  endloop
endfacet
facet normal -105.514526 -171.638489 -0.000000
  outer loop
    vertex 141.171371 275.219391 250.000000
    vertex 140.828094 275.430420 -250.000000
    vertex 141.171371 275.219391 -250.000000
  endloop
endfacet
facet normal -105.117798 -171.875000 0.000000
  outer loop
    vertex 140.828094 275.430420 250.000000
    vertex 140.484344 275.640656 250.000000
    vertex 140.484344 275.640656 -250.000000
  endloop
endfacet
facet normal -105.117798 -171.875000 -0.000000
  outer loop
    vertex 140.828094 275.430420 250.000000
    vertex 140.484344 275.640656 -250.000000
    vertex 140.828094 275.430420 -250.000000
  endloop
endfacet
facet normal -104.705811 -172.103882 0.000000
  outer loop
    vertex 140.484344 275.640656 250.000000
    vertex 140.140137 275.850067 250.000000
    vertex 140.140137 275.850067 -250.000000
  endloop
endfacet
facet normal -104.705811 -172.103882 -0.000000
  outer loop
    vertex 140.484344 275.640656 250.000000
    vertex 140.140137 275.850067 -250.000000
    vertex 140.484344 275.640656 -250.000000
  endloop
endfacet
facet normal -104.293823 -172.348022 0.000000
  outer loop
    vertex 140.140137 275.850067 250.000000
    vertex 139.795441 276.058655 250.000000
    vertex 139.795441 276.058655 -250.000000
  endloop
endfacet
facet normal -104.293823 -172.348022 -0.000000
  outer loop
    vertex 140.140137 275.850067 250.000000
    vertex 139.795441 276.058655 -250.000000
    vertex 140.140137 275.850067 -250.000000
  endloop
endfacet
facet normal -103.881836 -172.584534 0.000000
  outer loop
    vertex 139.795441 276.058655 250.000000
    vertex 139.450272 276.266418 250.000000
    vertex 139.450272 276.266418 -250.000000
  endloop
endfacet
facet normal -103.881836 -172.584534 -0.000000
  outer loop
    vertex 139.795441 276.058655 250.000000
    vertex 139.450272 276.266418 -250.000000
    vertex 139.795441 276.058655 -250.000000
  endloop
endfacet
facet normal -103.439331 -172.836304 0.000000
  outer loop
    vertex 139.450272 276.266418 250.000000
    vertex 139.104599 276.473297 250.000000
    vertex 139.104599 276.473297 -250.000000
  endloop
endfacet
facet normal -103.439331 -172.836304 -0.000000
  outer loop
    vertex 139.450272 276.266418 250.000000
    vertex 139.104599 276.473297 -250.000000
    vertex 139.450272 276.266418 -250.000000
  endloop
endfacet
facet normal -103.027344 -173.080444 0.000000
  outer loop
    vertex 139.104599 276.473297 250.000000
    vertex 138.758438 276.679352 250.000000
    vertex 138.758438 276.679352 -250.000000
  endloop
endfacet
facet normal -103.027344 -173.080444 -0.000000
  outer loop
    vertex 139.104599 276.473297 250.000000
    vertex 138.758438 276.679352 -250.000000
    vertex 139.104599 276.473297 -250.000000
  endloop
endfacet
facet normal -102.569580 -173.339844 0.000000
  outer loop
    vertex 138.758438 276.679352 250.000000
    vertex 138.411758 276.884491 250.000000
    vertex 138.411758 276.884491 -250.000000
  endloop
endfacet
facet normal -102.569580 -173.339844 -0.000000
  outer loop
    vertex 138.758438 276.679352 250.000000
    vertex 138.411758 276.884491 -250.000000
    vertex 138.758438 276.679352 -250.000000
  endloop
endfacet
facet normal -102.127075 -173.599243 0.000000
  outer loop
    vertex 138.411758 276.884491 250.000000
    vertex 138.064560 277.088745 250.000000
    vertex 138.064560 277.088745 -250.000000
  endloop
endfacet
facet normal -102.127075 -173.599243 -0.000000
  outer loop
    vertex 138.411758 276.884491 250.000000
    vertex 138.064560 277.088745 -250.000000
    vertex 138.411758 276.884491 -250.000000
  endloop
endfacet
facet normal -101.669312 -173.858643 0.000000
  outer loop
    vertex 138.064560 277.088745 250.000000
    vertex 137.716843 277.292084 250.000000
    vertex 137.716843 277.292084 -250.000000
  endloop
endfacet
facet normal -101.669312 -173.858643 -0.000000
  outer loop
    vertex 138.064560 277.088745 250.000000
    vertex 137.716843 277.292084 -250.000000
    vertex 138.064560 277.088745 -250.000000
  endloop
endfacet
facet normal -101.196289 -174.133301 0.000000
  outer loop
    vertex 137.716843 277.292084 250.000000
    vertex 137.368576 277.494476 250.000000
    vertex 137.368576 277.494476 -250.000000
  endloop
endfacet
facet normal -101.196289 -174.133301 -0.000000
  outer loop
    vertex 137.716843 277.292084 250.000000
    vertex 137.368576 277.494476 -250.000000
    vertex 137.716843 277.292084 -250.000000
  endloop
endfacet
facet normal -100.738525 -174.400330 0.000000
  outer loop
    vertex 137.368576 277.494476 250.000000
    vertex 137.019775 277.695953 250.000000
    vertex 137.019775 277.695953 -250.000000
  endloop
endfacet
facet normal -100.738525 -174.400330 -0.000000
  outer loop
    vertex 137.368576 277.494476 250.000000
    vertex 137.019775 277.695953 -250.000000
    vertex 137.368576 277.494476 -250.000000
  endloop
endfacet
facet normal -100.250244 -174.674988 0.000000
  outer loop
    vertex 137.019775 277.695953 250.000000
    vertex 136.670425 277.896454 250.000000
    vertex 136.670425 277.896454 -250.000000
  endloop
endfacet
facet normal -100.250244 -174.674988 -0.000000
  outer loop
    vertex 137.019775 277.695953 250.000000
    vertex 136.670425 277.896454 -250.000000
    vertex 137.019775 277.695953 -250.000000
  endloop
endfacet
facet normal -99.777222 -174.964905 0.000000
  outer loop
    vertex 136.670425 277.896454 250.000000
    vertex 136.320496 278.096008 250.000000
    vertex 136.320496 278.096008 -250.000000
  endloop
endfacet
facet normal -99.777222 -174.964905 -0.000000
  outer loop
    vertex 136.670425 277.896454 250.000000
    vertex 136.320496 278.096008 -250.000000
    vertex 136.670425 277.896454 -250.000000
  endloop
endfacet
facet normal -99.258423 -175.247192 0.000000
  outer loop
    vertex 136.320496 278.096008 250.000000
    vertex 135.970001 278.294525 250.000000
    vertex 135.970001 278.294525 -250.000000
  endloop
endfacet
facet normal -99.258423 -175.247192 -0.000000
  outer loop
    vertex 136.320496 278.096008 250.000000
    vertex 135.970001 278.294525 -250.000000
    vertex 136.320496 278.096008 -250.000000
  endloop
endfacet
facet normal -98.770142 -175.537109 0.000000
  outer loop
    vertex 135.970001 278.294525 250.000000
    vertex 135.618927 278.492065 250.000000
    vertex 135.618927 278.492065 -250.000000
  endloop
endfacet
facet normal -98.770142 -175.537109 -0.000000
  outer loop
    vertex 135.970001 278.294525 250.000000
    vertex 135.618927 278.492065 -250.000000
    vertex 135.970001 278.294525 -250.000000
  endloop
endfacet
facet normal -98.236084 -175.834656 0.000000
  outer loop
    vertex 135.618927 278.492065 250.000000
    vertex 135.267258 278.688538 250.000000
    vertex 135.267258 278.688538 -250.000000
  endloop
endfacet
facet normal -98.236084 -175.834656 -0.000000
  outer loop
    vertex 135.618927 278.492065 250.000000
    vertex 135.267258 278.688538 -250.000000
    vertex 135.618927 278.492065 -250.000000
  endloop
endfacet
facet normal -97.732544 -176.139832 0.000000
  outer loop
    vertex 135.267258 278.688538 250.000000
    vertex 134.914978 278.884003 250.000000
    vertex 134.914978 278.884003 -250.000000
  endloop
endfacet
facet normal -97.732544 -176.139832 -0.000000
  outer loop
    vertex 135.267258 278.688538 250.000000
    vertex 134.914978 278.884003 -250.000000
    vertex 135.267258 278.688538 -250.000000
  endloop
endfacet
facet normal -97.183228 -176.452637 0.000000
  outer loop
    vertex 134.914978 278.884003 250.000000
    vertex 134.562073 279.078369 250.000000
    vertex 134.562073 279.078369 -250.000000
  endloop
endfacet
facet normal -97.183228 -176.452637 -0.000000
  outer loop
    vertex 134.914978 278.884003 250.000000
    vertex 134.562073 279.078369 -250.000000
    vertex 134.914978 278.884003 -250.000000
  endloop
endfacet
facet normal -96.649170 -176.765442 0.000000
  outer loop
    vertex 134.562073 279.078369 250.000000
    vertex 134.208542 279.271667 250.000000
    vertex 134.208542 279.271667 -250.000000
  endloop
endfacet
facet normal -96.649170 -176.765442 -0.000000
  outer loop
    vertex 134.562073 279.078369 250.000000
    vertex 134.208542 279.271667 -250.000000
    vertex 134.562073 279.078369 -250.000000
  endloop
endfacet
facet normal -96.084595 -177.078247 0.000000
  outer loop
    vertex 134.208542 279.271667 250.000000
    vertex 133.854385 279.463837 250.000000
    vertex 133.854385 279.463837 -250.000000
  endloop
endfacet
facet normal -96.084595 -177.078247 -0.000000
  outer loop
    vertex 134.208542 279.271667 250.000000
    vertex 133.854385 279.463837 -250.000000
    vertex 134.208542 279.271667 -250.000000
  endloop
endfacet
facet normal -95.520020 -177.413940 0.000000
  outer loop
    vertex 133.854385 279.463837 250.000000
    vertex 133.499557 279.654877 250.000000
    vertex 133.499557 279.654877 -250.000000
  endloop
endfacet
facet normal -95.520020 -177.413940 -0.000000
  outer loop
    vertex 133.854385 279.463837 250.000000
    vertex 133.499557 279.654877 -250.000000
    vertex 133.854385 279.463837 -250.000000
  endloop
endfacet
facet normal -94.955444 -177.742004 0.000000
  outer loop
    vertex 133.499557 279.654877 250.000000
    vertex 133.144073 279.844788 250.000000
    vertex 133.144073 279.844788 -250.000000
  endloop
endfacet
facet normal -94.955444 -177.742004 -0.000000
  outer loop
    vertex 133.499557 279.654877 250.000000
    vertex 133.144073 279.844788 -250.000000
    vertex 133.499557 279.654877 -250.000000
  endloop
endfacet
facet normal -94.345093 -178.077698 0.000000
  outer loop
    vertex 133.144073 279.844788 250.000000
    vertex 132.787918 280.033478 250.000000
    vertex 132.787918 280.033478 -250.000000
  endloop
endfacet
facet normal -94.345093 -178.077698 -0.000000
  outer loop
    vertex 133.144073 279.844788 250.000000
    vertex 132.787918 280.033478 -250.000000
    vertex 133.144073 279.844788 -250.000000
  endloop
endfacet
facet normal -93.765259 -178.428650 0.000000
  outer loop
    vertex 132.787918 280.033478 250.000000
    vertex 132.431061 280.221008 250.000000
    vertex 132.431061 280.221008 -250.000000
  endloop
endfacet
facet normal -93.765259 -178.428650 -0.000000
  outer loop
    vertex 132.787918 280.033478 250.000000
    vertex 132.431061 280.221008 -250.000000
    vertex 132.787918 280.033478 -250.000000
  endloop
endfacet
facet normal -93.154907 -178.779602 0.000000
  outer loop
    vertex 132.431061 280.221008 250.000000
    vertex 132.073502 280.407318 250.000000
    vertex 132.073502 280.407318 -250.000000
  endloop
endfacet
facet normal -93.154907 -178.779602 -0.000000
  outer loop
    vertex 132.431061 280.221008 250.000000
    vertex 132.073502 280.407318 -250.000000
    vertex 132.431061 280.221008 -250.000000
  endloop
endfacet
facet normal -92.514038 -179.145813 0.000000
  outer loop
    vertex 132.073502 280.407318 250.000000
    vertex 131.715210 280.592346 250.000000
    vertex 131.715210 280.592346 -250.000000
  endloop
endfacet
facet normal -92.514038 -179.145813 -0.000000
  outer loop
    vertex 132.073502 280.407318 250.000000
    vertex 131.715210 280.592346 -250.000000
    vertex 132.073502 280.407318 -250.000000
  endloop
endfacet
facet normal -91.888428 -179.504395 0.000000
  outer loop
    vertex 131.715210 280.592346 250.000000
    vertex 131.356201 280.776123 250.000000
    vertex 131.356201 280.776123 -250.000000
  endloop
endfacet
facet normal -91.888428 -179.504395 -0.000000
  outer loop
    vertex 131.715210 280.592346 250.000000
    vertex 131.356201 280.776123 -250.000000
    vertex 131.715210 280.592346 -250.000000
  endloop
endfacet
facet normal -91.232300 -179.885864 0.000000
  outer loop
    vertex 131.356201 280.776123 250.000000
    vertex 130.996429 280.958588 250.000000
    vertex 130.996429 280.958588 -250.000000
  endloop
endfacet
facet normal -91.232300 -179.885864 -0.000000
  outer loop
    vertex 131.356201 280.776123 250.000000
    vertex 130.996429 280.958588 -250.000000
    vertex 131.356201 280.776123 -250.000000
  endloop
endfacet
facet normal -90.576172 -180.267334 0.000000
  outer loop
    vertex 130.996429 280.958588 250.000000
    vertex 130.635895 281.139740 250.000000
    vertex 130.635895 281.139740 -250.000000
  endloop
endfacet
facet normal -90.576172 -180.267334 -0.000000
  outer loop
    vertex 130.996429 280.958588 250.000000
    vertex 130.635895 281.139740 -250.000000
    vertex 130.996429 280.958588 -250.000000
  endloop
endfacet
facet normal -89.889526 -180.664062 0.000000
  outer loop
    vertex 130.635895 281.139740 250.000000
    vertex 130.274567 281.319519 250.000000
    vertex 130.274567 281.319519 -250.000000
  endloop
endfacet
facet normal -89.889526 -180.664062 -0.000000
  outer loop
    vertex 130.635895 281.139740 250.000000
    vertex 130.274567 281.319519 -250.000000
    vertex 130.635895 281.139740 -250.000000
  endloop
endfacet
facet normal -89.202881 -181.060791 0.000000
  outer loop
    vertex 130.274567 281.319519 250.000000
    vertex 129.912445 281.497925 250.000000
    vertex 129.912445 281.497925 -250.000000
  endloop
endfacet
facet normal -89.202881 -181.060791 -0.000000
  outer loop
    vertex 130.274567 281.319519 250.000000
    vertex 129.912445 281.497925 -250.000000
    vertex 130.274567 281.319519 -250.000000
  endloop
endfacet
facet normal -88.485718 -181.465149 0.000000
  outer loop
    vertex 129.912445 281.497925 250.000000
    vertex 129.549515 281.674896 250.000000
    vertex 129.549515 281.674896 -250.000000
  endloop
endfacet
facet normal -88.485718 -181.465149 -0.000000
  outer loop
    vertex 129.912445 281.497925 250.000000
    vertex 129.549515 281.674896 -250.000000
    vertex 129.912445 281.497925 -250.000000
  endloop
endfacet
facet normal -87.768555 -181.892395 0.000000
  outer loop
    vertex 129.549515 281.674896 250.000000
    vertex 129.185730 281.850433 250.000000
    vertex 129.185730 281.850433 -250.000000
  endloop
endfacet
facet normal -87.768555 -181.892395 -0.000000
  outer loop
    vertex 129.549515 281.674896 250.000000
    vertex 129.185730 281.850433 -250.000000
    vertex 129.549515 281.674896 -250.000000
  endloop
endfacet
facet normal -87.020874 -182.319641 0.000000
  outer loop
    vertex 129.185730 281.850433 250.000000
    vertex 128.821091 282.024475 250.000000
    vertex 128.821091 282.024475 -250.000000
  endloop
endfacet
facet normal -87.020874 -182.319641 -0.000000
  outer loop
    vertex 129.185730 281.850433 250.000000
    vertex 128.821091 282.024475 -250.000000
    vertex 129.185730 281.850433 -250.000000
  endloop
endfacet
facet normal -86.257935 -182.754517 0.000000
  outer loop
    vertex 128.821091 282.024475 250.000000
    vertex 128.455582 282.196991 250.000000
    vertex 128.455582 282.196991 -250.000000
  endloop
endfacet
facet normal -86.257935 -182.754517 -0.000000
  outer loop
    vertex 128.821091 282.024475 250.000000
    vertex 128.455582 282.196991 -250.000000
    vertex 128.821091 282.024475 -250.000000
  endloop
endfacet
facet normal -85.479736 -183.212280 0.000000
  outer loop
    vertex 128.455582 282.196991 250.000000
    vertex 128.089157 282.367950 250.000000
    vertex 128.089157 282.367950 -250.000000
  endloop
endfacet
facet normal -85.479736 -183.212280 -0.000000
  outer loop
    vertex 128.455582 282.196991 250.000000
    vertex 128.089157 282.367950 -250.000000
    vertex 128.455582 282.196991 -250.000000
  endloop
endfacet
facet normal -84.701538 -183.662415 0.000000
  outer loop
    vertex 128.089157 282.367950 250.000000
    vertex 127.721832 282.537354 250.000000
    vertex 127.721832 282.537354 -250.000000
  endloop
endfacet
facet normal -84.701538 -183.662415 -0.000000
  outer loop
    vertex 128.089157 282.367950 250.000000
    vertex 127.721832 282.537354 -250.000000
    vertex 128.089157 282.367950 -250.000000
  endloop
endfacet
facet normal -83.862305 -184.139252 0.000000
  outer loop
    vertex 127.721832 282.537354 250.000000
    vertex 127.353554 282.705078 250.000000
    vertex 127.353554 282.705078 -250.000000
  endloop
endfacet
facet normal -83.862305 -184.139252 -0.000000
  outer loop
    vertex 127.721832 282.537354 250.000000
    vertex 127.353554 282.705078 -250.000000
    vertex 127.721832 282.537354 -250.000000
  endloop
endfacet
facet normal -83.023071 -184.619904 0.000000
  outer loop
    vertex 127.353554 282.705078 250.000000
    vertex 126.984314 282.871124 250.000000
    vertex 126.984314 282.871124 -250.000000
  endloop
endfacet
facet normal -83.023071 -184.619904 -0.000000
  outer loop
    vertex 127.353554 282.705078 250.000000
    vertex 126.984314 282.871124 -250.000000
    vertex 127.353554 282.705078 -250.000000
  endloop
endfacet
facet normal -82.183838 -185.119629 0.000000
  outer loop
    vertex 126.984314 282.871124 250.000000
    vertex 126.614075 283.035492 250.000000
    vertex 126.614075 283.035492 -250.000000
  endloop
endfacet
facet normal -82.183838 -185.119629 -0.000000
  outer loop
    vertex 126.984314 282.871124 250.000000
    vertex 126.614075 283.035492 -250.000000
    vertex 126.984314 282.871124 -250.000000
  endloop
endfacet
facet normal -81.283569 -185.630798 0.000000
  outer loop
    vertex 126.614075 283.035492 250.000000
    vertex 126.242813 283.198059 250.000000
    vertex 126.242813 283.198059 -250.000000
  endloop
endfacet
facet normal -81.283569 -185.630798 -0.000000
  outer loop
    vertex 126.614075 283.035492 250.000000
    vertex 126.242813 283.198059 -250.000000
    vertex 126.614075 283.035492 -250.000000
  endloop
endfacet
facet normal -80.383301 -186.149597 0.000000
  outer loop
    vertex 126.242813 283.198059 250.000000
    vertex 125.870514 283.358826 250.000000
    vertex 125.870514 283.358826 -250.000000
  endloop
endfacet
facet normal -80.383301 -186.149597 -0.000000
  outer loop
    vertex 126.242813 283.198059 250.000000
    vertex 125.870514 283.358826 -250.000000
    vertex 126.242813 283.198059 -250.000000
  endloop
endfacet
facet normal -79.437256 -186.695099 0.000000
  outer loop
    vertex 125.870514 283.358826 250.000000
    vertex 125.497124 283.517700 250.000000
    vertex 125.497124 283.517700 -250.000000
  endloop
endfacet
facet normal -79.437256 -186.695099 -0.000000
  outer loop
    vertex 125.870514 283.358826 250.000000
    vertex 125.497124 283.517700 -250.000000
    vertex 125.870514 283.358826 -250.000000
  endloop
endfacet
facet normal -78.491211 -187.244415 0.000000
  outer loop
    vertex 125.497124 283.517700 250.000000
    vertex 125.122635 283.674683 250.000000
    vertex 125.122635 283.674683 -250.000000
  endloop
endfacet
facet normal -78.491211 -187.244415 -0.000000
  outer loop
    vertex 125.497124 283.517700 250.000000
    vertex 125.122635 283.674683 -250.000000
    vertex 125.497124 283.517700 -250.000000
  endloop
endfacet
facet normal -77.499390 -187.812805 0.000000
  outer loop
    vertex 125.122635 283.674683 250.000000
    vertex 124.747009 283.829681 250.000000
    vertex 124.747009 283.829681 -250.000000
  endloop
endfacet
facet normal -77.499390 -187.812805 -0.000000
  outer loop
    vertex 125.122635 283.674683 250.000000
    vertex 124.747009 283.829681 -250.000000
    vertex 125.122635 283.674683 -250.000000
  endloop
endfacet
facet normal -76.477051 -188.407898 0.000000
  outer loop
    vertex 124.747009 283.829681 250.000000
    vertex 124.370193 283.982635 250.000000
    vertex 124.370193 283.982635 -250.000000
  endloop
endfacet
facet normal -76.477051 -188.407898 -0.000000
  outer loop
    vertex 124.747009 283.829681 250.000000
    vertex 124.370193 283.982635 -250.000000
    vertex 124.747009 283.829681 -250.000000
  endloop
endfacet
facet normal -75.439453 -189.002991 0.000000
  outer loop
    vertex 124.370193 283.982635 250.000000
    vertex 123.992188 284.133514 250.000000
    vertex 123.992188 284.133514 -250.000000
  endloop
endfacet
facet normal -75.439453 -189.002991 -0.000000
  outer loop
    vertex 124.370193 283.982635 250.000000
    vertex 123.992188 284.133514 -250.000000
    vertex 124.370193 283.982635 -250.000000
  endloop
endfacet
facet normal -74.340820 -189.636230 0.000000
  outer loop
    vertex 123.992188 284.133514 250.000000
    vertex 123.612915 284.282196 250.000000
    vertex 123.612915 284.282196 -250.000000
  endloop
endfacet
facet normal -74.340820 -189.636230 -0.000000
  outer loop
    vertex 123.992188 284.133514 250.000000
    vertex 123.612915 284.282196 -250.000000
    vertex 123.992188 284.133514 -250.000000
  endloop
endfacet
facet normal -73.242188 -190.277100 0.000000
  outer loop
    vertex 123.612915 284.282196 250.000000
    vertex 123.232361 284.428680 250.000000
    vertex 123.232361 284.428680 -250.000000
  endloop
endfacet
facet normal -73.242188 -190.277100 -0.000000
  outer loop
    vertex 123.612915 284.282196 250.000000
    vertex 123.232361 284.428680 -250.000000
    vertex 123.612915 284.282196 -250.000000
  endloop
endfacet
facet normal -72.082520 -190.944672 0.000000
  outer loop
    vertex 123.232361 284.428680 250.000000
    vertex 122.850471 284.572845 250.000000
    vertex 122.850471 284.572845 -250.000000
  endloop
endfacet
facet normal -72.082520 -190.944672 -0.000000
  outer loop
    vertex 123.232361 284.428680 250.000000
    vertex 122.850471 284.572845 -250.000000
    vertex 123.232361 284.428680 -250.000000
  endloop
endfacet
facet normal -70.861816 -191.642761 0.000000
  outer loop
    vertex 122.850471 284.572845 250.000000
    vertex 122.467186 284.714569 250.000000
    vertex 122.467186 284.714569 -250.000000
  endloop
endfacet
facet normal -70.861816 -191.642761 -0.000000
  outer loop
    vertex 122.850471 284.572845 250.000000
    vertex 122.467186 284.714569 -250.000000
    vertex 122.850471 284.572845 -250.000000
  endloop
endfacet
facet normal -69.656372 -192.344666 0.000000
  outer loop
    vertex 122.467186 284.714569 250.000000
    vertex 122.082497 284.853882 250.000000
    vertex 122.082497 284.853882 -250.000000
  endloop
endfacet
facet normal -69.656372 -192.344666 -0.000000
  outer loop
    vertex 122.467186 284.714569 250.000000
    vertex 122.082497 284.853882 -250.000000
    vertex 122.467186 284.714569 -250.000000
  endloop
endfacet
facet normal -68.344116 -193.099976 0.000000
  outer loop
    vertex 122.082497 284.853882 250.000000
    vertex 121.696297 284.990570 250.000000
    vertex 121.696297 284.990570 -250.000000
  endloop
endfacet
facet normal -68.344116 -193.099976 -0.000000
  outer loop
    vertex 122.082497 284.853882 250.000000
    vertex 121.696297 284.990570 -250.000000
    vertex 122.082497 284.853882 -250.000000
  endloop
endfacet
facet normal -67.031860 -193.862915 0.000000
  outer loop
    vertex 121.696297 284.990570 250.000000
    vertex 121.308571 285.124634 250.000000
    vertex 121.308571 285.124634 -250.000000
  endloop
endfacet
facet normal -67.031860 -193.862915 -0.000000
  outer loop
    vertex 121.696297 284.990570 250.000000
    vertex 121.308571 285.124634 -250.000000
    vertex 121.696297 284.990570 -250.000000
  endloop
endfacet
facet normal -65.628052 -194.664001 0.000000
  outer loop
    vertex 121.308571 285.124634 250.000000
    vertex 120.919243 285.255890 250.000000
    vertex 120.919243 285.255890 -250.000000
  endloop
endfacet
facet normal -65.628052 -194.664001 -0.000000
  outer loop
    vertex 121.308571 285.124634 250.000000
    vertex 120.919243 285.255890 -250.000000
    vertex 121.308571 285.124634 -250.000000
  endloop
endfacet
facet normal -64.178467 -195.507050 0.000000
  outer loop
    vertex 120.919243 285.255890 250.000000
    vertex 120.528229 285.384247 250.000000
    vertex 120.528229 285.384247 -250.000000
  endloop
endfacet
facet normal -64.178467 -195.507050 -0.000000
  outer loop
    vertex 120.919243 285.255890 250.000000
    vertex 120.528229 285.384247 -250.000000
    vertex 120.919243 285.255890 -250.000000
  endloop
endfacet
facet normal -62.698364 -196.365356 0.000000
  outer loop
    vertex 120.528229 285.384247 250.000000
    vertex 120.135498 285.509644 250.000000
    vertex 120.135498 285.509644 -250.000000
  endloop
endfacet
facet normal -62.698364 -196.365356 -0.000000
  outer loop
    vertex 120.528229 285.384247 250.000000
    vertex 120.135498 285.509644 -250.000000
    vertex 120.528229 285.384247 -250.000000
  endloop
endfacet
facet normal -61.096191 -197.288513 0.000000
  outer loop
    vertex 120.135498 285.509644 250.000000
    vertex 119.740921 285.631836 250.000000
    vertex 119.740921 285.631836 -250.000000
  endloop
endfacet
facet normal -61.096191 -197.288513 -0.000000
  outer loop
    vertex 120.135498 285.509644 250.000000
    vertex 119.740921 285.631836 -250.000000
    vertex 120.135498 285.509644 -250.000000
  endloop
endfacet
facet normal -59.463501 -198.230743 0.000000
  outer loop
    vertex 119.740921 285.631836 250.000000
    vertex 119.344460 285.750763 250.000000
    vertex 119.344460 285.750763 -250.000000
  endloop
endfacet
facet normal -59.463501 -198.230743 -0.000000
  outer loop
    vertex 119.740921 285.631836 250.000000
    vertex 119.344460 285.750763 -250.000000
    vertex 119.740921 285.631836 -250.000000
  endloop
endfacet
facet normal -57.723999 -199.230194 0.000000
  outer loop
    vertex 119.344460 285.750763 250.000000
    vertex 118.945999 285.866211 250.000000
    vertex 118.945999 285.866211 -250.000000
  endloop
endfacet
facet normal -57.723999 -199.230194 -0.000000
  outer loop
    vertex 119.344460 285.750763 250.000000
    vertex 118.945999 285.866211 -250.000000
    vertex 119.344460 285.750763 -250.000000
  endloop
endfacet
facet normal -55.877686 -200.294495 0.000000
  outer loop
    vertex 118.945999 285.866211 250.000000
    vertex 118.545410 285.977966 250.000000
    vertex 118.545410 285.977966 -250.000000
  endloop
endfacet
facet normal -55.877686 -200.294495 -0.000000
  outer loop
    vertex 118.945999 285.866211 250.000000
    vertex 118.545410 285.977966 -250.000000
    vertex 118.945999 285.866211 -250.000000
  endloop
endfacet
facet normal -54.016113 -201.374054 0.000000
  outer loop
    vertex 118.545410 285.977966 250.000000
    vertex 118.142662 286.085999 250.000000
    vertex 118.142662 286.085999 -250.000000
  endloop
endfacet
facet normal -54.016113 -201.374054 -0.000000
  outer loop
    vertex 118.545410 285.977966 250.000000
    vertex 118.142662 286.085999 -250.000000
    vertex 118.545410 285.977966 -250.000000
  endloop
endfacet
facet normal -51.940918 -202.571869 0.000000
  outer loop
    vertex 118.142662 286.085999 250.000000
    vertex 117.737518 286.189880 250.000000
    vertex 117.737518 286.189880 -250.000000
  endloop
endfacet
facet normal -51.940918 -202.571869 -0.000000
  outer loop
    vertex 118.142662 286.085999 250.000000
    vertex 117.737518 286.189880 -250.000000
    vertex 118.142662 286.085999 -250.000000
  endloop
endfacet
facet normal -49.850464 -203.784943 0.000000
  outer loop
    vertex 117.737518 286.189880 250.000000
    vertex 117.329948 286.289581 250.000000
    vertex 117.329948 286.289581 -250.000000
  endloop
endfacet
facet normal -49.850464 -203.784943 -0.000000
  outer loop
    vertex 117.737518 286.189880 250.000000
    vertex 117.329948 286.289581 -250.000000
    vertex 117.737518 286.189880 -250.000000
  endloop
endfacet
facet normal -47.531128 -205.112457 0.000000
  outer loop
    vertex 117.329948 286.289581 250.000000
    vertex 116.919724 286.384644 250.000000
    vertex 116.919724 286.384644 -250.000000
  endloop
endfacet
facet normal -47.531128 -205.112457 -0.000000
  outer loop
    vertex 117.329948 286.289581 250.000000
    vertex 116.919724 286.384644 -250.000000
    vertex 117.329948 286.289581 -250.000000
  endloop
endfacet
facet normal -45.089722 -206.527710 0.000000
  outer loop
    vertex 116.919724 286.384644 250.000000
    vertex 116.506668 286.474823 250.000000
    vertex 116.506668 286.474823 -250.000000
  endloop
endfacet
facet normal -45.089722 -206.527710 -0.000000
  outer loop
    vertex 116.919724 286.384644 250.000000
    vertex 116.506668 286.474823 -250.000000
    vertex 116.919724 286.384644 -250.000000
  endloop
endfacet
facet normal -42.556763 -207.988739 0.000000
  outer loop
    vertex 116.506668 286.474823 250.000000
    vertex 116.090691 286.559937 250.000000
    vertex 116.090691 286.559937 -250.000000
  endloop
endfacet
facet normal -42.556763 -207.988739 -0.000000
  outer loop
    vertex 116.506668 286.474823 250.000000
    vertex 116.090691 286.559937 -250.000000
    vertex 116.506668 286.474823 -250.000000
  endloop
endfacet
facet normal -39.672852 -209.655762 0.000000
  outer loop
    vertex 116.090691 286.559937 250.000000
    vertex 115.671379 286.639282 250.000000
    vertex 115.671379 286.639282 -250.000000
  endloop
endfacet
facet normal -39.672852 -209.655762 -0.000000
  outer loop
    vertex 116.090691 286.559937 250.000000
    vertex 115.671379 286.639282 -250.000000
    vertex 116.090691 286.559937 -250.000000
  endloop
endfacet
facet normal -36.743164 -211.345673 0.000000
  outer loop
    vertex 115.671379 286.639282 250.000000
    vertex 115.248688 286.712769 250.000000
    vertex 115.248688 286.712769 -250.000000
  endloop
endfacet
facet normal -36.743164 -211.345673 -0.000000
  outer loop
    vertex 115.671379 286.639282 250.000000
    vertex 115.248688 286.712769 -250.000000
    vertex 115.671379 286.639282 -250.000000
  endloop
endfacet
facet normal -33.401489 -213.275909 0.000000
  outer loop
    vertex 115.248688 286.712769 250.000000
    vertex 114.822136 286.779572 250.000000
    vertex 114.822136 286.779572 -250.000000
  endloop
endfacet
facet normal -33.401489 -213.275909 -0.000000
  outer loop
    vertex 115.248688 286.712769 250.000000
    vertex 114.822136 286.779572 -250.000000
    vertex 115.248688 286.712769 -250.000000
  endloop
endfacet
facet normal -29.800415 -215.354919 0.000000
  outer loop
    vertex 114.822136 286.779572 250.000000
    vertex 114.391426 286.839172 250.000000
    vertex 114.391426 286.839172 -250.000000
  endloop
endfacet
facet normal -29.800415 -215.354919 -0.000000
  outer loop
    vertex 114.822136 286.779572 250.000000
    vertex 114.391426 286.839172 -250.000000
    vertex 114.822136 286.779572 -250.000000
  endloop
endfacet
facet normal -25.985718 -217.556000 0.000000
  outer loop
    vertex 114.391426 286.839172 250.000000
    vertex 113.956314 286.891144 250.000000
    vertex 113.956314 286.891144 -250.000000
  endloop
endfacet
facet normal -25.985718 -217.556000 -0.000000
  outer loop
    vertex 114.391426 286.839172 250.000000
    vertex 113.956314 286.891144 -250.000000
    vertex 114.391426 286.839172 -250.000000
  endloop
endfacet
facet normal -21.408081 -220.203400 0.000000
  outer loop
    vertex 113.956314 286.891144 250.000000
    vertex 113.515907 286.933960 250.000000
    vertex 113.515907 286.933960 -250.000000
  endloop
endfacet
facet normal -21.408081 -220.203400 -0.000000
  outer loop
    vertex 113.956314 286.891144 250.000000
    vertex 113.515907 286.933960 -250.000000
    vertex 113.956314 286.891144 -250.000000
  endloop
endfacet
facet normal -16.738892 -222.892761 0.000000
  outer loop
    vertex 113.515907 286.933960 250.000000
    vertex 113.070122 286.967438 250.000000
    vertex 113.070122 286.967438 -250.000000
  endloop
endfacet
facet normal -16.738892 -222.892761 -0.000000
  outer loop
    vertex 113.515907 286.933960 250.000000
    vertex 113.070122 286.967438 -250.000000
    vertex 113.515907 286.933960 -250.000000
  endloop
endfacet
facet normal -10.986328 -226.219177 0.000000
  outer loop
    vertex 113.070122 286.967438 250.000000
    vertex 112.617683 286.989410 250.000000
    vertex 112.617683 286.989410 -250.000000
  endloop
endfacet
facet normal -10.986328 -226.219177 -0.000000
  outer loop
    vertex 113.070122 286.967438 250.000000
    vertex 112.617683 286.989410 -250.000000
    vertex 113.070122 286.967438 -250.000000
  endloop
endfacet
facet normal -4.592896 -229.911804 0.000000
  outer loop
    vertex 112.617683 286.989410 250.000000
    vertex 112.157860 286.998596 250.000000
    vertex 112.157860 286.998596 -250.000000
  endloop
endfacet
facet normal -4.592896 -229.911804 -0.000000
  outer loop
    vertex 112.617683 286.989410 250.000000
    vertex 112.157860 286.998596 -250.000000
    vertex 112.617683 286.989410 -250.000000
  endloop
endfacet
facet normal 2.563477 -234.039307 0.000000
  outer loop
    vertex 112.157860 286.998596 250.000000
    vertex 111.689781 286.993469 250.000000
    vertex 111.689781 286.993469 -250.000000
  endloop
endfacet
facet normal 2.563477 -234.039307 0.000000
  outer loop
    vertex 112.157860 286.998596 250.000000
    vertex 111.689781 286.993469 -250.000000
    vertex 112.157860 286.998596 -250.000000
  endloop
endfacet
facet normal 12.161255 -239.578247 0.000000
  outer loop
    vertex 111.689781 286.993469 250.000000
    vertex 111.210625 286.969147 250.000000
    vertex 111.210625 286.969147 -250.000000
  endloop
endfacet
facet normal 12.161255 -239.578247 0.000000
  outer loop
    vertex 111.689781 286.993469 250.000000
    vertex 111.210625 286.969147 -250.000000
    vertex 111.689781 286.993469 -250.000000
  endloop
endfacet
facet normal 22.094727 -245.315552 0.000000
  outer loop
    vertex 111.210625 286.969147 250.000000
    vertex 110.719994 286.924957 250.000000
    vertex 110.719994 286.924957 -250.000000
  endloop
endfacet
facet normal 22.094727 -245.315552 0.000000
  outer loop
    vertex 111.210625 286.969147 250.000000
    vertex 110.719994 286.924957 -250.000000
    vertex 111.210625 286.969147 -250.000000
  endloop
endfacet
facet normal 37.734985 -254.344940 0.000000
  outer loop
    vertex 110.719994 286.924957 250.000000
    vertex 110.211304 286.849487 250.000000
    vertex 110.211304 286.849487 -250.000000
  endloop
endfacet
facet normal 37.734985 -254.344940 0.000000
  outer loop
    vertex 110.719994 286.924957 250.000000
    vertex 110.211304 286.849487 -250.000000
    vertex 110.719994 286.924957 -250.000000
  endloop
endfacet
facet normal 56.243896 -265.037537 0.000000
  outer loop
    vertex 110.211304 286.849487 250.000000
    vertex 109.681229 286.737000 250.000000
    vertex 109.681229 286.737000 -250.000000
  endloop
endfacet
facet normal 56.243896 -265.037537 0.000000
  outer loop
    vertex 110.211304 286.849487 250.000000
    vertex 109.681229 286.737000 -250.000000
    vertex 110.211304 286.849487 -250.000000
  endloop
endfacet
facet normal 97.702026 -288.967133 0.000000
  outer loop
    vertex 109.681229 286.737000 250.000000
    vertex 109.103294 286.541595 250.000000
    vertex 109.103294 286.541595 -250.000000
  endloop
endfacet
facet normal 97.702026 -288.967133 0.000000
  outer loop
    vertex 109.681229 286.737000 250.000000
    vertex 109.103294 286.541595 -250.000000
    vertex 109.681229 286.737000 -250.000000
  endloop
endfacet
facet normal 204.147339 -350.425720 0.000000
  outer loop
    vertex 109.103294 286.541595 250.000000
    vertex 108.402443 286.133301 250.000000
    vertex 108.402443 286.133301 -250.000000
  endloop
endfacet
facet normal 204.147339 -350.425720 0.000000
  outer loop
    vertex 109.103294 286.541595 250.000000
    vertex 108.402443 286.133301 -250.000000
    vertex 109.103294 286.541595 -250.000000
  endloop
endfacet
facet normal 308.303833 -408.210754 0.000000
  outer loop
    vertex 108.402443 286.133301 250.000000
    vertex 107.586021 285.516693 250.000000
    vertex 107.586021 285.516693 -250.000000
  endloop
endfacet
facet normal 308.303833 -408.210754 0.000000
  outer loop
    vertex 108.402443 286.133301 250.000000
    vertex 107.586021 285.516693 -250.000000
    vertex 108.402443 286.133301 -250.000000
  endloop
endfacet
facet normal 244.430542 -305.873871 0.000000
  outer loop
    vertex 107.586021 285.516693 250.000000
    vertex 106.974274 285.027832 250.000000
    vertex 106.974274 285.027832 -250.000000
  endloop
endfacet
facet normal 244.430542 -305.873871 0.000000
  outer loop
    vertex 107.586021 285.516693 250.000000
    vertex 106.974274 285.027832 -250.000000
    vertex 107.586021 285.516693 -250.000000
  endloop
endfacet
facet normal 105.453491 -131.950378 0.000000
  outer loop
    vertex 106.974274 285.027832 250.000000
    vertex 106.710373 284.816925 250.000000
    vertex 106.710373 284.816925 -250.000000
  endloop
endfacet
facet normal 105.453491 -131.950378 0.000000
  outer loop
    vertex 106.974274 285.027832 250.000000
    vertex 106.710373 284.816925 -250.000000
    vertex 106.974274 285.027832 -250.000000
  endloop
endfacet
facet normal 65.124512 -14.999390 0.000000
  outer loop
    vertex 106.710373 284.816925 250.000000
    vertex 106.680374 284.686676 250.000000
    vertex 106.680374 284.686676 -250.000000
  endloop
endfacet
facet normal 65.124512 -14.999390 0.000000
  outer loop
    vertex 106.710373 284.816925 250.000000
    vertex 106.680374 284.686676 -250.000000
    vertex 106.710373 284.816925 -250.000000
  endloop
endfacet
facet normal 273.223877 -41.465759 0.000000
  outer loop
    vertex 106.680374 284.686676 250.000000
    vertex 106.597443 284.140228 250.000000
    vertex 106.597443 284.140228 -250.000000
  endloop
endfacet
facet normal 273.223877 -41.465759 0.000000
  outer loop
    vertex 106.680374 284.686676 250.000000
    vertex 106.597443 284.140228 -250.000000
    vertex 106.680374 284.686676 -250.000000
  endloop
endfacet
facet normal 482.269287 -71.617126 0.000000
  outer loop
    vertex 106.597443 284.140228 250.000000
    vertex 106.454208 283.175690 250.000000
    vertex 106.454208 283.175690 -250.000000
  endloop
endfacet
facet normal 482.269287 -71.617126 0.000000
  outer loop
    vertex 106.597443 284.140228 250.000000
    vertex 106.454208 283.175690 -250.000000
    vertex 106.597443 284.140228 -250.000000
  endloop
endfacet
facet normal 462.677002 -34.564972 0.000000
  outer loop
    vertex 106.454208 283.175690 250.000000
    vertex 106.385078 282.250336 250.000000
    vertex 106.385078 282.250336 -250.000000
  endloop
endfacet
facet normal 462.677002 -34.564972 0.000000
  outer loop
    vertex 106.454208 283.175690 250.000000
    vertex 106.385078 282.250336 -250.000000
    vertex 106.454208 283.175690 -250.000000
  endloop
endfacet
facet normal 352.279663 29.174805 0.000000
  outer loop
    vertex 106.385078 282.250336 250.000000
    vertex 106.443428 281.545776 250.000000
    vertex 106.443428 281.545776 -250.000000
  endloop
endfacet
facet normal 352.279663 29.174805 0.000000
  outer loop
    vertex 106.385078 282.250336 250.000000
    vertex 106.443428 281.545776 -250.000000
    vertex 106.385078 282.250336 -250.000000
  endloop
endfacet
facet normal 269.531250 76.942444 0.000000
  outer loop
    vertex 106.443428 281.545776 250.000000
    vertex 106.597313 281.006714 250.000000
    vertex 106.597313 281.006714 -250.000000
  endloop
endfacet
facet normal 269.531250 76.942444 0.000000
  outer loop
    vertex 106.443428 281.545776 250.000000
    vertex 106.597313 281.006714 -250.000000
    vertex 106.443428 281.545776 -250.000000
  endloop
endfacet
facet normal 248.718262 88.962555 0.000000
  outer loop
    vertex 106.597313 281.006714 250.000000
    vertex 106.775238 280.509277 250.000000
    vertex 106.775238 280.509277 -250.000000
  endloop
endfacet
facet normal 248.718262 88.962555 0.000000
  outer loop
    vertex 106.597313 281.006714 250.000000
    vertex 106.775238 280.509277 -250.000000
    vertex 106.597313 281.006714 -250.000000
  endloop
endfacet
facet normal 230.575562 99.433899 0.000000
  outer loop
    vertex 106.775238 280.509277 250.000000
    vertex 106.974106 280.048126 250.000000
    vertex 106.974106 280.048126 -250.000000
  endloop
endfacet
facet normal 230.575562 99.433899 0.000000
  outer loop
    vertex 106.775238 280.509277 250.000000
    vertex 106.974106 280.048126 -250.000000
    vertex 106.775238 280.509277 -250.000000
  endloop
endfacet
facet normal 218.627930 106.338501 0.000000
  outer loop
    vertex 106.974106 280.048126 250.000000
    vertex 107.186783 279.610870 250.000000
    vertex 107.186783 279.610870 -250.000000
  endloop
endfacet
facet normal 218.627930 106.338501 0.000000
  outer loop
    vertex 106.974106 280.048126 250.000000
    vertex 107.186783 279.610870 -250.000000
    vertex 106.974106 280.048126 -250.000000
  endloop
endfacet
facet normal 208.831787 111.988068 0.000000
  outer loop
    vertex 107.186783 279.610870 250.000000
    vertex 107.410759 279.193207 250.000000
    vertex 107.410759 279.193207 -250.000000
  endloop
endfacet
facet normal 208.831787 111.988068 0.000000
  outer loop
    vertex 107.186783 279.610870 250.000000
    vertex 107.410759 279.193207 -250.000000
    vertex 107.186783 279.610870 -250.000000
  endloop
endfacet
facet normal 200.180054 116.985321 0.000000
  outer loop
    vertex 107.410759 279.193207 250.000000
    vertex 107.644730 278.792847 250.000000
    vertex 107.644730 278.792847 -250.000000
  endloop
endfacet
facet normal 200.180054 116.985321 0.000000
  outer loop
    vertex 107.410759 279.193207 250.000000
    vertex 107.644730 278.792847 -250.000000
    vertex 107.410759 279.193207 -250.000000
  endloop
endfacet
facet normal 193.740845 120.712280 0.000000
  outer loop
    vertex 107.644730 278.792847 250.000000
    vertex 107.886154 278.405365 250.000000
    vertex 107.886154 278.405365 -250.000000
  endloop
endfacet
facet normal 193.740845 120.712280 0.000000
  outer loop
    vertex 107.644730 278.792847 250.000000
    vertex 107.886154 278.405365 -250.000000
    vertex 107.644730 278.792847 -250.000000
  endloop
endfacet
facet normal 187.423706 124.343872 0.000000
  outer loop
    vertex 107.886154 278.405365 250.000000
    vertex 108.134842 278.030518 250.000000
    vertex 108.134842 278.030518 -250.000000
  endloop
endfacet
facet normal 187.423706 124.343872 0.000000
  outer loop
    vertex 107.886154 278.405365 250.000000
    vertex 108.134842 278.030518 -250.000000
    vertex 107.886154 278.405365 -250.000000
  endloop
endfacet
facet normal 182.403564 127.250671 0.000000
  outer loop
    vertex 108.134842 278.030518 250.000000
    vertex 108.389343 277.665710 250.000000
    vertex 108.389343 277.665710 -250.000000
  endloop
endfacet
facet normal 182.403564 127.250671 0.000000
  outer loop
    vertex 108.134842 278.030518 250.000000
    vertex 108.389343 277.665710 -250.000000
    vertex 108.134842 278.030518 -250.000000
  endloop
endfacet
facet normal 177.749634 129.936218 0.000000
  outer loop
    vertex 108.389343 277.665710 250.000000
    vertex 108.649216 277.310211 250.000000
    vertex 108.649216 277.310211 -250.000000
  endloop
endfacet
facet normal 177.749634 129.936218 0.000000
  outer loop
    vertex 108.389343 277.665710 250.000000
    vertex 108.649216 277.310211 -250.000000
    vertex 108.389343 277.665710 -250.000000
  endloop
endfacet
facet normal 173.477173 132.400513 0.000000
  outer loop
    vertex 108.649216 277.310211 250.000000
    vertex 108.914017 276.963257 250.000000
    vertex 108.914017 276.963257 -250.000000
  endloop
endfacet
facet normal 173.477173 132.400513 0.000000
  outer loop
    vertex 108.649216 277.310211 250.000000
    vertex 108.914017 276.963257 -250.000000
    vertex 108.649216 277.310211 -250.000000
  endloop
endfacet
facet normal 169.876099 134.487152 0.000000
  outer loop
    vertex 108.914017 276.963257 250.000000
    vertex 109.182991 276.623505 250.000000
    vertex 109.182991 276.623505 -250.000000
  endloop
endfacet
facet normal 169.876099 134.487152 0.000000
  outer loop
    vertex 108.914017 276.963257 250.000000
    vertex 109.182991 276.623505 -250.000000
    vertex 108.914017 276.963257 -250.000000
  endloop
endfacet
facet normal 166.305542 136.543274 0.000000
  outer loop
    vertex 109.182991 276.623505 250.000000
    vertex 109.456078 276.290894 250.000000
    vertex 109.456078 276.290894 -250.000000
  endloop
endfacet
facet normal 166.305542 136.543274 0.000000
  outer loop
    vertex 109.182991 276.623505 250.000000
    vertex 109.456078 276.290894 -250.000000
    vertex 109.182991 276.623505 -250.000000
  endloop
endfacet
facet normal 163.238525 138.309479 0.000000
  outer loop
    vertex 109.456078 276.290894 250.000000
    vertex 109.732697 275.964417 250.000000
    vertex 109.732697 275.964417 -250.000000
  endloop
endfacet
facet normal 163.238525 138.309479 0.000000
  outer loop
    vertex 109.456078 276.290894 250.000000
    vertex 109.732697 275.964417 -250.000000
    vertex 109.456078 276.290894 -250.000000
  endloop
endfacet
facet normal 160.324097 139.999390 0.000000
  outer loop
    vertex 109.732697 275.964417 250.000000
    vertex 110.012695 275.643768 250.000000
    vertex 110.012695 275.643768 -250.000000
  endloop
endfacet
facet normal 160.324097 139.999390 0.000000
  outer loop
    vertex 109.732697 275.964417 250.000000
    vertex 110.012695 275.643768 -250.000000
    vertex 109.732697 275.964417 -250.000000
  endloop
endfacet
facet normal 157.577515 141.582489 0.000000
  outer loop
    vertex 110.012695 275.643768 250.000000
    vertex 110.295860 275.328613 250.000000
    vertex 110.295860 275.328613 -250.000000
  endloop
endfacet
facet normal 157.577515 141.582489 0.000000
  outer loop
    vertex 110.012695 275.643768 250.000000
    vertex 110.295860 275.328613 -250.000000
    vertex 110.012695 275.643768 -250.000000
  endloop
endfacet
facet normal 155.136108 142.993927 0.000000
  outer loop
    vertex 110.295860 275.328613 250.000000
    vertex 110.581848 275.018341 250.000000
    vertex 110.581848 275.018341 -250.000000
  endloop
endfacet
facet normal 155.136108 142.993927 0.000000
  outer loop
    vertex 110.295860 275.328613 250.000000
    vertex 110.581848 275.018341 -250.000000
    vertex 110.295860 275.328613 -250.000000
  endloop
endfacet
facet normal 152.709961 144.393921 0.000000
  outer loop
    vertex 110.581848 275.018341 250.000000
    vertex 110.870636 274.712921 250.000000
    vertex 110.870636 274.712921 -250.000000
  endloop
endfacet
facet normal 152.709961 144.393921 0.000000
  outer loop
    vertex 110.581848 275.018341 250.000000
    vertex 110.870636 274.712921 -250.000000
    vertex 110.581848 275.018341 -250.000000
  endloop
endfacet
facet normal 150.543213 145.641327 0.000000
  outer loop
    vertex 110.870636 274.712921 250.000000
    vertex 111.161919 274.411835 250.000000
    vertex 111.161919 274.411835 -250.000000
  endloop
endfacet
facet normal 150.543213 145.641327 0.000000
  outer loop
    vertex 110.870636 274.712921 250.000000
    vertex 111.161919 274.411835 -250.000000
    vertex 110.870636 274.712921 -250.000000
  endloop
endfacet
facet normal 148.452759 146.850586 0.000000
  outer loop
    vertex 111.161919 274.411835 250.000000
    vertex 111.455620 274.114929 250.000000
    vertex 111.455620 274.114929 -250.000000
  endloop
endfacet
facet normal 148.452759 146.850586 0.000000
  outer loop
    vertex 111.161919 274.411835 250.000000
    vertex 111.455620 274.114929 -250.000000
    vertex 111.161919 274.411835 -250.000000
  endloop
endfacet
facet normal 146.453857 148.002625 0.000000
  outer loop
    vertex 111.455620 274.114929 250.000000
    vertex 111.751625 273.822021 250.000000
    vertex 111.751625 273.822021 -250.000000
  endloop
endfacet
facet normal 146.453857 148.002625 0.000000
  outer loop
    vertex 111.455620 274.114929 250.000000
    vertex 111.751625 273.822021 -250.000000
    vertex 111.455620 274.114929 -250.000000
  endloop
endfacet
facet normal 144.638062 149.059296 0.000000
  outer loop
    vertex 111.751625 273.822021 250.000000
    vertex 112.049744 273.532745 250.000000
    vertex 112.049744 273.532745 -250.000000
  endloop
endfacet
facet normal 144.638062 149.059296 0.000000
  outer loop
    vertex 111.751625 273.822021 250.000000
    vertex 112.049744 273.532745 -250.000000
    vertex 111.751625 273.822021 -250.000000
  endloop
endfacet
facet normal 142.807007 150.104523 0.000000
  outer loop
    vertex 112.049744 273.532745 250.000000
    vertex 112.349953 273.247131 250.000000
    vertex 112.349953 273.247131 -250.000000
  endloop
endfacet
facet normal 142.807007 150.104523 0.000000
  outer loop
    vertex 112.049744 273.532745 250.000000
    vertex 112.349953 273.247131 -250.000000
    vertex 112.049744 273.532745 -250.000000
  endloop
endfacet
facet normal 141.159058 151.065826 0.000000
  outer loop
    vertex 112.349953 273.247131 250.000000
    vertex 112.652084 272.964813 250.000000
    vertex 112.652084 272.964813 -250.000000
  endloop
endfacet
facet normal 141.159058 151.065826 0.000000
  outer loop
    vertex 112.349953 273.247131 250.000000
    vertex 112.652084 272.964813 -250.000000
    vertex 112.349953 273.247131 -250.000000
  endloop
endfacet
facet normal 139.526367 152.000427 0.000000
  outer loop
    vertex 112.652084 272.964813 250.000000
    vertex 112.956085 272.685760 250.000000
    vertex 112.956085 272.685760 -250.000000
  endloop
endfacet
facet normal 139.526367 152.000427 0.000000
  outer loop
    vertex 112.652084 272.964813 250.000000
    vertex 112.956085 272.685760 -250.000000
    vertex 112.652084 272.964813 -250.000000
  endloop
endfacet
facet normal 137.985229 152.896881 0.000000
  outer loop
    vertex 112.956085 272.685760 250.000000
    vertex 113.261879 272.409790 250.000000
    vertex 113.261879 272.409790 -250.000000
  endloop
endfacet
facet normal 137.985229 152.896881 0.000000
  outer loop
    vertex 112.956085 272.685760 250.000000
    vertex 113.261879 272.409790 -250.000000
    vertex 112.956085 272.685760 -250.000000
  endloop
endfacet
facet normal 136.520386 153.739929 0.000000
  outer loop
    vertex 113.261879 272.409790 250.000000
    vertex 113.569359 272.136749 250.000000
    vertex 113.569359 272.136749 -250.000000
  endloop
endfacet
facet normal 136.520386 153.739929 0.000000
  outer loop
    vertex 113.261879 272.409790 250.000000
    vertex 113.569359 272.136749 -250.000000
    vertex 113.261879 272.409790 -250.000000
  endloop
endfacet
facet normal 135.070801 154.571533 0.000000
  outer loop
    vertex 113.569359 272.136749 250.000000
    vertex 113.878502 271.866608 250.000000
    vertex 113.878502 271.866608 -250.000000
  endloop
endfacet
facet normal 135.070801 154.571533 0.000000
  outer loop
    vertex 113.569359 272.136749 250.000000
    vertex 113.878502 271.866608 -250.000000
    vertex 113.569359 272.136749 -250.000000
  endloop
endfacet
facet normal 133.743286 155.345917 0.000000
  outer loop
    vertex 113.878502 271.866608 250.000000
    vertex 114.189194 271.599121 250.000000
    vertex 114.189194 271.599121 -250.000000
  endloop
endfacet
facet normal 133.743286 155.345917 0.000000
  outer loop
    vertex 113.878502 271.866608 250.000000
    vertex 114.189194 271.599121 -250.000000
    vertex 113.878502 271.866608 -250.000000
  endloop
endfacet
facet normal 132.415771 156.105042 0.000000
  outer loop
    vertex 114.189194 271.599121 250.000000
    vertex 114.501404 271.334290 250.000000
    vertex 114.501404 271.334290 -250.000000
  endloop
endfacet
facet normal 132.415771 156.105042 0.000000
  outer loop
    vertex 114.189194 271.599121 250.000000
    vertex 114.501404 271.334290 -250.000000
    vertex 114.189194 271.599121 -250.000000
  endloop
endfacet
facet normal 131.164551 156.841278 0.000000
  outer loop
    vertex 114.501404 271.334290 250.000000
    vertex 114.815086 271.071960 250.000000
    vertex 114.815086 271.071960 -250.000000
  endloop
endfacet
facet normal 131.164551 156.841278 0.000000
  outer loop
    vertex 114.501404 271.334290 250.000000
    vertex 114.815086 271.071960 -250.000000
    vertex 114.501404 271.334290 -250.000000
  endloop
endfacet
facet normal 129.943848 157.531738 0.000000
  outer loop
    vertex 114.815086 271.071960 250.000000
    vertex 115.130150 270.812073 250.000000
    vertex 115.130150 270.812073 -250.000000
  endloop
endfacet
facet normal 129.943848 157.531738 0.000000
  outer loop
    vertex 114.815086 271.071960 250.000000
    vertex 115.130150 270.812073 -250.000000
    vertex 114.815086 271.071960 -250.000000
  endloop
endfacet
facet normal 128.753662 158.226013 0.000000
  outer loop
    vertex 115.130150 270.812073 250.000000
    vertex 115.446602 270.554565 250.000000
    vertex 115.446602 270.554565 -250.000000
  endloop
endfacet
facet normal 128.753662 158.226013 0.000000
  outer loop
    vertex 115.130150 270.812073 250.000000
    vertex 115.446602 270.554565 -250.000000
    vertex 115.130150 270.812073 -250.000000
  endloop
endfacet
facet normal 127.624512 158.870697 0.000000
  outer loop
    vertex 115.446602 270.554565 250.000000
    vertex 115.764343 270.299316 250.000000
    vertex 115.764343 270.299316 -250.000000
  endloop
endfacet
facet normal 127.624512 158.870697 0.000000
  outer loop
    vertex 115.446602 270.554565 250.000000
    vertex 115.764343 270.299316 -250.000000
    vertex 115.446602 270.554565 -250.000000
  endloop
endfacet
facet normal 126.525879 159.511566 0.000000
  outer loop
    vertex 115.764343 270.299316 250.000000
    vertex 116.083366 270.046265 250.000000
    vertex 116.083366 270.046265 -250.000000
  endloop
endfacet
facet normal 126.525879 159.511566 0.000000
  outer loop
    vertex 115.764343 270.299316 250.000000
    vertex 116.083366 270.046265 -250.000000
    vertex 115.764343 270.299316 -250.000000
  endloop
endfacet
facet normal 125.457764 160.125732 0.000000
  outer loop
    vertex 116.083366 270.046265 250.000000
    vertex 116.403618 269.795349 250.000000
    vertex 116.403618 269.795349 -250.000000
  endloop
endfacet
facet normal 125.457764 160.125732 0.000000
  outer loop
    vertex 116.083366 270.046265 250.000000
    vertex 116.403618 269.795349 -250.000000
    vertex 116.083366 270.046265 -250.000000
  endloop
endfacet
facet normal 124.435425 160.720825 0.000000
  outer loop
    vertex 116.403618 269.795349 250.000000
    vertex 116.725060 269.546478 250.000000
    vertex 116.725060 269.546478 -250.000000
  endloop
endfacet
facet normal 124.435425 160.720825 0.000000
  outer loop
    vertex 116.403618 269.795349 250.000000
    vertex 116.725060 269.546478 -250.000000
    vertex 116.403618 269.795349 -250.000000
  endloop
endfacet
facet normal 123.413086 161.304474 0.000000
  outer loop
    vertex 116.725060 269.546478 250.000000
    vertex 117.047668 269.299652 250.000000
    vertex 117.047668 269.299652 -250.000000
  endloop
endfacet
facet normal 123.413086 161.304474 0.000000
  outer loop
    vertex 116.725060 269.546478 250.000000
    vertex 117.047668 269.299652 -250.000000
    vertex 116.725060 269.546478 -250.000000
  endloop
endfacet
facet normal 122.451782 161.861420 0.000000
  outer loop
    vertex 117.047668 269.299652 250.000000
    vertex 117.371391 269.054749 250.000000
    vertex 117.371391 269.054749 -250.000000
  endloop
endfacet
facet normal 122.451782 161.861420 0.000000
  outer loop
    vertex 117.047668 269.299652 250.000000
    vertex 117.371391 269.054749 -250.000000
    vertex 117.047668 269.299652 -250.000000
  endloop
endfacet
facet normal 121.505737 162.414551 0.000000
  outer loop
    vertex 117.371391 269.054749 250.000000
    vertex 117.696220 268.811737 250.000000
    vertex 117.696220 268.811737 -250.000000
  endloop
endfacet
facet normal 121.505737 162.414551 0.000000
  outer loop
    vertex 117.371391 269.054749 250.000000
    vertex 117.696220 268.811737 -250.000000
    vertex 117.371391 269.054749 -250.000000
  endloop
endfacet
facet normal 120.574951 162.940979 0.000000
  outer loop
    vertex 117.696220 268.811737 250.000000
    vertex 118.022102 268.570587 250.000000
    vertex 118.022102 268.570587 -250.000000
  endloop
endfacet
facet normal 120.574951 162.940979 0.000000
  outer loop
    vertex 117.696220 268.811737 250.000000
    vertex 118.022102 268.570587 -250.000000
    vertex 117.696220 268.811737 -250.000000
  endloop
endfacet
facet normal 119.689941 163.455963 0.000000
  outer loop
    vertex 118.022102 268.570587 250.000000
    vertex 118.349014 268.331207 250.000000
    vertex 118.349014 268.331207 -250.000000
  endloop
endfacet
facet normal 119.689941 163.455963 0.000000
  outer loop
    vertex 118.022102 268.570587 250.000000
    vertex 118.349014 268.331207 -250.000000
    vertex 118.022102 268.570587 -250.000000
  endloop
endfacet
facet normal 118.820190 163.967133 0.000000
  outer loop
    vertex 118.349014 268.331207 250.000000
    vertex 118.676949 268.093567 250.000000
    vertex 118.676949 268.093567 -250.000000
  endloop
endfacet
facet normal 118.820190 163.967133 0.000000
  outer loop
    vertex 118.349014 268.331207 250.000000
    vertex 118.676949 268.093567 -250.000000
    vertex 118.349014 268.331207 -250.000000
  endloop
endfacet
facet normal 117.965698 164.447784 0.000000
  outer loop
    vertex 118.676949 268.093567 250.000000
    vertex 119.005844 267.857635 250.000000
    vertex 119.005844 267.857635 -250.000000
  endloop
endfacet
facet normal 117.965698 164.447784 0.000000
  outer loop
    vertex 118.676949 268.093567 250.000000
    vertex 119.005844 267.857635 -250.000000
    vertex 118.676949 268.093567 -250.000000
  endloop
endfacet
facet normal 117.126465 164.932251 0.000000
  outer loop
    vertex 119.005844 267.857635 250.000000
    vertex 119.335709 267.623383 250.000000
    vertex 119.335709 267.623383 -250.000000
  endloop
endfacet
facet normal 117.126465 164.932251 0.000000
  outer loop
    vertex 119.005844 267.857635 250.000000
    vertex 119.335709 267.623383 -250.000000
    vertex 119.005844 267.857635 -250.000000
  endloop
endfacet
facet normal 116.333008 165.397644 0.000000
  outer loop
    vertex 119.335709 267.623383 250.000000
    vertex 119.666504 267.390717 250.000000
    vertex 119.666504 267.390717 -250.000000
  endloop
endfacet
facet normal 116.333008 165.397644 0.000000
  outer loop
    vertex 119.335709 267.623383 250.000000
    vertex 119.666504 267.390717 -250.000000
    vertex 119.335709 267.623383 -250.000000
  endloop
endfacet
facet normal 115.554810 165.851593 0.000000
  outer loop
    vertex 119.666504 267.390717 250.000000
    vertex 119.998207 267.159607 250.000000
    vertex 119.998207 267.159607 -250.000000
  endloop
endfacet
facet normal 115.554810 165.851593 0.000000
  outer loop
    vertex 119.666504 267.390717 250.000000
    vertex 119.998207 267.159607 -250.000000
    vertex 119.666504 267.390717 -250.000000
  endloop
endfacet
facet normal 114.761353 166.297913 0.000000
  outer loop
    vertex 119.998207 267.159607 250.000000
    vertex 120.330803 266.930084 250.000000
    vertex 120.330803 266.930084 -250.000000
  endloop
endfacet
facet normal 114.761353 166.297913 0.000000
  outer loop
    vertex 119.998207 267.159607 250.000000
    vertex 120.330803 266.930084 -250.000000
    vertex 119.998207 267.159607 -250.000000
  endloop
endfacet
facet normal 114.028931 166.728973 0.000000
  outer loop
    vertex 120.330803 266.930084 250.000000
    vertex 120.664261 266.702026 250.000000
    vertex 120.664261 266.702026 -250.000000
  endloop
endfacet
facet normal 114.028931 166.728973 0.000000
  outer loop
    vertex 120.330803 266.930084 250.000000
    vertex 120.664261 266.702026 -250.000000
    vertex 120.330803 266.930084 -250.000000
  endloop
endfacet
facet normal 113.281250 167.152405 0.000000
  outer loop
    vertex 120.664261 266.702026 250.000000
    vertex 120.998566 266.475464 250.000000
    vertex 120.998566 266.475464 -250.000000
  endloop
endfacet
facet normal 113.281250 167.152405 0.000000
  outer loop
    vertex 120.664261 266.702026 250.000000
    vertex 120.998566 266.475464 -250.000000
    vertex 120.664261 266.702026 -250.000000
  endloop
endfacet
facet normal 112.564087 167.568207 0.000000
  outer loop
    vertex 120.998566 266.475464 250.000000
    vertex 121.333702 266.250336 250.000000
    vertex 121.333702 266.250336 -250.000000
  endloop
endfacet
facet normal 112.564087 167.568207 0.000000
  outer loop
    vertex 120.998566 266.475464 250.000000
    vertex 121.333702 266.250336 -250.000000
    vertex 120.998566 266.475464 -250.000000
  endloop
endfacet
facet normal 111.877441 167.972565 0.000000
  outer loop
    vertex 121.333702 266.250336 250.000000
    vertex 121.669647 266.026581 250.000000
    vertex 121.669647 266.026581 -250.000000
  endloop
endfacet
facet normal 111.877441 167.972565 0.000000
  outer loop
    vertex 121.333702 266.250336 250.000000
    vertex 121.669647 266.026581 -250.000000
    vertex 121.333702 266.250336 -250.000000
  endloop
endfacet
facet normal 111.175537 168.373108 0.000000
  outer loop
    vertex 121.669647 266.026581 250.000000
    vertex 122.006393 265.804230 250.000000
    vertex 122.006393 265.804230 -250.000000
  endloop
endfacet
facet normal 111.175537 168.373108 0.000000
  outer loop
    vertex 121.669647 266.026581 250.000000
    vertex 122.006393 265.804230 -250.000000
    vertex 121.669647 266.026581 -250.000000
  endloop
endfacet
facet normal 110.504150 168.754578 0.000000
  outer loop
    vertex 122.006393 265.804230 250.000000
    vertex 122.343903 265.583221 250.000000
    vertex 122.343903 265.583221 -250.000000
  endloop
endfacet
facet normal 110.504150 168.754578 0.000000
  outer loop
    vertex 122.006393 265.804230 250.000000
    vertex 122.343903 265.583221 -250.000000
    vertex 122.006393 265.804230 -250.000000
  endloop
endfacet
facet normal 109.848022 169.139862 0.000000
  outer loop
    vertex 122.343903 265.583221 250.000000
    vertex 122.682182 265.363525 250.000000
    vertex 122.682182 265.363525 -250.000000
  endloop
endfacet
facet normal 109.848022 169.139862 0.000000
  outer loop
    vertex 122.343903 265.583221 250.000000
    vertex 122.682182 265.363525 -250.000000
    vertex 122.343903 265.583221 -250.000000
  endloop
endfacet
facet normal 109.207153 169.509888 0.000000
  outer loop
    vertex 122.682182 265.363525 250.000000
    vertex 123.021202 265.145111 250.000000
    vertex 123.021202 265.145111 -250.000000
  endloop
endfacet
facet normal 109.207153 169.509888 0.000000
  outer loop
    vertex 122.682182 265.363525 250.000000
    vertex 123.021202 265.145111 -250.000000
    vertex 122.682182 265.363525 -250.000000
  endloop
endfacet
facet normal 108.581543 169.872284 0.000000
  outer loop
    vertex 123.021202 265.145111 250.000000
    vertex 123.360947 264.927948 250.000000
    vertex 123.360947 264.927948 -250.000000
  endloop
endfacet
facet normal 108.581543 169.872284 0.000000
  outer loop
    vertex 123.021202 265.145111 250.000000
    vertex 123.360947 264.927948 -250.000000
    vertex 123.021202 265.145111 -250.000000
  endloop
endfacet
facet normal 107.955933 170.230865 0.000000
  outer loop
    vertex 123.360947 264.927948 250.000000
    vertex 123.701408 264.712036 250.000000
    vertex 123.701408 264.712036 -250.000000
  endloop
endfacet
facet normal 107.955933 170.230865 0.000000
  outer loop
    vertex 123.360947 264.927948 250.000000
    vertex 123.701408 264.712036 -250.000000
    vertex 123.360947 264.927948 -250.000000
  endloop
endfacet
facet normal 107.360840 170.578003 0.000000
  outer loop
    vertex 123.701408 264.712036 250.000000
    vertex 124.042564 264.497314 250.000000
    vertex 124.042564 264.497314 -250.000000
  endloop
endfacet
facet normal 107.360840 170.578003 0.000000
  outer loop
    vertex 123.701408 264.712036 250.000000
    vertex 124.042564 264.497314 -250.000000
    vertex 123.701408 264.712036 -250.000000
  endloop
endfacet
facet normal 106.750488 170.925140 0.000000
  outer loop
    vertex 124.042564 264.497314 250.000000
    vertex 124.384415 264.283813 250.000000
    vertex 124.384415 264.283813 -250.000000
  endloop
endfacet
facet normal 106.750488 170.925140 0.000000
  outer loop
    vertex 124.042564 264.497314 250.000000
    vertex 124.384415 264.283813 -250.000000
    vertex 124.042564 264.497314 -250.000000
  endloop
endfacet
facet normal 106.185913 171.257019 0.000000
  outer loop
    vertex 124.384415 264.283813 250.000000
    vertex 124.726929 264.071442 250.000000
    vertex 124.726929 264.071442 -250.000000
  endloop
endfacet
facet normal 106.185913 171.257019 0.000000
  outer loop
    vertex 124.384415 264.283813 250.000000
    vertex 124.726929 264.071442 -250.000000
    vertex 124.384415 264.283813 -250.000000
  endloop
endfacet
facet normal 105.606079 171.588898 0.000000
  outer loop
    vertex 124.726929 264.071442 250.000000
    vertex 125.070107 263.860229 250.000000
    vertex 125.070107 263.860229 -250.000000
  endloop
endfacet
facet normal 105.606079 171.588898 0.000000
  outer loop
    vertex 124.726929 264.071442 250.000000
    vertex 125.070107 263.860229 -250.000000
    vertex 124.726929 264.071442 -250.000000
  endloop
endfacet
facet normal 105.041504 171.913147 0.000000
  outer loop
    vertex 125.070107 263.860229 250.000000
    vertex 125.413933 263.650146 250.000000
    vertex 125.413933 263.650146 -250.000000
  endloop
endfacet
facet normal 105.041504 171.913147 0.000000
  outer loop
    vertex 125.070107 263.860229 250.000000
    vertex 125.413933 263.650146 -250.000000
    vertex 125.070107 263.860229 -250.000000
  endloop
endfacet
facet normal 104.492188 172.225952 0.000000
  outer loop
    vertex 125.413933 263.650146 250.000000
    vertex 125.758385 263.441162 250.000000
    vertex 125.758385 263.441162 -250.000000
  endloop
endfacet
facet normal 104.492188 172.225952 0.000000
  outer loop
    vertex 125.413933 263.650146 250.000000
    vertex 125.758385 263.441162 -250.000000
    vertex 125.413933 263.650146 -250.000000
  endloop
endfacet
facet normal 103.958130 172.542572 0.000000
  outer loop
    vertex 125.758385 263.441162 250.000000
    vertex 126.103470 263.233246 250.000000
    vertex 126.103470 263.233246 -250.000000
  endloop
endfacet
facet normal 103.958130 172.542572 0.000000
  outer loop
    vertex 125.758385 263.441162 250.000000
    vertex 126.103470 263.233246 -250.000000
    vertex 125.758385 263.441162 -250.000000
  endloop
endfacet
facet normal 103.424072 172.847748 0.000000
  outer loop
    vertex 126.103470 263.233246 250.000000
    vertex 126.449165 263.026398 250.000000
    vertex 126.449165 263.026398 -250.000000
  endloop
endfacet
facet normal 103.424072 172.847748 0.000000
  outer loop
    vertex 126.103470 263.233246 250.000000
    vertex 126.449165 263.026398 -250.000000
    vertex 126.103470 263.233246 -250.000000
  endloop
endfacet
facet normal 102.905273 173.145294 0.000000
  outer loop
    vertex 126.449165 263.026398 250.000000
    vertex 126.795456 262.820587 250.000000
    vertex 126.795456 262.820587 -250.000000
  endloop
endfacet
facet normal 102.905273 173.145294 0.000000
  outer loop
    vertex 126.449165 263.026398 250.000000
    vertex 126.795456 262.820587 -250.000000
    vertex 126.449165 263.026398 -250.000000
  endloop
endfacet
facet normal 102.401733 173.442841 0.000000
  outer loop
    vertex 126.795456 262.820587 250.000000
    vertex 127.142342 262.615784 250.000000
    vertex 127.142342 262.615784 -250.000000
  endloop
endfacet
facet normal 102.401733 173.442841 0.000000
  outer loop
    vertex 126.795456 262.820587 250.000000
    vertex 127.142342 262.615784 -250.000000
    vertex 126.795456 262.820587 -250.000000
  endloop
endfacet
facet normal 101.882935 173.732758 0.000000
  outer loop
    vertex 127.142342 262.615784 250.000000
    vertex 127.489807 262.412018 250.000000
    vertex 127.489807 262.412018 -250.000000
  endloop
endfacet
facet normal 101.882935 173.732758 0.000000
  outer loop
    vertex 127.142342 262.615784 250.000000
    vertex 127.489807 262.412018 -250.000000
    vertex 127.142342 262.615784 -250.000000
  endloop
endfacet
facet normal 101.409912 174.015045 0.000000
  outer loop
    vertex 127.489807 262.412018 250.000000
    vertex 127.837837 262.209198 250.000000
    vertex 127.837837 262.209198 -250.000000
  endloop
endfacet
facet normal 101.409912 174.015045 0.000000
  outer loop
    vertex 127.489807 262.412018 250.000000
    vertex 127.837837 262.209198 -250.000000
    vertex 127.489807 262.412018 -250.000000
  endloop
endfacet
facet normal 100.906372 174.297333 0.000000
  outer loop
    vertex 127.837837 262.209198 250.000000
    vertex 128.186432 262.007385 250.000000
    vertex 128.186432 262.007385 -250.000000
  endloop
endfacet
facet normal 100.906372 174.297333 0.000000
  outer loop
    vertex 127.837837 262.209198 250.000000
    vertex 128.186432 262.007385 -250.000000
    vertex 127.837837 262.209198 -250.000000
  endloop
endfacet
facet normal 100.448608 174.568176 0.000000
  outer loop
    vertex 128.186432 262.007385 250.000000
    vertex 128.535568 261.806488 250.000000
    vertex 128.535568 261.806488 -250.000000
  endloop
endfacet
facet normal 100.448608 174.568176 0.000000
  outer loop
    vertex 128.186432 262.007385 250.000000
    vertex 128.535568 261.806488 -250.000000
    vertex 128.186432 262.007385 -250.000000
  endloop
endfacet
facet normal 99.975586 174.842834 0.000000
  outer loop
    vertex 128.535568 261.806488 250.000000
    vertex 128.885254 261.606537 250.000000
    vertex 128.885254 261.606537 -250.000000
  endloop
endfacet
facet normal 99.975586 174.842834 0.000000
  outer loop
    vertex 128.535568 261.806488 250.000000
    vertex 128.885254 261.606537 -250.000000
    vertex 128.535568 261.806488 -250.000000
  endloop
endfacet
facet normal 99.502563 175.109863 0.000000
  outer loop
    vertex 128.885254 261.606537 250.000000
    vertex 129.235474 261.407532 250.000000
    vertex 129.235474 261.407532 -250.000000
  endloop
endfacet
facet normal 99.502563 175.109863 0.000000
  outer loop
    vertex 128.885254 261.606537 250.000000
    vertex 129.235474 261.407532 -250.000000
    vertex 128.885254 261.606537 -250.000000
  endloop
endfacet
facet normal 99.060059 175.361633 0.000000
  outer loop
    vertex 129.235474 261.407532 250.000000
    vertex 129.586197 261.209412 250.000000
    vertex 129.586197 261.209412 -250.000000
  endloop
endfacet
facet normal 99.060059 175.361633 0.000000
  outer loop
    vertex 129.235474 261.407532 250.000000
    vertex 129.586197 261.209412 -250.000000
    vertex 129.235474 261.407532 -250.000000
  endloop
endfacet
facet normal 98.617554 175.628662 0.000000
  outer loop
    vertex 129.586197 261.209412 250.000000
    vertex 129.937454 261.012177 250.000000
    vertex 129.937454 261.012177 -250.000000
  endloop
endfacet
facet normal 98.617554 175.628662 0.000000
  outer loop
    vertex 129.586197 261.209412 250.000000
    vertex 129.937454 261.012177 -250.000000
    vertex 129.586197 261.209412 -250.000000
  endloop
endfacet
facet normal 98.175049 175.872803 0.000000
  outer loop
    vertex 129.937454 261.012177 250.000000
    vertex 130.289200 260.815826 250.000000
    vertex 130.289200 260.815826 -250.000000
  endloop
endfacet
facet normal 98.175049 175.872803 0.000000
  outer loop
    vertex 129.937454 261.012177 250.000000
    vertex 130.289200 260.815826 -250.000000
    vertex 129.937454 261.012177 -250.000000
  endloop
endfacet
facet normal 97.747803 176.124573 0.000000
  outer loop
    vertex 130.289200 260.815826 250.000000
    vertex 130.641449 260.620331 250.000000
    vertex 130.641449 260.620331 -250.000000
  endloop
endfacet
facet normal 97.747803 176.124573 0.000000
  outer loop
    vertex 130.289200 260.815826 250.000000
    vertex 130.641449 260.620331 -250.000000
    vertex 130.289200 260.815826 -250.000000
  endloop
endfacet
facet normal 97.335815 176.368713 0.000000
  outer loop
    vertex 130.641449 260.620331 250.000000
    vertex 130.994186 260.425659 250.000000
    vertex 130.994186 260.425659 -250.000000
  endloop
endfacet
facet normal 97.335815 176.368713 0.000000
  outer loop
    vertex 130.641449 260.620331 250.000000
    vertex 130.994186 260.425659 -250.000000
    vertex 130.641449 260.620331 -250.000000
  endloop
endfacet
facet normal 96.893311 176.612854 0.000000
  outer loop
    vertex 130.994186 260.425659 250.000000
    vertex 131.347412 260.231873 250.000000
    vertex 131.347412 260.231873 -250.000000
  endloop
endfacet
facet normal 96.893311 176.612854 0.000000
  outer loop
    vertex 130.994186 260.425659 250.000000
    vertex 131.347412 260.231873 -250.000000
    vertex 130.994186 260.425659 -250.000000
  endloop
endfacet
facet normal 96.511841 176.849365 0.000000
  outer loop
    vertex 131.347412 260.231873 250.000000
    vertex 131.701111 260.038849 250.000000
    vertex 131.701111 260.038849 -250.000000
  endloop
endfacet
facet normal 96.511841 176.849365 0.000000
  outer loop
    vertex 131.347412 260.231873 250.000000
    vertex 131.701111 260.038849 -250.000000
    vertex 131.347412 260.231873 -250.000000
  endloop
endfacet
facet normal 96.084595 177.078247 0.000000
  outer loop
    vertex 131.701111 260.038849 250.000000
    vertex 132.055267 259.846680 250.000000
    vertex 132.055267 259.846680 -250.000000
  endloop
endfacet
facet normal 96.084595 177.078247 0.000000
  outer loop
    vertex 131.701111 260.038849 250.000000
    vertex 132.055267 259.846680 -250.000000
    vertex 131.701111 260.038849 -250.000000
  endloop
endfacet
facet normal 95.703125 177.307129 0.000000
  outer loop
    vertex 132.055267 259.846680 250.000000
    vertex 132.409882 259.655273 250.000000
    vertex 132.409882 259.655273 -250.000000
  endloop
endfacet
facet normal 95.703125 177.307129 0.000000
  outer loop
    vertex 132.055267 259.846680 250.000000
    vertex 132.409882 259.655273 -250.000000
    vertex 132.055267 259.846680 -250.000000
  endloop
endfacet
facet normal 95.306396 177.536011 0.000000
  outer loop
    vertex 132.409882 259.655273 250.000000
    vertex 132.764954 259.464661 250.000000
    vertex 132.764954 259.464661 -250.000000
  endloop
endfacet
facet normal 95.306396 177.536011 0.000000
  outer loop
    vertex 132.409882 259.655273 250.000000
    vertex 132.764954 259.464661 -250.000000
    vertex 132.409882 259.655273 -250.000000
  endloop
endfacet
facet normal 94.924927 177.757263 0.000000
  outer loop
    vertex 132.764954 259.464661 250.000000
    vertex 133.120468 259.274811 250.000000
    vertex 133.120468 259.274811 -250.000000
  endloop
endfacet
facet normal 94.924927 177.757263 0.000000
  outer loop
    vertex 132.764954 259.464661 250.000000
    vertex 133.120468 259.274811 -250.000000
    vertex 132.764954 259.464661 -250.000000
  endloop
endfacet
facet normal 94.543457 177.970886 0.000000
  outer loop
    vertex 133.120468 259.274811 250.000000
    vertex 133.476410 259.085724 250.000000
    vertex 133.476410 259.085724 -250.000000
  endloop
endfacet
facet normal 94.543457 177.970886 0.000000
  outer loop
    vertex 133.120468 259.274811 250.000000
    vertex 133.476410 259.085724 -250.000000
    vertex 133.120468 259.274811 -250.000000
  endloop
endfacet
facet normal 94.177246 178.192139 0.000000
  outer loop
    vertex 133.476410 259.085724 250.000000
    vertex 133.832794 258.897369 250.000000
    vertex 133.832794 258.897369 -250.000000
  endloop
endfacet
facet normal 94.177246 178.192139 0.000000
  outer loop
    vertex 133.476410 259.085724 250.000000
    vertex 133.832794 258.897369 -250.000000
    vertex 133.476410 259.085724 -250.000000
  endloop
endfacet
facet normal 93.795776 178.398132 0.000000
  outer loop
    vertex 133.832794 258.897369 250.000000
    vertex 134.189590 258.709778 250.000000
    vertex 134.189590 258.709778 -250.000000
  endloop
endfacet
facet normal 93.795776 178.398132 0.000000
  outer loop
    vertex 133.832794 258.897369 250.000000
    vertex 134.189590 258.709778 -250.000000
    vertex 133.832794 258.897369 -250.000000
  endloop
endfacet
facet normal 93.444824 178.611755 0.000000
  outer loop
    vertex 134.189590 258.709778 250.000000
    vertex 134.546814 258.522888 250.000000
    vertex 134.546814 258.522888 -250.000000
  endloop
endfacet
facet normal 93.444824 178.611755 0.000000
  outer loop
    vertex 134.189590 258.709778 250.000000
    vertex 134.546814 258.522888 -250.000000
    vertex 134.189590 258.709778 -250.000000
  endloop
endfacet
facet normal 93.093872 178.817749 0.000000
  outer loop
    vertex 134.546814 258.522888 250.000000
    vertex 134.904449 258.336700 250.000000
    vertex 134.904449 258.336700 -250.000000
  endloop
endfacet
facet normal 93.093872 178.817749 0.000000
  outer loop
    vertex 134.546814 258.522888 250.000000
    vertex 134.904449 258.336700 -250.000000
    vertex 134.546814 258.522888 -250.000000
  endloop
endfacet
facet normal 92.727661 179.016113 0.000000
  outer loop
    vertex 134.904449 258.336700 250.000000
    vertex 135.262482 258.151245 250.000000
    vertex 135.262482 258.151245 -250.000000
  endloop
endfacet
facet normal 92.727661 179.016113 0.000000
  outer loop
    vertex 134.904449 258.336700 250.000000
    vertex 135.262482 258.151245 -250.000000
    vertex 134.904449 258.336700 -250.000000
  endloop
endfacet
facet normal 92.391968 179.222107 0.000000
  outer loop
    vertex 135.262482 258.151245 250.000000
    vertex 135.620926 257.966461 250.000000
    vertex 135.620926 257.966461 -250.000000
  endloop
endfacet
facet normal 92.391968 179.222107 0.000000
  outer loop
    vertex 135.262482 258.151245 250.000000
    vertex 135.620926 257.966461 -250.000000
    vertex 135.262482 258.151245 -250.000000
  endloop
endfacet
facet normal 92.056274 179.412842 0.000000
  outer loop
    vertex 135.620926 257.966461 250.000000
    vertex 135.979752 257.782349 250.000000
    vertex 135.979752 257.782349 -250.000000
  endloop
endfacet
facet normal 92.056274 179.412842 0.000000
  outer loop
    vertex 135.620926 257.966461 250.000000
    vertex 135.979752 257.782349 -250.000000
    vertex 135.620926 257.966461 -250.000000
  endloop
endfacet
facet normal 91.705322 179.611206 0.000000
  outer loop
    vertex 135.979752 257.782349 250.000000
    vertex 136.338974 257.598938 250.000000
    vertex 136.338974 257.598938 -250.000000
  endloop
endfacet
facet normal 91.705322 179.611206 0.000000
  outer loop
    vertex 135.979752 257.782349 250.000000
    vertex 136.338974 257.598938 -250.000000
    vertex 135.979752 257.782349 -250.000000
  endloop
endfacet
facet normal 91.384888 179.801941 0.000000
  outer loop
    vertex 136.338974 257.598938 250.000000
    vertex 136.698578 257.416168 250.000000
    vertex 136.698578 257.416168 -250.000000
  endloop
endfacet
facet normal 91.384888 179.801941 0.000000
  outer loop
    vertex 136.338974 257.598938 250.000000
    vertex 136.698578 257.416168 -250.000000
    vertex 136.338974 257.598938 -250.000000
  endloop
endfacet
facet normal 91.064453 179.985046 0.000000
  outer loop
    vertex 136.698578 257.416168 250.000000
    vertex 137.058548 257.234039 250.000000
    vertex 137.058548 257.234039 -250.000000
  endloop
endfacet
facet normal 91.064453 179.985046 0.000000
  outer loop
    vertex 136.698578 257.416168 250.000000
    vertex 137.058548 257.234039 -250.000000
    vertex 136.698578 257.416168 -250.000000
  endloop
endfacet
facet normal 90.728760 180.168152 0.000000
  outer loop
    vertex 137.058548 257.234039 250.000000
    vertex 137.418884 257.052582 250.000000
    vertex 137.418884 257.052582 -250.000000
  endloop
endfacet
facet normal 90.728760 180.168152 0.000000
  outer loop
    vertex 137.058548 257.234039 250.000000
    vertex 137.418884 257.052582 -250.000000
    vertex 137.058548 257.234039 -250.000000
  endloop
endfacet
facet normal 90.423584 180.358887 0.000000
  outer loop
    vertex 137.418884 257.052582 250.000000
    vertex 137.779602 256.871735 250.000000
    vertex 137.779602 256.871735 -250.000000
  endloop
endfacet
facet normal 90.423584 180.358887 0.000000
  outer loop
    vertex 137.418884 257.052582 250.000000
    vertex 137.779602 256.871735 -250.000000
    vertex 137.418884 257.052582 -250.000000
  endloop
endfacet
facet normal 90.103149 180.534363 0.000000
  outer loop
    vertex 137.779602 256.871735 250.000000
    vertex 138.140671 256.691528 250.000000
    vertex 138.140671 256.691528 -250.000000
  endloop
endfacet
facet normal 90.103149 180.534363 0.000000
  outer loop
    vertex 137.779602 256.871735 250.000000
    vertex 138.140671 256.691528 -250.000000
    vertex 137.779602 256.871735 -250.000000
  endloop
endfacet
facet normal 89.813232 180.717468 0.000000
  outer loop
    vertex 138.140671 256.691528 250.000000
    vertex 138.502106 256.511902 250.000000
    vertex 138.502106 256.511902 -250.000000
  endloop
endfacet
facet normal 89.813232 180.717468 0.000000
  outer loop
    vertex 138.140671 256.691528 250.000000
    vertex 138.502106 256.511902 -250.000000
    vertex 138.140671 256.691528 -250.000000
  endloop
endfacet
facet normal 89.492798 180.885315 0.000000
  outer loop
    vertex 138.502106 256.511902 250.000000
    vertex 138.863876 256.332916 250.000000
    vertex 138.863876 256.332916 -250.000000
  endloop
endfacet
facet normal 89.492798 180.885315 0.000000
  outer loop
    vertex 138.502106 256.511902 250.000000
    vertex 138.863876 256.332916 -250.000000
    vertex 138.502106 256.511902 -250.000000
  endloop
endfacet
facet normal 89.202881 181.060791 0.000000
  outer loop
    vertex 138.863876 256.332916 250.000000
    vertex 139.225998 256.154510 250.000000
    vertex 139.225998 256.154510 -250.000000
  endloop
endfacet
facet normal 89.202881 181.060791 0.000000
  outer loop
    vertex 138.863876 256.332916 250.000000
    vertex 139.225998 256.154510 -250.000000
    vertex 138.863876 256.332916 -250.000000
  endloop
endfacet
facet normal 88.897705 181.236267 0.000000
  outer loop
    vertex 139.225998 256.154510 250.000000
    vertex 139.588470 255.976715 250.000000
    vertex 139.588470 255.976715 -250.000000
  endloop
endfacet
facet normal 88.897705 181.236267 0.000000
  outer loop
    vertex 139.225998 256.154510 250.000000
    vertex 139.588470 255.976715 -250.000000
    vertex 139.225998 256.154510 -250.000000
  endloop
endfacet
facet normal 88.615417 181.396484 0.000000
  outer loop
    vertex 139.588470 255.976715 250.000000
    vertex 139.951263 255.799484 250.000000
    vertex 139.951263 255.799484 -250.000000
  endloop
endfacet
facet normal 88.615417 181.396484 0.000000
  outer loop
    vertex 139.588470 255.976715 250.000000
    vertex 139.951263 255.799484 -250.000000
    vertex 139.588470 255.976715 -250.000000
  endloop
endfacet
facet normal 88.325500 181.564331 0.000000
  outer loop
    vertex 139.951263 255.799484 250.000000
    vertex 140.314392 255.622833 250.000000
    vertex 140.314392 255.622833 -250.000000
  endloop
endfacet
facet normal 88.325500 181.564331 0.000000
  outer loop
    vertex 139.951263 255.799484 250.000000
    vertex 140.314392 255.622833 -250.000000
    vertex 139.951263 255.799484 -250.000000
  endloop
endfacet
facet normal 88.043213 181.724548 0.000000
  outer loop
    vertex 140.314392 255.622833 250.000000
    vertex 140.677841 255.446747 250.000000
    vertex 140.677841 255.446747 -250.000000
  endloop
endfacet
facet normal 88.043213 181.724548 0.000000
  outer loop
    vertex 140.314392 255.622833 250.000000
    vertex 140.677841 255.446747 -250.000000
    vertex 140.314392 255.622833 -250.000000
  endloop
endfacet
facet normal 87.760925 181.892395 0.000000
  outer loop
    vertex 140.677841 255.446747 250.000000
    vertex 141.041626 255.271225 250.000000
    vertex 141.041626 255.271225 -250.000000
  endloop
endfacet
facet normal 87.760925 181.892395 0.000000
  outer loop
    vertex 140.677841 255.446747 250.000000
    vertex 141.041626 255.271225 -250.000000
    vertex 140.677841 255.446747 -250.000000
  endloop
endfacet
facet normal 87.486267 182.044983 0.000000
  outer loop
    vertex 141.041626 255.271225 250.000000
    vertex 141.405716 255.096252 250.000000
    vertex 141.405716 255.096252 -250.000000
  endloop
endfacet
facet normal 87.486267 182.044983 0.000000
  outer loop
    vertex 141.041626 255.271225 250.000000
    vertex 141.405716 255.096252 -250.000000
    vertex 141.041626 255.271225 -250.000000
  endloop
endfacet
facet normal 87.219238 182.205200 0.000000
  outer loop
    vertex 141.405716 255.096252 250.000000
    vertex 141.770126 254.921814 250.000000
    vertex 141.770126 254.921814 -250.000000
  endloop
endfacet
facet normal 87.219238 182.205200 0.000000
  outer loop
    vertex 141.405716 255.096252 250.000000
    vertex 141.770126 254.921814 -250.000000
    vertex 141.405716 255.096252 -250.000000
  endloop
endfacet
facet normal 86.952209 182.365417 0.000000
  outer loop
    vertex 141.770126 254.921814 250.000000
    vertex 142.134857 254.747910 250.000000
    vertex 142.134857 254.747910 -250.000000
  endloop
endfacet
facet normal 86.952209 182.365417 0.000000
  outer loop
    vertex 141.770126 254.921814 250.000000
    vertex 142.134857 254.747910 -250.000000
    vertex 141.770126 254.921814 -250.000000
  endloop
endfacet
facet normal 86.685181 182.510376 0.000000
  outer loop
    vertex 142.134857 254.747910 250.000000
    vertex 142.499878 254.574539 250.000000
    vertex 142.499878 254.574539 -250.000000
  endloop
endfacet
facet normal 86.685181 182.510376 0.000000
  outer loop
    vertex 142.134857 254.747910 250.000000
    vertex 142.499878 254.574539 -250.000000
    vertex 142.134857 254.747910 -250.000000
  endloop
endfacet
facet normal 86.425781 182.662964 0.000000
  outer loop
    vertex 142.499878 254.574539 250.000000
    vertex 142.865204 254.401688 250.000000
    vertex 142.865204 254.401688 -250.000000
  endloop
endfacet
facet normal 86.425781 182.662964 0.000000
  outer loop
    vertex 142.499878 254.574539 250.000000
    vertex 142.865204 254.401688 -250.000000
    vertex 142.499878 254.574539 -250.000000
  endloop
endfacet
facet normal 86.166382 182.807922 0.000000
  outer loop
    vertex 142.865204 254.401688 250.000000
    vertex 143.230820 254.229355 250.000000
    vertex 143.230820 254.229355 -250.000000
  endloop
endfacet
facet normal 86.166382 182.807922 0.000000
  outer loop
    vertex 142.865204 254.401688 250.000000
    vertex 143.230820 254.229355 -250.000000
    vertex 142.865204 254.401688 -250.000000
  endloop
endfacet
facet normal 85.906982 182.960510 0.000000
  outer loop
    vertex 143.230820 254.229355 250.000000
    vertex 143.596741 254.057541 250.000000
    vertex 143.596741 254.057541 -250.000000
  endloop
endfacet
facet normal 85.906982 182.960510 0.000000
  outer loop
    vertex 143.230820 254.229355 250.000000
    vertex 143.596741 254.057541 -250.000000
    vertex 143.230820 254.229355 -250.000000
  endloop
endfacet
facet normal 85.662842 183.105469 0.000000
  outer loop
    vertex 143.596741 254.057541 250.000000
    vertex 143.962952 253.886215 250.000000
    vertex 143.962952 253.886215 -250.000000
  endloop
endfacet
facet normal 85.662842 183.105469 0.000000
  outer loop
    vertex 143.596741 254.057541 250.000000
    vertex 143.962952 253.886215 -250.000000
    vertex 143.596741 254.057541 -250.000000
  endloop
endfacet
facet normal 85.418701 183.242798 0.000000
  outer loop
    vertex 143.962952 253.886215 250.000000
    vertex 144.329437 253.715378 250.000000
    vertex 144.329437 253.715378 -250.000000
  endloop
endfacet
facet normal 85.418701 183.242798 0.000000
  outer loop
    vertex 143.962952 253.886215 250.000000
    vertex 144.329437 253.715378 -250.000000
    vertex 143.962952 253.886215 -250.000000
  endloop
endfacet
facet normal 85.166931 183.387756 0.000000
  outer loop
    vertex 144.329437 253.715378 250.000000
    vertex 144.696213 253.545044 250.000000
    vertex 144.696213 253.545044 -250.000000
  endloop
endfacet
facet normal 85.166931 183.387756 0.000000
  outer loop
    vertex 144.329437 253.715378 250.000000
    vertex 144.696213 253.545044 -250.000000
    vertex 144.329437 253.715378 -250.000000
  endloop
endfacet
facet normal 84.930420 183.525085 0.000000
  outer loop
    vertex 144.696213 253.545044 250.000000
    vertex 145.063263 253.375183 250.000000
    vertex 145.063263 253.375183 -250.000000
  endloop
endfacet
facet normal 84.930420 183.525085 0.000000
  outer loop
    vertex 144.696213 253.545044 250.000000
    vertex 145.063263 253.375183 -250.000000
    vertex 144.696213 253.545044 -250.000000
  endloop
endfacet
facet normal 84.686279 183.670044 0.000000
  outer loop
    vertex 145.063263 253.375183 250.000000
    vertex 145.430603 253.205811 250.000000
    vertex 145.430603 253.205811 -250.000000
  endloop
endfacet
facet normal 84.686279 183.670044 0.000000
  outer loop
    vertex 145.063263 253.375183 250.000000
    vertex 145.430603 253.205811 -250.000000
    vertex 145.063263 253.375183 -250.000000
  endloop
endfacet
facet normal 84.457397 183.799744 0.000000
  outer loop
    vertex 145.430603 253.205811 250.000000
    vertex 145.798203 253.036896 250.000000
    vertex 145.798203 253.036896 -250.000000
  endloop
endfacet
facet normal 84.457397 183.799744 0.000000
  outer loop
    vertex 145.430603 253.205811 250.000000
    vertex 145.798203 253.036896 -250.000000
    vertex 145.430603 253.205811 -250.000000
  endloop
endfacet
facet normal 84.220886 183.929443 0.000000
  outer loop
    vertex 145.798203 253.036896 250.000000
    vertex 146.166061 252.868454 250.000000
    vertex 146.166061 252.868454 -250.000000
  endloop
endfacet
facet normal 84.220886 183.929443 0.000000
  outer loop
    vertex 145.798203 253.036896 250.000000
    vertex 146.166061 252.868454 -250.000000
    vertex 145.798203 253.036896 -250.000000
  endloop
endfacet
facet normal 83.992004 184.066772 0.000000
  outer loop
    vertex 146.166061 252.868454 250.000000
    vertex 146.534195 252.700470 250.000000
    vertex 146.534195 252.700470 -250.000000
  endloop
endfacet
facet normal 83.992004 184.066772 0.000000
  outer loop
    vertex 146.166061 252.868454 250.000000
    vertex 146.534195 252.700470 -250.000000
    vertex 146.166061 252.868454 -250.000000
  endloop
endfacet
facet normal 83.763123 184.204102 0.000000
  outer loop
    vertex 146.534195 252.700470 250.000000
    vertex 146.902603 252.532944 250.000000
    vertex 146.902603 252.532944 -250.000000
  endloop
endfacet
facet normal 83.763123 184.204102 0.000000
  outer loop
    vertex 146.534195 252.700470 250.000000
    vertex 146.902603 252.532944 -250.000000
    vertex 146.534195 252.700470 -250.000000
  endloop
endfacet
facet normal 83.541870 184.326172 0.000000
  outer loop
    vertex 146.902603 252.532944 250.000000
    vertex 147.271255 252.365860 250.000000
    vertex 147.271255 252.365860 -250.000000
  endloop
endfacet
facet normal 83.541870 184.326172 0.000000
  outer loop
    vertex 146.902603 252.532944 250.000000
    vertex 147.271255 252.365860 -250.000000
    vertex 146.902603 252.532944 -250.000000
  endloop
endfacet
facet normal 83.320618 184.455872 0.000000
  outer loop
    vertex 147.271255 252.365860 250.000000
    vertex 147.640167 252.199219 250.000000
    vertex 147.640167 252.199219 -250.000000
  endloop
endfacet
facet normal 83.320618 184.455872 0.000000
  outer loop
    vertex 147.271255 252.365860 250.000000
    vertex 147.640167 252.199219 -250.000000
    vertex 147.271255 252.365860 -250.000000
  endloop
endfacet
facet normal 83.099365 184.577942 0.000000
  outer loop
    vertex 147.640167 252.199219 250.000000
    vertex 148.009323 252.033020 250.000000
    vertex 148.009323 252.033020 -250.000000
  endloop
endfacet
facet normal 83.099365 184.577942 0.000000
  outer loop
    vertex 147.640167 252.199219 250.000000
    vertex 148.009323 252.033020 -250.000000
    vertex 147.640167 252.199219 -250.000000
  endloop
endfacet
facet normal 82.885742 184.707642 0.000000
  outer loop
    vertex 148.009323 252.033020 250.000000
    vertex 148.378738 251.867249 250.000000
    vertex 148.378738 251.867249 -250.000000
  endloop
endfacet
facet normal 82.885742 184.707642 0.000000
  outer loop
    vertex 148.009323 252.033020 250.000000
    vertex 148.378738 251.867249 -250.000000
    vertex 148.009323 252.033020 -250.000000
  endloop
endfacet
facet normal 82.672119 184.829712 0.000000
  outer loop
    vertex 148.378738 251.867249 250.000000
    vertex 148.748398 251.701904 250.000000
    vertex 148.748398 251.701904 -250.000000
  endloop
endfacet
facet normal 82.672119 184.829712 0.000000
  outer loop
    vertex 148.378738 251.867249 250.000000
    vertex 148.748398 251.701904 -250.000000
    vertex 148.378738 251.867249 -250.000000
  endloop
endfacet
facet normal 82.458496 184.951782 0.000000
  outer loop
    vertex 148.748398 251.701904 250.000000
    vertex 149.118301 251.536987 250.000000
    vertex 149.118301 251.536987 -250.000000
  endloop
endfacet
facet normal 82.458496 184.951782 0.000000
  outer loop
    vertex 148.748398 251.701904 250.000000
    vertex 149.118301 251.536987 -250.000000
    vertex 148.748398 251.701904 -250.000000
  endloop
endfacet
facet normal 82.252502 185.073853 0.000000
  outer loop
    vertex 149.118301 251.536987 250.000000
    vertex 149.488449 251.372482 250.000000
    vertex 149.488449 251.372482 -250.000000
  endloop
endfacet
facet normal 82.252502 185.073853 0.000000
  outer loop
    vertex 149.118301 251.536987 250.000000
    vertex 149.488449 251.372482 -250.000000
    vertex 149.118301 251.536987 -250.000000
  endloop
endfacet
facet normal 82.046509 185.188293 0.000000
  outer loop
    vertex 149.488449 251.372482 250.000000
    vertex 149.858826 251.208389 250.000000
    vertex 149.858826 251.208389 -250.000000
  endloop
endfacet
facet normal 82.046509 185.188293 0.000000
  outer loop
    vertex 149.488449 251.372482 250.000000
    vertex 149.858826 251.208389 -250.000000
    vertex 149.488449 251.372482 -250.000000
  endloop
endfacet
facet normal 81.840515 185.310364 0.000000
  outer loop
    vertex 149.858826 251.208389 250.000000
    vertex 150.229446 251.044708 250.000000
    vertex 150.229446 251.044708 -250.000000
  endloop
endfacet
facet normal 81.840515 185.310364 0.000000
  outer loop
    vertex 149.858826 251.208389 250.000000
    vertex 150.229446 251.044708 -250.000000
    vertex 149.858826 251.208389 -250.000000
  endloop
endfacet
facet normal 81.634521 185.424805 0.000000
  outer loop
    vertex 150.229446 251.044708 250.000000
    vertex 150.600296 250.881439 250.000000
    vertex 150.600296 250.881439 -250.000000
  endloop
endfacet
facet normal 81.634521 185.424805 0.000000
  outer loop
    vertex 150.229446 251.044708 250.000000
    vertex 150.600296 250.881439 -250.000000
    vertex 150.229446 251.044708 -250.000000
  endloop
endfacet
facet normal 81.443787 185.539246 0.000000
  outer loop
    vertex 150.600296 250.881439 250.000000
    vertex 150.971375 250.718552 250.000000
    vertex 150.971375 250.718552 -250.000000
  endloop
endfacet
facet normal 81.443787 185.539246 0.000000
  outer loop
    vertex 150.600296 250.881439 250.000000
    vertex 150.971375 250.718552 -250.000000
    vertex 150.600296 250.881439 -250.000000
  endloop
endfacet
facet normal 81.237793 185.653687 0.000000
  outer loop
    vertex 150.971375 250.718552 250.000000
    vertex 151.342682 250.556076 250.000000
    vertex 151.342682 250.556076 -250.000000
  endloop
endfacet
facet normal 81.237793 185.653687 0.000000
  outer loop
    vertex 150.971375 250.718552 250.000000
    vertex 151.342682 250.556076 -250.000000
    vertex 150.971375 250.718552 -250.000000
  endloop
endfacet
facet normal 81.047058 185.768127 0.000000
  outer loop
    vertex 151.342682 250.556076 250.000000
    vertex 151.714218 250.393982 250.000000
    vertex 151.714218 250.393982 -250.000000
  endloop
endfacet
facet normal 81.047058 185.768127 0.000000
  outer loop
    vertex 151.342682 250.556076 250.000000
    vertex 151.714218 250.393982 -250.000000
    vertex 151.342682 250.556076 -250.000000
  endloop
endfacet
facet normal 80.856323 185.882568 0.000000
  outer loop
    vertex 151.714218 250.393982 250.000000
    vertex 152.085983 250.232269 250.000000
    vertex 152.085983 250.232269 -250.000000
  endloop
endfacet
facet normal 80.856323 185.882568 0.000000
  outer loop
    vertex 151.714218 250.393982 250.000000
    vertex 152.085983 250.232269 -250.000000
    vertex 151.714218 250.393982 -250.000000
  endloop
endfacet
facet normal 80.665588 185.989380 0.000000
  outer loop
    vertex 152.085983 250.232269 250.000000
    vertex 152.457962 250.070938 250.000000
    vertex 152.457962 250.070938 -250.000000
  endloop
endfacet
facet normal 80.665588 185.989380 0.000000
  outer loop
    vertex 152.085983 250.232269 250.000000
    vertex 152.457962 250.070938 -250.000000
    vertex 152.085983 250.232269 -250.000000
  endloop
endfacet
facet normal 80.467224 186.096191 0.000000
  outer loop
    vertex 152.457962 250.070938 250.000000
    vertex 152.830154 249.910004 250.000000
    vertex 152.830154 249.910004 -250.000000
  endloop
endfacet
facet normal 80.467224 186.096191 0.000000
  outer loop
    vertex 152.457962 250.070938 250.000000
    vertex 152.830154 249.910004 -250.000000
    vertex 152.457962 250.070938 -250.000000
  endloop
endfacet
facet normal 80.291748 186.210632 0.000000
  outer loop
    vertex 152.830154 249.910004 250.000000
    vertex 153.202576 249.749420 250.000000
    vertex 153.202576 249.749420 -250.000000
  endloop
endfacet
facet normal 80.291748 186.210632 0.000000
  outer loop
    vertex 152.830154 249.910004 250.000000
    vertex 153.202576 249.749420 -250.000000
    vertex 152.830154 249.910004 -250.000000
  endloop
endfacet
facet normal 80.101013 186.309814 0.000000
  outer loop
    vertex 153.202576 249.749420 250.000000
    vertex 153.575195 249.589218 250.000000
    vertex 153.575195 249.589218 -250.000000
  endloop
endfacet
facet normal 80.101013 186.309814 0.000000
  outer loop
    vertex 153.202576 249.749420 250.000000
    vertex 153.575195 249.589218 -250.000000
    vertex 153.202576 249.749420 -250.000000
  endloop
endfacet
facet normal 79.910278 186.424255 0.000000
  outer loop
    vertex 153.575195 249.589218 250.000000
    vertex 153.948044 249.429398 250.000000
    vertex 153.948044 249.429398 -250.000000
  endloop
endfacet
facet normal 79.910278 186.424255 0.000000
  outer loop
    vertex 153.575195 249.589218 250.000000
    vertex 153.948044 249.429398 -250.000000
    vertex 153.575195 249.589218 -250.000000
  endloop
endfacet
facet normal 79.742432 186.523438 0.000000
  outer loop
    vertex 153.948044 249.429398 250.000000
    vertex 154.321091 249.269913 250.000000
    vertex 154.321091 249.269913 -250.000000
  endloop
endfacet
facet normal 79.742432 186.523438 0.000000
  outer loop
    vertex 153.948044 249.429398 250.000000
    vertex 154.321091 249.269913 -250.000000
    vertex 153.948044 249.429398 -250.000000
  endloop
endfacet
facet normal 79.551697 186.630249 0.000000
  outer loop
    vertex 154.321091 249.269913 250.000000
    vertex 154.694351 249.110809 250.000000
    vertex 154.694351 249.110809 -250.000000
  endloop
endfacet
facet normal 79.551697 186.630249 0.000000
  outer loop
    vertex 154.321091 249.269913 250.000000
    vertex 154.694351 249.110809 -250.000000
    vertex 154.321091 249.269913 -250.000000
  endloop
endfacet
facet normal 79.376221 186.729431 0.000000
  outer loop
    vertex 154.694351 249.110809 250.000000
    vertex 155.067810 248.952057 250.000000
    vertex 155.067810 248.952057 -250.000000
  endloop
endfacet
facet normal 79.376221 186.729431 0.000000
  outer loop
    vertex 154.694351 249.110809 250.000000
    vertex 155.067810 248.952057 -250.000000
    vertex 154.694351 249.110809 -250.000000
  endloop
endfacet
facet normal 79.200745 186.828613 0.000000
  outer loop
    vertex 155.067810 248.952057 250.000000
    vertex 155.441467 248.793655 250.000000
    vertex 155.441467 248.793655 -250.000000
  endloop
endfacet
facet normal 79.200745 186.828613 0.000000
  outer loop
    vertex 155.067810 248.952057 250.000000
    vertex 155.441467 248.793655 -250.000000
    vertex 155.067810 248.952057 -250.000000
  endloop
endfacet
facet normal 79.025269 186.935425 0.000000
  outer loop
    vertex 155.441467 248.793655 250.000000
    vertex 155.815338 248.635605 250.000000
    vertex 155.815338 248.635605 -250.000000
  endloop
endfacet
facet normal 79.025269 186.935425 0.000000
  outer loop
    vertex 155.441467 248.793655 250.000000
    vertex 155.815338 248.635605 -250.000000
    vertex 155.441467 248.793655 -250.000000
  endloop
endfacet
facet normal 78.857422 187.034607 0.000000
  outer loop
    vertex 155.815338 248.635605 250.000000
    vertex 156.189407 248.477890 250.000000
    vertex 156.189407 248.477890 -250.000000
  endloop
endfacet
facet normal 78.857422 187.034607 0.000000
  outer loop
    vertex 155.815338 248.635605 250.000000
    vertex 156.189407 248.477890 -250.000000
    vertex 155.815338 248.635605 -250.000000
  endloop
endfacet
facet normal 78.681946 187.133789 0.000000
  outer loop
    vertex 156.189407 248.477890 250.000000
    vertex 156.563675 248.320526 250.000000
    vertex 156.563675 248.320526 -250.000000
  endloop
endfacet
facet normal 78.681946 187.133789 0.000000
  outer loop
    vertex 156.189407 248.477890 250.000000
    vertex 156.563675 248.320526 -250.000000
    vertex 156.189407 248.477890 -250.000000
  endloop
endfacet
facet normal 78.506470 187.232971 0.000000
  outer loop
    vertex 156.563675 248.320526 250.000000
    vertex 156.938141 248.163513 250.000000
    vertex 156.938141 248.163513 -250.000000
  endloop
endfacet
facet normal 78.506470 187.232971 0.000000
  outer loop
    vertex 156.563675 248.320526 250.000000
    vertex 156.938141 248.163513 -250.000000
    vertex 156.563675 248.320526 -250.000000
  endloop
endfacet
facet normal 78.346252 187.332153 0.000000
  outer loop
    vertex 156.938141 248.163513 250.000000
    vertex 157.312805 248.006821 250.000000
    vertex 157.312805 248.006821 -250.000000
  endloop
endfacet
facet normal 78.346252 187.332153 0.000000
  outer loop
    vertex 156.938141 248.163513 250.000000
    vertex 157.312805 248.006821 -250.000000
    vertex 156.938141 248.163513 -250.000000
  endloop
endfacet
facet normal 78.170776 187.423706 0.000000
  outer loop
    vertex 157.312805 248.006821 250.000000
    vertex 157.687653 247.850479 250.000000
    vertex 157.687653 247.850479 -250.000000
  endloop
endfacet
facet normal 78.170776 187.423706 0.000000
  outer loop
    vertex 157.312805 248.006821 250.000000
    vertex 157.687653 247.850479 -250.000000
    vertex 157.312805 248.006821 -250.000000
  endloop
endfacet
facet normal 78.010559 187.522888 0.000000
  outer loop
    vertex 157.687653 247.850479 250.000000
    vertex 158.062698 247.694458 250.000000
    vertex 158.062698 247.694458 -250.000000
  endloop
endfacet
facet normal 78.010559 187.522888 0.000000
  outer loop
    vertex 157.687653 247.850479 250.000000
    vertex 158.062698 247.694458 -250.000000
    vertex 157.687653 247.850479 -250.000000
  endloop
endfacet
facet normal 77.842712 187.614441 0.000000
  outer loop
    vertex 158.062698 247.694458 250.000000
    vertex 158.437927 247.538773 250.000000
    vertex 158.437927 247.538773 -250.000000
  endloop
endfacet
facet normal 77.842712 187.614441 0.000000
  outer loop
    vertex 158.062698 247.694458 250.000000
    vertex 158.437927 247.538773 -250.000000
    vertex 158.062698 247.694458 -250.000000
  endloop
endfacet
facet normal 77.682495 187.713623 0.000000
  outer loop
    vertex 158.437927 247.538773 250.000000
    vertex 158.813354 247.383408 250.000000
    vertex 158.813354 247.383408 -250.000000
  endloop
endfacet
facet normal 77.682495 187.713623 0.000000
  outer loop
    vertex 158.437927 247.538773 250.000000
    vertex 158.813354 247.383408 -250.000000
    vertex 158.437927 247.538773 -250.000000
  endloop
endfacet
facet normal 77.514648 187.797546 0.000000
  outer loop
    vertex 158.813354 247.383408 250.000000
    vertex 159.188950 247.228378 250.000000
    vertex 159.188950 247.228378 -250.000000
  endloop
endfacet
facet normal 77.514648 187.797546 0.000000
  outer loop
    vertex 158.813354 247.383408 250.000000
    vertex 159.188950 247.228378 -250.000000
    vertex 158.813354 247.383408 -250.000000
  endloop
endfacet
facet normal 77.362061 187.904358 0.000000
  outer loop
    vertex 159.188950 247.228378 250.000000
    vertex 159.564758 247.073654 250.000000
    vertex 159.564758 247.073654 -250.000000
  endloop
endfacet
facet normal 77.362061 187.904358 0.000000
  outer loop
    vertex 159.188950 247.228378 250.000000
    vertex 159.564758 247.073654 -250.000000
    vertex 159.188950 247.228378 -250.000000
  endloop
endfacet
facet normal 77.201843 187.988281 0.000000
  outer loop
    vertex 159.564758 247.073654 250.000000
    vertex 159.940735 246.919250 250.000000
    vertex 159.940735 246.919250 -250.000000
  endloop
endfacet
facet normal 77.201843 187.988281 0.000000
  outer loop
    vertex 159.564758 247.073654 250.000000
    vertex 159.940735 246.919250 -250.000000
    vertex 159.564758 247.073654 -250.000000
  endloop
endfacet
facet normal 77.033997 188.079834 0.000000
  outer loop
    vertex 159.940735 246.919250 250.000000
    vertex 160.316895 246.765182 250.000000
    vertex 160.316895 246.765182 -250.000000
  endloop
endfacet
facet normal 77.033997 188.079834 0.000000
  outer loop
    vertex 159.940735 246.919250 250.000000
    vertex 160.316895 246.765182 -250.000000
    vertex 159.940735 246.919250 -250.000000
  endloop
endfacet
facet normal 76.889038 188.171387 0.000000
  outer loop
    vertex 160.316895 246.765182 250.000000
    vertex 160.693237 246.611404 250.000000
    vertex 160.693237 246.611404 -250.000000
  endloop
endfacet
facet normal 76.889038 188.171387 0.000000
  outer loop
    vertex 160.316895 246.765182 250.000000
    vertex 160.693237 246.611404 -250.000000
    vertex 160.316895 246.765182 -250.000000
  endloop
endfacet
facet normal 76.721191 188.262939 0.000000
  outer loop
    vertex 160.693237 246.611404 250.000000
    vertex 161.069763 246.457962 250.000000
    vertex 161.069763 246.457962 -250.000000
  endloop
endfacet
facet normal 76.721191 188.262939 0.000000
  outer loop
    vertex 160.693237 246.611404 250.000000
    vertex 161.069763 246.457962 -250.000000
    vertex 160.693237 246.611404 -250.000000
  endloop
endfacet
facet normal 76.576233 188.346863 0.000000
  outer loop
    vertex 161.069763 246.457962 250.000000
    vertex 161.446457 246.304810 250.000000
    vertex 161.446457 246.304810 -250.000000
  endloop
endfacet
facet normal 76.576233 188.346863 0.000000
  outer loop
    vertex 161.069763 246.457962 250.000000
    vertex 161.446457 246.304810 -250.000000
    vertex 161.069763 246.457962 -250.000000
  endloop
endfacet
facet normal 76.416016 188.438416 0.000000
  outer loop
    vertex 161.446457 246.304810 250.000000
    vertex 161.823334 246.151978 250.000000
    vertex 161.823334 246.151978 -250.000000
  endloop
endfacet
facet normal 76.416016 188.438416 0.000000
  outer loop
    vertex 161.446457 246.304810 250.000000
    vertex 161.823334 246.151978 -250.000000
    vertex 161.446457 246.304810 -250.000000
  endloop
endfacet
facet normal 76.263428 188.529968 0.000000
  outer loop
    vertex 161.823334 246.151978 250.000000
    vertex 162.200394 245.999451 250.000000
    vertex 162.200394 245.999451 -250.000000
  endloop
endfacet
facet normal 76.263428 188.529968 0.000000
  outer loop
    vertex 161.823334 246.151978 250.000000
    vertex 162.200394 245.999451 -250.000000
    vertex 161.823334 246.151978 -250.000000
  endloop
endfacet
facet normal 76.110840 188.621521 0.000000
  outer loop
    vertex 162.200394 245.999451 250.000000
    vertex 162.577637 245.847229 250.000000
    vertex 162.577637 245.847229 -250.000000
  endloop
endfacet
facet normal 76.110840 188.621521 0.000000
  outer loop
    vertex 162.200394 245.999451 250.000000
    vertex 162.577637 245.847229 -250.000000
    vertex 162.200394 245.999451 -250.000000
  endloop
endfacet
facet normal 75.965881 188.697815 0.000000
  outer loop
    vertex 162.577637 245.847229 250.000000
    vertex 162.955032 245.695297 250.000000
    vertex 162.955032 245.695297 -250.000000
  endloop
endfacet
facet normal 75.965881 188.697815 0.000000
  outer loop
    vertex 162.577637 245.847229 250.000000
    vertex 162.955032 245.695297 -250.000000
    vertex 162.577637 245.847229 -250.000000
  endloop
endfacet
facet normal 75.805664 188.796997 0.000000
  outer loop
    vertex 162.955032 245.695297 250.000000
    vertex 163.332626 245.543686 250.000000
    vertex 163.332626 245.543686 -250.000000
  endloop
endfacet
facet normal 75.805664 188.796997 0.000000
  outer loop
    vertex 162.955032 245.695297 250.000000
    vertex 163.332626 245.543686 -250.000000
    vertex 162.955032 245.695297 -250.000000
  endloop
endfacet
facet normal 75.660706 188.873291 0.000000
  outer loop
    vertex 163.332626 245.543686 250.000000
    vertex 163.710373 245.392365 250.000000
    vertex 163.710373 245.392365 -250.000000
  endloop
endfacet
facet normal 75.660706 188.873291 0.000000
  outer loop
    vertex 163.332626 245.543686 250.000000
    vertex 163.710373 245.392365 -250.000000
    vertex 163.332626 245.543686 -250.000000
  endloop
endfacet
facet normal 75.515747 188.964844 0.000000
  outer loop
    vertex 163.710373 245.392365 250.000000
    vertex 164.088303 245.241333 250.000000
    vertex 164.088303 245.241333 -250.000000
  endloop
endfacet
facet normal 75.515747 188.964844 0.000000
  outer loop
    vertex 163.710373 245.392365 250.000000
    vertex 164.088303 245.241333 -250.000000
    vertex 163.710373 245.392365 -250.000000
  endloop
endfacet
facet normal 75.363159 189.048767 0.000000
  outer loop
    vertex 164.088303 245.241333 250.000000
    vertex 164.466400 245.090607 250.000000
    vertex 164.466400 245.090607 -250.000000
  endloop
endfacet
facet normal 75.363159 189.048767 0.000000
  outer loop
    vertex 164.088303 245.241333 250.000000
    vertex 164.466400 245.090607 -250.000000
    vertex 164.088303 245.241333 -250.000000
  endloop
endfacet
facet normal 75.218201 189.132690 0.000000
  outer loop
    vertex 164.466400 245.090607 250.000000
    vertex 164.844666 244.940170 250.000000
    vertex 164.844666 244.940170 -250.000000
  endloop
endfacet
facet normal 75.218201 189.132690 0.000000
  outer loop
    vertex 164.466400 245.090607 250.000000
    vertex 164.844666 244.940170 -250.000000
    vertex 164.466400 245.090607 -250.000000
  endloop
endfacet
facet normal 75.065613 189.216614 0.000000
  outer loop
    vertex 164.844666 244.940170 250.000000
    vertex 165.223099 244.790039 250.000000
    vertex 165.223099 244.790039 -250.000000
  endloop
endfacet
facet normal 75.065613 189.216614 0.000000
  outer loop
    vertex 164.844666 244.940170 250.000000
    vertex 165.223099 244.790039 -250.000000
    vertex 164.844666 244.940170 -250.000000
  endloop
endfacet
facet normal 74.928284 189.300537 0.000000
  outer loop
    vertex 165.223099 244.790039 250.000000
    vertex 165.601700 244.640182 250.000000
    vertex 165.601700 244.640182 -250.000000
  endloop
endfacet
facet normal 74.928284 189.300537 0.000000
  outer loop
    vertex 165.223099 244.790039 250.000000
    vertex 165.601700 244.640182 -250.000000
    vertex 165.223099 244.790039 -250.000000
  endloop
endfacet
facet normal 74.775696 189.392090 0.000000
  outer loop
    vertex 165.601700 244.640182 250.000000
    vertex 165.980484 244.490631 250.000000
    vertex 165.980484 244.490631 -250.000000
  endloop
endfacet
facet normal 74.775696 189.392090 0.000000
  outer loop
    vertex 165.601700 244.640182 250.000000
    vertex 165.980484 244.490631 -250.000000
    vertex 165.601700 244.640182 -250.000000
  endloop
endfacet
facet normal 74.630737 189.468384 0.000000
  outer loop
    vertex 165.980484 244.490631 250.000000
    vertex 166.359421 244.341370 250.000000
    vertex 166.359421 244.341370 -250.000000
  endloop
endfacet
facet normal 74.630737 189.468384 0.000000
  outer loop
    vertex 165.980484 244.490631 250.000000
    vertex 166.359421 244.341370 -250.000000
    vertex 165.980484 244.490631 -250.000000
  endloop
endfacet
facet normal 74.493408 189.552307 0.000000
  outer loop
    vertex 166.359421 244.341370 250.000000
    vertex 166.738525 244.192383 250.000000
    vertex 166.738525 244.192383 -250.000000
  endloop
endfacet
facet normal 74.493408 189.552307 0.000000
  outer loop
    vertex 166.359421 244.341370 250.000000
    vertex 166.738525 244.192383 -250.000000
    vertex 166.359421 244.341370 -250.000000
  endloop
endfacet
facet normal 74.340820 189.636230 0.000000
  outer loop
    vertex 166.738525 244.192383 250.000000
    vertex 167.117798 244.043701 250.000000
    vertex 167.117798 244.043701 -250.000000
  endloop
endfacet
facet normal 74.340820 189.636230 0.000000
  outer loop
    vertex 166.738525 244.192383 250.000000
    vertex 167.117798 244.043701 -250.000000
    vertex 166.738525 244.192383 -250.000000
  endloop
endfacet
facet normal 74.203491 189.720154 0.000000
  outer loop
    vertex 167.117798 244.043701 250.000000
    vertex 167.497238 243.895294 250.000000
    vertex 167.497238 243.895294 -250.000000
  endloop
endfacet
facet normal 74.203491 189.720154 0.000000
  outer loop
    vertex 167.117798 244.043701 250.000000
    vertex 167.497238 243.895294 -250.000000
    vertex 167.117798 244.043701 -250.000000
  endloop
endfacet
facet normal 74.058533 189.804077 0.000000
  outer loop
    vertex 167.497238 243.895294 250.000000
    vertex 167.876846 243.747177 250.000000
    vertex 167.876846 243.747177 -250.000000
  endloop
endfacet
facet normal 74.058533 189.804077 0.000000
  outer loop
    vertex 167.497238 243.895294 250.000000
    vertex 167.876846 243.747177 -250.000000
    vertex 167.497238 243.895294 -250.000000
  endloop
endfacet
facet normal 73.921204 189.880371 0.000000
  outer loop
    vertex 167.876846 243.747177 250.000000
    vertex 168.256607 243.599335 250.000000
    vertex 168.256607 243.599335 -250.000000
  endloop
endfacet
facet normal 73.921204 189.880371 0.000000
  outer loop
    vertex 167.876846 243.747177 250.000000
    vertex 168.256607 243.599335 -250.000000
    vertex 167.876846 243.747177 -250.000000
  endloop
endfacet
facet normal 73.776245 189.964294 0.000000
  outer loop
    vertex 168.256607 243.599335 250.000000
    vertex 168.636536 243.451782 250.000000
    vertex 168.636536 243.451782 -250.000000
  endloop
endfacet
facet normal 73.776245 189.964294 0.000000
  outer loop
    vertex 168.256607 243.599335 250.000000
    vertex 168.636536 243.451782 -250.000000
    vertex 168.256607 243.599335 -250.000000
  endloop
endfacet
facet normal 73.631287 190.048218 0.000000
  outer loop
    vertex 168.636536 243.451782 250.000000
    vertex 169.016632 243.304520 250.000000
    vertex 169.016632 243.304520 -250.000000
  endloop
endfacet
facet normal 73.631287 190.048218 0.000000
  outer loop
    vertex 168.636536 243.451782 250.000000
    vertex 169.016632 243.304520 -250.000000
    vertex 168.636536 243.451782 -250.000000
  endloop
endfacet
facet normal 73.493958 190.132141 0.000000
  outer loop
    vertex 169.016632 243.304520 250.000000
    vertex 169.396896 243.157532 250.000000
    vertex 169.396896 243.157532 -250.000000
  endloop
endfacet
facet normal 73.493958 190.132141 0.000000
  outer loop
    vertex 169.016632 243.304520 250.000000
    vertex 169.396896 243.157532 -250.000000
    vertex 169.016632 243.304520 -250.000000
  endloop
endfacet
facet normal 73.348999 190.208435 0.000000
  outer loop
    vertex 169.396896 243.157532 250.000000
    vertex 169.777313 243.010834 250.000000
    vertex 169.777313 243.010834 -250.000000
  endloop
endfacet
facet normal 73.348999 190.208435 0.000000
  outer loop
    vertex 169.396896 243.157532 250.000000
    vertex 169.777313 243.010834 -250.000000
    vertex 169.396896 243.157532 -250.000000
  endloop
endfacet
facet normal 73.211670 190.292358 0.000000
  outer loop
    vertex 169.777313 243.010834 250.000000
    vertex 170.157898 242.864410 250.000000
    vertex 170.157898 242.864410 -250.000000
  endloop
endfacet
facet normal 73.211670 190.292358 0.000000
  outer loop
    vertex 169.777313 243.010834 250.000000
    vertex 170.157898 242.864410 -250.000000
    vertex 169.777313 243.010834 -250.000000
  endloop
endfacet
facet normal 73.066711 190.376282 0.000000
  outer loop
    vertex 170.157898 242.864410 250.000000
    vertex 170.538651 242.718277 250.000000
    vertex 170.538651 242.718277 -250.000000
  endloop
endfacet
facet normal 73.066711 190.376282 0.000000
  outer loop
    vertex 170.157898 242.864410 250.000000
    vertex 170.538651 242.718277 -250.000000
    vertex 170.157898 242.864410 -250.000000
  endloop
endfacet
facet normal 72.929382 190.452576 0.000000
  outer loop
    vertex 170.538651 242.718277 250.000000
    vertex 170.919556 242.572418 250.000000
    vertex 170.919556 242.572418 -250.000000
  endloop
endfacet
facet normal 72.929382 190.452576 0.000000
  outer loop
    vertex 170.538651 242.718277 250.000000
    vertex 170.919556 242.572418 -250.000000
    vertex 170.538651 242.718277 -250.000000
  endloop
endfacet
facet normal 72.784424 190.536499 0.000000
  outer loop
    vertex 170.919556 242.572418 250.000000
    vertex 171.300629 242.426849 250.000000
    vertex 171.300629 242.426849 -250.000000
  endloop
endfacet
facet normal 72.784424 190.536499 0.000000
  outer loop
    vertex 170.919556 242.572418 250.000000
    vertex 171.300629 242.426849 -250.000000
    vertex 170.919556 242.572418 -250.000000
  endloop
endfacet
facet normal 72.647095 190.620422 0.000000
  outer loop
    vertex 171.300629 242.426849 250.000000
    vertex 171.681870 242.281555 250.000000
    vertex 171.681870 242.281555 -250.000000
  endloop
endfacet
facet normal 72.647095 190.620422 0.000000
  outer loop
    vertex 171.300629 242.426849 250.000000
    vertex 171.681870 242.281555 -250.000000
    vertex 171.300629 242.426849 -250.000000
  endloop
endfacet
facet normal 72.509766 190.696716 0.000000
  outer loop
    vertex 171.681870 242.281555 250.000000
    vertex 172.063263 242.136536 250.000000
    vertex 172.063263 242.136536 -250.000000
  endloop
endfacet
facet normal 72.509766 190.696716 0.000000
  outer loop
    vertex 171.681870 242.281555 250.000000
    vertex 172.063263 242.136536 -250.000000
    vertex 171.681870 242.281555 -250.000000
  endloop
endfacet
facet normal 72.372437 190.773010 0.000000
  outer loop
    vertex 172.063263 242.136536 250.000000
    vertex 172.444809 241.991791 250.000000
    vertex 172.444809 241.991791 -250.000000
  endloop
endfacet
facet normal 72.372437 190.773010 0.000000
  outer loop
    vertex 172.063263 242.136536 250.000000
    vertex 172.444809 241.991791 -250.000000
    vertex 172.063263 242.136536 -250.000000
  endloop
endfacet
facet normal 72.227478 190.864563 0.000000
  outer loop
    vertex 172.444809 241.991791 250.000000
    vertex 172.826538 241.847336 250.000000
    vertex 172.826538 241.847336 -250.000000
  endloop
endfacet
facet normal 72.227478 190.864563 0.000000
  outer loop
    vertex 172.444809 241.991791 250.000000
    vertex 172.826538 241.847336 -250.000000
    vertex 172.444809 241.991791 -250.000000
  endloop
endfacet
facet normal 72.082520 190.933228 0.000000
  outer loop
    vertex 172.826538 241.847336 250.000000
    vertex 173.208405 241.703171 250.000000
    vertex 173.208405 241.703171 -250.000000
  endloop
endfacet
facet normal 72.082520 190.933228 0.000000
  outer loop
    vertex 172.826538 241.847336 250.000000
    vertex 173.208405 241.703171 -250.000000
    vertex 172.826538 241.847336 -250.000000
  endloop
endfacet
facet normal 71.952820 191.024780 0.000000
  outer loop
    vertex 173.208405 241.703171 250.000000
    vertex 173.590454 241.559265 250.000000
    vertex 173.590454 241.559265 -250.000000
  endloop
endfacet
facet normal 71.952820 191.024780 0.000000
  outer loop
    vertex 173.208405 241.703171 250.000000
    vertex 173.590454 241.559265 -250.000000
    vertex 173.208405 241.703171 -250.000000
  endloop
endfacet
facet normal 71.807861 191.101074 0.000000
  outer loop
    vertex 173.590454 241.559265 250.000000
    vertex 173.972656 241.415649 250.000000
    vertex 173.972656 241.415649 -250.000000
  endloop
endfacet
facet normal 71.807861 191.101074 0.000000
  outer loop
    vertex 173.590454 241.559265 250.000000
    vertex 173.972656 241.415649 -250.000000
    vertex 173.590454 241.559265 -250.000000
  endloop
endfacet
facet normal 71.662903 191.184998 0.000000
  outer loop
    vertex 173.972656 241.415649 250.000000
    vertex 174.355026 241.272324 250.000000
    vertex 174.355026 241.272324 -250.000000
  endloop
endfacet
facet normal 71.662903 191.184998 0.000000
  outer loop
    vertex 173.972656 241.415649 250.000000
    vertex 174.355026 241.272324 -250.000000
    vertex 173.972656 241.415649 -250.000000
  endloop
endfacet
facet normal 71.533203 191.261292 0.000000
  outer loop
    vertex 174.355026 241.272324 250.000000
    vertex 174.737549 241.129257 250.000000
    vertex 174.737549 241.129257 -250.000000
  endloop
endfacet
facet normal 71.533203 191.261292 0.000000
  outer loop
    vertex 174.355026 241.272324 250.000000
    vertex 174.737549 241.129257 -250.000000
    vertex 174.355026 241.272324 -250.000000
  endloop
endfacet
facet normal 71.380615 191.345215 0.000000
  outer loop
    vertex 174.737549 241.129257 250.000000
    vertex 175.120239 240.986496 250.000000
    vertex 175.120239 240.986496 -250.000000
  endloop
endfacet
facet normal 71.380615 191.345215 0.000000
  outer loop
    vertex 174.737549 241.129257 250.000000
    vertex 175.120239 240.986496 -250.000000
    vertex 174.737549 241.129257 -250.000000
  endloop
endfacet
facet normal 71.250916 191.429138 0.000000
  outer loop
    vertex 175.120239 240.986496 250.000000
    vertex 175.503098 240.843994 250.000000
    vertex 175.503098 240.843994 -250.000000
  endloop
endfacet
facet normal 71.250916 191.429138 0.000000
  outer loop
    vertex 175.120239 240.986496 250.000000
    vertex 175.503098 240.843994 -250.000000
    vertex 175.120239 240.986496 -250.000000
  endloop
endfacet
facet normal 71.105957 191.505432 0.000000
  outer loop
    vertex 175.503098 240.843994 250.000000
    vertex 175.886108 240.701782 250.000000
    vertex 175.886108 240.701782 -250.000000
  endloop
endfacet
facet normal 71.105957 191.505432 0.000000
  outer loop
    vertex 175.503098 240.843994 250.000000
    vertex 175.886108 240.701782 -250.000000
    vertex 175.503098 240.843994 -250.000000
  endloop
endfacet
facet normal 70.960999 191.589355 0.000000
  outer loop
    vertex 175.886108 240.701782 250.000000
    vertex 176.269287 240.559860 250.000000
    vertex 176.269287 240.559860 -250.000000
  endloop
endfacet
facet normal 70.960999 191.589355 0.000000
  outer loop
    vertex 175.886108 240.701782 250.000000
    vertex 176.269287 240.559860 -250.000000
    vertex 175.886108 240.701782 -250.000000
  endloop
endfacet
facet normal 70.823669 191.673279 0.000000
  outer loop
    vertex 176.269287 240.559860 250.000000
    vertex 176.652634 240.418213 250.000000
    vertex 176.652634 240.418213 -250.000000
  endloop
endfacet
facet normal 70.823669 191.673279 0.000000
  outer loop
    vertex 176.269287 240.559860 250.000000
    vertex 176.652634 240.418213 -250.000000
    vertex 176.269287 240.559860 -250.000000
  endloop
endfacet
facet normal 70.678711 191.749573 0.000000
  outer loop
    vertex 176.652634 240.418213 250.000000
    vertex 177.036133 240.276855 250.000000
    vertex 177.036133 240.276855 -250.000000
  endloop
endfacet
facet normal 70.678711 191.749573 0.000000
  outer loop
    vertex 176.652634 240.418213 250.000000
    vertex 177.036133 240.276855 -250.000000
    vertex 176.652634 240.418213 -250.000000
  endloop
endfacet
facet normal 70.533752 191.833496 0.000000
  outer loop
    vertex 177.036133 240.276855 250.000000
    vertex 177.419800 240.135788 250.000000
    vertex 177.419800 240.135788 -250.000000
  endloop
endfacet
facet normal 70.533752 191.833496 0.000000
  outer loop
    vertex 177.036133 240.276855 250.000000
    vertex 177.419800 240.135788 -250.000000
    vertex 177.036133 240.276855 -250.000000
  endloop
endfacet
facet normal 70.396423 191.917419 0.000000
  outer loop
    vertex 177.419800 240.135788 250.000000
    vertex 177.803635 239.994995 250.000000
    vertex 177.803635 239.994995 -250.000000
  endloop
endfacet
facet normal 70.396423 191.917419 0.000000
  outer loop
    vertex 177.419800 240.135788 250.000000
    vertex 177.803635 239.994995 -250.000000
    vertex 177.419800 240.135788 -250.000000
  endloop
endfacet
facet normal 70.251465 192.001343 0.000000
  outer loop
    vertex 177.803635 239.994995 250.000000
    vertex 178.187637 239.854492 250.000000
    vertex 178.187637 239.854492 -250.000000
  endloop
endfacet
facet normal 70.251465 192.001343 0.000000
  outer loop
    vertex 177.803635 239.994995 250.000000
    vertex 178.187637 239.854492 -250.000000
    vertex 177.803635 239.994995 -250.000000
  endloop
endfacet
facet normal 70.114136 192.085266 0.000000
  outer loop
    vertex 178.187637 239.854492 250.000000
    vertex 178.571808 239.714264 250.000000
    vertex 178.571808 239.714264 -250.000000
  endloop
endfacet
facet normal 70.114136 192.085266 0.000000
  outer loop
    vertex 178.187637 239.854492 250.000000
    vertex 178.571808 239.714264 -250.000000
    vertex 178.187637 239.854492 -250.000000
  endloop
endfacet
facet normal 69.961548 192.161560 0.000000
  outer loop
    vertex 178.571808 239.714264 250.000000
    vertex 178.956131 239.574341 250.000000
    vertex 178.956131 239.574341 -250.000000
  endloop
endfacet
facet normal 69.961548 192.161560 0.000000
  outer loop
    vertex 178.571808 239.714264 250.000000
    vertex 178.956131 239.574341 -250.000000
    vertex 178.571808 239.714264 -250.000000
  endloop
endfacet
facet normal 69.816589 192.253113 0.000000
  outer loop
    vertex 178.956131 239.574341 250.000000
    vertex 179.340637 239.434708 250.000000
    vertex 179.340637 239.434708 -250.000000
  endloop
endfacet
facet normal 69.816589 192.253113 0.000000
  outer loop
    vertex 178.956131 239.574341 250.000000
    vertex 179.340637 239.434708 -250.000000
    vertex 178.956131 239.574341 -250.000000
  endloop
endfacet
facet normal 69.679260 192.329407 0.000000
  outer loop
    vertex 179.340637 239.434708 250.000000
    vertex 179.725296 239.295349 250.000000
    vertex 179.725296 239.295349 -250.000000
  endloop
endfacet
facet normal 69.679260 192.329407 0.000000
  outer loop
    vertex 179.340637 239.434708 250.000000
    vertex 179.725296 239.295349 -250.000000
    vertex 179.340637 239.434708 -250.000000
  endloop
endfacet
facet normal 69.526672 192.420959 0.000000
  outer loop
    vertex 179.725296 239.295349 250.000000
    vertex 180.110138 239.156296 250.000000
    vertex 180.110138 239.156296 -250.000000
  endloop
endfacet
facet normal 69.526672 192.420959 0.000000
  outer loop
    vertex 179.725296 239.295349 250.000000
    vertex 180.110138 239.156296 -250.000000
    vertex 179.725296 239.295349 -250.000000
  endloop
endfacet
facet normal 69.389343 192.497253 0.000000
  outer loop
    vertex 180.110138 239.156296 250.000000
    vertex 180.495132 239.017517 250.000000
    vertex 180.495132 239.017517 -250.000000
  endloop
endfacet
facet normal 69.389343 192.497253 0.000000
  outer loop
    vertex 180.110138 239.156296 250.000000
    vertex 180.495132 239.017517 -250.000000
    vertex 180.110138 239.156296 -250.000000
  endloop
endfacet
facet normal 69.236755 192.588806 0.000000
  outer loop
    vertex 180.495132 239.017517 250.000000
    vertex 180.880310 238.879044 250.000000
    vertex 180.880310 238.879044 -250.000000
  endloop
endfacet
facet normal 69.236755 192.588806 0.000000
  outer loop
    vertex 180.495132 239.017517 250.000000
    vertex 180.880310 238.879044 -250.000000
    vertex 180.495132 239.017517 -250.000000
  endloop
endfacet
facet normal 69.084167 192.665100 0.000000
  outer loop
    vertex 180.880310 238.879044 250.000000
    vertex 181.265640 238.740875 250.000000
    vertex 181.265640 238.740875 -250.000000
  endloop
endfacet
facet normal 69.084167 192.665100 0.000000
  outer loop
    vertex 180.880310 238.879044 250.000000
    vertex 181.265640 238.740875 -250.000000
    vertex 180.880310 238.879044 -250.000000
  endloop
endfacet
facet normal 68.946838 192.756653 0.000000
  outer loop
    vertex 181.265640 238.740875 250.000000
    vertex 181.651154 238.602982 250.000000
    vertex 181.651154 238.602982 -250.000000
  endloop
endfacet
facet normal 68.946838 192.756653 0.000000
  outer loop
    vertex 181.265640 238.740875 250.000000
    vertex 181.651154 238.602982 -250.000000
    vertex 181.265640 238.740875 -250.000000
  endloop
endfacet
facet normal 68.786621 192.848206 0.000000
  outer loop
    vertex 181.651154 238.602982 250.000000
    vertex 182.036850 238.465408 250.000000
    vertex 182.036850 238.465408 -250.000000
  endloop
endfacet
facet normal 68.786621 192.848206 0.000000
  outer loop
    vertex 181.651154 238.602982 250.000000
    vertex 182.036850 238.465408 -250.000000
    vertex 181.651154 238.602982 -250.000000
  endloop
endfacet
facet normal 68.649292 192.924500 0.000000
  outer loop
    vertex 182.036850 238.465408 250.000000
    vertex 182.422699 238.328110 250.000000
    vertex 182.422699 238.328110 -250.000000
  endloop
endfacet
facet normal 68.649292 192.924500 0.000000
  outer loop
    vertex 182.036850 238.465408 250.000000
    vertex 182.422699 238.328110 -250.000000
    vertex 182.036850 238.465408 -250.000000
  endloop
endfacet
facet normal 68.489075 193.016052 0.000000
  outer loop
    vertex 182.422699 238.328110 250.000000
    vertex 182.808731 238.191132 250.000000
    vertex 182.808731 238.191132 -250.000000
  endloop
endfacet
facet normal 68.489075 193.016052 0.000000
  outer loop
    vertex 182.422699 238.328110 250.000000
    vertex 182.808731 238.191132 -250.000000
    vertex 182.422699 238.328110 -250.000000
  endloop
endfacet
facet normal 68.344116 193.107605 0.000000
  outer loop
    vertex 182.808731 238.191132 250.000000
    vertex 183.194946 238.054443 250.000000
    vertex 183.194946 238.054443 -250.000000
  endloop
endfacet
facet normal 68.344116 193.107605 0.000000
  outer loop
    vertex 182.808731 238.191132 250.000000
    vertex 183.194946 238.054443 -250.000000
    vertex 182.808731 238.191132 -250.000000
  endloop
endfacet
facet normal 68.191528 193.183899 0.000000
  outer loop
    vertex 183.194946 238.054443 250.000000
    vertex 183.581314 237.918060 250.000000
    vertex 183.581314 237.918060 -250.000000
  endloop
endfacet
facet normal 68.191528 193.183899 0.000000
  outer loop
    vertex 183.194946 238.054443 250.000000
    vertex 183.581314 237.918060 -250.000000
    vertex 183.194946 238.054443 -250.000000
  endloop
endfacet
facet normal 68.031311 193.283081 0.000000
  outer loop
    vertex 183.581314 237.918060 250.000000
    vertex 183.967880 237.781998 250.000000
    vertex 183.967880 237.781998 -250.000000
  endloop
endfacet
facet normal 68.031311 193.283081 0.000000
  outer loop
    vertex 183.581314 237.918060 250.000000
    vertex 183.967880 237.781998 -250.000000
    vertex 183.581314 237.918060 -250.000000
  endloop
endfacet
facet normal 67.886353 193.367004 0.000000
  outer loop
    vertex 183.967880 237.781998 250.000000
    vertex 184.354614 237.646225 250.000000
    vertex 184.354614 237.646225 -250.000000
  endloop
endfacet
facet normal 67.886353 193.367004 0.000000
  outer loop
    vertex 183.967880 237.781998 250.000000
    vertex 184.354614 237.646225 -250.000000
    vertex 183.967880 237.781998 -250.000000
  endloop
endfacet
facet normal 67.726135 193.458557 0.000000
  outer loop
    vertex 184.354614 237.646225 250.000000
    vertex 184.741531 237.510773 250.000000
    vertex 184.741531 237.510773 -250.000000
  endloop
endfacet
facet normal 67.726135 193.458557 0.000000
  outer loop
    vertex 184.354614 237.646225 250.000000
    vertex 184.741531 237.510773 -250.000000
    vertex 184.354614 237.646225 -250.000000
  endloop
endfacet
facet normal 67.573547 193.542480 0.000000
  outer loop
    vertex 184.741531 237.510773 250.000000
    vertex 185.128616 237.375626 250.000000
    vertex 185.128616 237.375626 -250.000000
  endloop
endfacet
facet normal 67.573547 193.542480 0.000000
  outer loop
    vertex 184.741531 237.510773 250.000000
    vertex 185.128616 237.375626 -250.000000
    vertex 184.741531 237.510773 -250.000000
  endloop
endfacet
facet normal 67.420959 193.641663 0.000000
  outer loop
    vertex 185.128616 237.375626 250.000000
    vertex 185.515900 237.240784 250.000000
    vertex 185.515900 237.240784 -250.000000
  endloop
endfacet
facet normal 67.420959 193.641663 0.000000
  outer loop
    vertex 185.128616 237.375626 250.000000
    vertex 185.515900 237.240784 -250.000000
    vertex 185.128616 237.375626 -250.000000
  endloop
endfacet
facet normal 67.260742 193.725586 0.000000
  outer loop
    vertex 185.515900 237.240784 250.000000
    vertex 185.903351 237.106262 250.000000
    vertex 185.903351 237.106262 -250.000000
  endloop
endfacet
facet normal 67.260742 193.725586 0.000000
  outer loop
    vertex 185.515900 237.240784 250.000000
    vertex 185.903351 237.106262 -250.000000
    vertex 185.515900 237.240784 -250.000000
  endloop
endfacet
facet normal 67.100525 193.817139 0.000000
  outer loop
    vertex 185.903351 237.106262 250.000000
    vertex 186.290985 236.972061 250.000000
    vertex 186.290985 236.972061 -250.000000
  endloop
endfacet
facet normal 67.100525 193.817139 0.000000
  outer loop
    vertex 185.903351 237.106262 250.000000
    vertex 186.290985 236.972061 -250.000000
    vertex 185.903351 237.106262 -250.000000
  endloop
endfacet
facet normal 66.940308 193.908691 0.000000
  outer loop
    vertex 186.290985 236.972061 250.000000
    vertex 186.678802 236.838181 250.000000
    vertex 186.678802 236.838181 -250.000000
  endloop
endfacet
facet normal 66.940308 193.908691 0.000000
  outer loop
    vertex 186.290985 236.972061 250.000000
    vertex 186.678802 236.838181 -250.000000
    vertex 186.290985 236.972061 -250.000000
  endloop
endfacet
facet normal 66.780090 194.007874 0.000000
  outer loop
    vertex 186.678802 236.838181 250.000000
    vertex 187.066818 236.704620 250.000000
    vertex 187.066818 236.704620 -250.000000
  endloop
endfacet
facet normal 66.780090 194.007874 0.000000
  outer loop
    vertex 186.678802 236.838181 250.000000
    vertex 187.066818 236.704620 -250.000000
    vertex 186.678802 236.838181 -250.000000
  endloop
endfacet
facet normal 66.619873 194.099426 0.000000
  outer loop
    vertex 187.066818 236.704620 250.000000
    vertex 187.455017 236.571381 250.000000
    vertex 187.455017 236.571381 -250.000000
  endloop
endfacet
facet normal 66.619873 194.099426 0.000000
  outer loop
    vertex 187.066818 236.704620 250.000000
    vertex 187.455017 236.571381 -250.000000
    vertex 187.066818 236.704620 -250.000000
  endloop
endfacet
facet normal 66.452026 194.190979 0.000000
  outer loop
    vertex 187.455017 236.571381 250.000000
    vertex 187.843399 236.438477 250.000000
    vertex 187.843399 236.438477 -250.000000
  endloop
endfacet
facet normal 66.452026 194.190979 0.000000
  outer loop
    vertex 187.455017 236.571381 250.000000
    vertex 187.843399 236.438477 -250.000000
    vertex 187.455017 236.571381 -250.000000
  endloop
endfacet
facet normal 66.291809 194.282532 0.000000
  outer loop
    vertex 187.843399 236.438477 250.000000
    vertex 188.231964 236.305893 250.000000
    vertex 188.231964 236.305893 -250.000000
  endloop
endfacet
facet normal 66.291809 194.282532 0.000000
  outer loop
    vertex 187.843399 236.438477 250.000000
    vertex 188.231964 236.305893 -250.000000
    vertex 187.843399 236.438477 -250.000000
  endloop
endfacet
facet normal 66.123962 194.381714 0.000000
  outer loop
    vertex 188.231964 236.305893 250.000000
    vertex 188.620728 236.173645 250.000000
    vertex 188.620728 236.173645 -250.000000
  endloop
endfacet
facet normal 66.123962 194.381714 0.000000
  outer loop
    vertex 188.231964 236.305893 250.000000
    vertex 188.620728 236.173645 -250.000000
    vertex 188.231964 236.305893 -250.000000
  endloop
endfacet
facet normal 65.963745 194.480896 0.000000
  outer loop
    vertex 188.620728 236.173645 250.000000
    vertex 189.009689 236.041718 250.000000
    vertex 189.009689 236.041718 -250.000000
  endloop
endfacet
facet normal 65.963745 194.480896 0.000000
  outer loop
    vertex 188.620728 236.173645 250.000000
    vertex 189.009689 236.041718 -250.000000
    vertex 188.620728 236.173645 -250.000000
  endloop
endfacet
facet normal 65.788269 194.572449 0.000000
  outer loop
    vertex 189.009689 236.041718 250.000000
    vertex 189.398834 235.910141 250.000000
    vertex 189.398834 235.910141 -250.000000
  endloop
endfacet
facet normal 65.788269 194.572449 0.000000
  outer loop
    vertex 189.009689 236.041718 250.000000
    vertex 189.398834 235.910141 -250.000000
    vertex 189.009689 236.041718 -250.000000
  endloop
endfacet
facet normal 65.628052 194.671631 0.000000
  outer loop
    vertex 189.398834 235.910141 250.000000
    vertex 189.788177 235.778885 250.000000
    vertex 189.788177 235.778885 -250.000000
  endloop
endfacet
facet normal 65.628052 194.671631 0.000000
  outer loop
    vertex 189.398834 235.910141 250.000000
    vertex 189.788177 235.778885 -250.000000
    vertex 189.398834 235.910141 -250.000000
  endloop
endfacet
facet normal 65.452576 194.770813 0.000000
  outer loop
    vertex 189.788177 235.778885 250.000000
    vertex 190.177719 235.647980 250.000000
    vertex 190.177719 235.647980 -250.000000
  endloop
endfacet
facet normal 65.452576 194.770813 0.000000
  outer loop
    vertex 189.788177 235.778885 250.000000
    vertex 190.177719 235.647980 -250.000000
    vertex 189.788177 235.778885 -250.000000
  endloop
endfacet
facet normal 65.277100 194.877625 0.000000
  outer loop
    vertex 190.177719 235.647980 250.000000
    vertex 190.567474 235.517426 250.000000
    vertex 190.567474 235.517426 -250.000000
  endloop
endfacet
facet normal 65.277100 194.877625 0.000000
  outer loop
    vertex 190.177719 235.647980 250.000000
    vertex 190.567474 235.517426 -250.000000
    vertex 190.177719 235.647980 -250.000000
  endloop
endfacet
facet normal 65.109253 194.969177 0.000000
  outer loop
    vertex 190.567474 235.517426 250.000000
    vertex 190.957413 235.387207 250.000000
    vertex 190.957413 235.387207 -250.000000
  endloop
endfacet
facet normal 65.109253 194.969177 0.000000
  outer loop
    vertex 190.567474 235.517426 250.000000
    vertex 190.957413 235.387207 -250.000000
    vertex 190.567474 235.517426 -250.000000
  endloop
endfacet
facet normal 64.933777 195.068359 0.000000
  outer loop
    vertex 190.957413 235.387207 250.000000
    vertex 191.347549 235.257339 250.000000
    vertex 191.347549 235.257339 -250.000000
  endloop
endfacet
facet normal 64.933777 195.068359 0.000000
  outer loop
    vertex 190.957413 235.387207 250.000000
    vertex 191.347549 235.257339 -250.000000
    vertex 190.957413 235.387207 -250.000000
  endloop
endfacet
facet normal 64.750671 195.175171 0.000000
  outer loop
    vertex 191.347549 235.257339 250.000000
    vertex 191.737900 235.127838 250.000000
    vertex 191.737900 235.127838 -250.000000
  endloop
endfacet
facet normal 64.750671 195.175171 0.000000
  outer loop
    vertex 191.347549 235.257339 250.000000
    vertex 191.737900 235.127838 -250.000000
    vertex 191.347549 235.257339 -250.000000
  endloop
endfacet
facet normal 64.582825 195.274353 0.000000
  outer loop
    vertex 191.737900 235.127838 250.000000
    vertex 192.128448 234.998672 250.000000
    vertex 192.128448 234.998672 -250.000000
  endloop
endfacet
facet normal 64.582825 195.274353 0.000000
  outer loop
    vertex 191.737900 235.127838 250.000000
    vertex 192.128448 234.998672 -250.000000
    vertex 191.737900 235.127838 -250.000000
  endloop
endfacet
facet normal 64.399719 195.373535 0.000000
  outer loop
    vertex 192.128448 234.998672 250.000000
    vertex 192.519196 234.869873 250.000000
    vertex 192.519196 234.869873 -250.000000
  endloop
endfacet
facet normal 64.399719 195.373535 0.000000
  outer loop
    vertex 192.128448 234.998672 250.000000
    vertex 192.519196 234.869873 -250.000000
    vertex 192.128448 234.998672 -250.000000
  endloop
endfacet
facet normal 55.046082 189.872742 0.000000
  outer loop
    vertex 192.519196 234.869873 250.000000
    vertex 192.898941 234.759781 250.000000
    vertex 192.898941 234.759781 -250.000000
  endloop
endfacet
facet normal 55.046082 189.872742 0.000000
  outer loop
    vertex 192.519196 234.869873 250.000000
    vertex 192.898941 234.759781 -250.000000
    vertex 192.519196 234.869873 -250.000000
  endloop
endfacet
facet normal -13.389587 148.246765 0.000000
  outer loop
    vertex 192.898941 234.759781 250.000000
    vertex 193.195435 234.786560 250.000000
    vertex 193.195435 234.786560 -250.000000
  endloop
endfacet
facet normal -13.389587 148.246765 0.000000
  outer loop
    vertex 192.898941 234.759781 250.000000
    vertex 193.195435 234.786560 -250.000000
    vertex 192.898941 234.759781 -250.000000
  endloop
endfacet
facet normal -92.369080 100.166321 0.000000
  outer loop
    vertex 193.195435 234.786560 250.000000
    vertex 193.395767 234.971298 250.000000
    vertex 193.395767 234.971298 -250.000000
  endloop
endfacet
facet normal -92.369080 100.166321 0.000000
  outer loop
    vertex 193.195435 234.786560 250.000000
    vertex 193.395767 234.971298 -250.000000
    vertex 193.195435 234.786560 -250.000000
  endloop
endfacet
endsolid VAWT3.stl
